rnum,crpstDsgnRegistId,cropsSpchcknCode,exprYear,exprAreaCode,spciesCode,examForm,pajong,exam1,exam2,exam3,exam4,exam5,exam6,exam7,examinTmrd,srchExaminTmrd,exprSpchcknCode,areaNm,sortSn,totCnt,areaNm_full,spciesNm
1,00122017001870,001,2017,0352,R32006,1,2017-05-10,717,92.2,29.2,597,83.2,24.2,549,9,9,002,나주,3,76,나주(전라남도 농업기술원),일미벼
2,00122017001869,001,2017,0352,R32011,1,2017-05-10,714,88.1,27.4,594,83.1,22.7,546,9,9,002,나주,3,76,나주(전라남도 농업기술원),남평벼
3,00122017001866,001,2017,0352,R32081,1,2017-05-10,724,89.9,27.4,605,83.6,22.9,557,9,9,002,나주,3,76,나주(전라남도 농업기술원),미품
4,00122017001867,001,2017,0352,R32084,1,2017-05-10,770,86,31.2,639,83.1,25.9,588,9,9,002,나주,3,76,나주(전라남도 농업기술원),새누리
5,00122017001868,001,2017,0352,R32090,1,2017-05-10,714,90.6,27.8,596,83.5,23.2,549,9,9,002,나주,3,76,나주(전라남도 농업기술원),호평
6,00122017001865,001,2017,0352,R32092,1,2017-05-10,773,89.7,29.5,645,83.5,24.6,594,9,9,002,나주,3,76,나주(전라남도 농업기술원),현품
7,00122017001875,001,2017,0340,R22009,1,2017-04-30,844,91.6,27.2,704,83.5,23.9,648,9,9,002,대구,4,76,대구(경상북도 농업기술원),화영벼
8,00122017001873,001,2017,0340,R22083,1,2017-04-30,829,95.2,25.9,686,82.8,22.4,631,9,9,002,대구,4,76,대구(경상북도 농업기술원),삼덕
9,00122017001874,001,2017,0340,R32001,1,2017-04-30,795,92.6,26.8,659,82.9,23.8,606,9,9,002,대구,4,76,대구(경상북도 농업기술원),일품벼
10,00122017001872,001,2017,0340,R32015,1,2017-04-30,794,96.3,26.1,623,83.5,22.4,610,9,9,002,대구,4,76,대구(경상북도 농업기술원),새추청
11,00122017001871,001,2017,0340,R32093,1,2017-04-30,852,95.9,25.9,710,83.3,22.8,653,9,9,002,대구,4,76,대구(경상북도 농업기술원),새일미
12,00122017001885,001,2017,0335,R22009,1,2017-05-10,656,93.4,28.7,541,82.6,24,498,9,9,002,진주,6,76,진주(경상남도 농업기술원),화영벼
13,00122017001883,001,2017,0335,R32008,1,2017-05-10,681,94.2,29.7,541,82.5,24.4,516,9,9,002,진주,6,76,진주(경상남도 농업기술원),동안벼
14,00122017001881,001,2017,0335,R32068,1,2017-05-10,702,89.1,29.8,572,81.4,25.2,526,9,9,002,진주,6,76,진주(경상남도 농업기술원),동진1호
15,00122017001882,001,2017,0335,R32069,1,2017-05-10,664,93.5,29.3,550,82.6,24.5,506,9,9,002,진주,6,76,진주(경상남도 농업기술원),주남
16,00122017001884,001,2017,0335,R32093,1,2017-05-10,710,95.6,27.4,586,82.7,22.5,539,9,9,002,진주,6,76,진주(경상남도 농업기술원),새일미
17,00122017001822,001,2017,0343,R11073,1,2017-04-30,839,87.1,26.3,705,84.1,22.5,649,9,9,002,계화,8,76,계화(국립식량과학원),새계화
18,00122017001818,001,2017,0331,R12004,1,2017-04-20,733,95.6,26.7,608,83,23.8,560,9,9,002,철원,8,76,철원(국립식량과학원),진부벼
19,00122017001825,001,2017,0330,R12004,1,2017-04-20,764,95.2,30.5,629,82.3,25.2,578,9,9,002,운봉,8,76,운봉(국립식량과학원),진부벼
20,00122017001888,001,2017,0336,R12004,1,2017-04-20,768,97.7,26.3,647,84.2,21.7,595,9,9,002,진부,8,76,진부(국립식량과학원),진부벼
21,00122017001837,001,2017,0329,R12005,1,2017-04-25,823,82.1,24.8,684,83.1,21,593,9,9,002,상주,8,76,상주(국립식량과학원),상주벼
22,00122017001848,001,2017,0337,R12005,1,2017-04-20,599,77.8,23.1,507,83.7,20.5,466,9,9,002,제천,8,76,제천(충청북도 농업기술원),상주벼
23,00122017001849,001,2017,0337,R12016,1,2017-04-20,608,91.2,26.4,509,84.1,23.6,468,9,9,002,제천,8,76,제천(충청북도 농업기술원),상미
24,00122017001824,001,2017,0330,R12019,1,2017-04-20,796,84.4,28.3,641,80.5,23.1,590,9,9,002,운봉,8,76,운봉(국립식량과학원),삼천벼
25,00122017001817,001,2017,0331,R12072,1,2017-04-20,760,89.6,24.7,623,81.9,21,573,9,9,002,철원,8,76,철원(국립식량과학원),태봉
26,00122017001816,001,2017,0331,R12079,1,2017-04-20,852,83.2,27.3,687,80.7,24.1,632,9,9,002,철원,8,76,철원(국립식량과학원),운광
27,00122017001823,001,2017,0330,R12079,1,2017-04-20,906,83.8,28.6,742,81.9,24,682,9,9,002,운봉,8,76,운봉(국립식량과학원),운광
28,00122017001836,001,2017,0329,R12079,1,2017-04-25,923,81.3,27.5,757,82,23.3,661,9,9,002,상주,8,76,상주(국립식량과학원),운광
29,00122017001841,001,2017,0333,R12079,1,2017-04-25,730,80.5,28.5,600,82.2,23.7,552,9,9,002,춘천,8,76,춘천(강원특별자치도 농업기술원),운광
30,00122017001844,001,2017,0344,R12079,1,2017-04-20,824,85.4,27,683,82.9,23,628,9,9,002,강릉,8,76,강릉(강원특별자치도 농업기술원),운광
31,00122017001847,001,2017,0337,R12079,1,2017-04-20,694,77.6,28.9,588,84.2,23.3,541,9,9,002,제천,8,76,제천(충청북도 농업기술원),운광
32,00122017001879,001,2017,0351,R12079,1,2017-04-20,816,95.7,26.8,673,82.6,21.6,620,9,9,002,안동,8,76,안동(경상북도 농업기술원),운광
33,00122017001815,001,2017,0331,R12080,1,2017-04-20,713,91.2,24.6,588,82.5,21.3,541,9,9,002,철원,8,76,철원(국립식량과학원),조운
34,00122017001835,001,2017,0329,R12085,1,2017-04-25,860,89.1,25.7,711,82.7,21.7,618,9,9,002,상주,8,76,상주(국립식량과학원),설레미
35,00122017001843,001,2017,0344,R12086,1,2017-04-20,762,90.5,27.5,630,82.7,22.8,579,9,9,002,강릉,8,76,강릉(강원특별자치도 농업기술원),오대1호
36,00122017001886,001,2017,0336,R12092,1,2017-04-20,835,96.5,26.7,708,84.8,22,651,9,9,002,진부,8,76,진부(국립식량과학원),한설
37,00122017001845,001,2017,0344,R12093,1,2017-04-20,713,84.1,25,592,83.1,21.3,545,9,9,002,강릉,8,76,강릉(강원특별자치도 농업기술원),오륜
38,00122017001814,001,2017,0331,R13002,1,2017-04-20,719,90.9,29.3,587,81.6,25.9,540,9,9,002,철원,8,76,철원(국립식량과학원),오대벼
39,00122017001826,001,2017,0330,R13002,1,2017-04-20,786,89,31.9,638,81.2,26.3,587,9,9,002,운봉,8,76,운봉(국립식량과학원),오대벼
40,00122017001830,001,2017,0332,R13002,1,2017-04-20,568,76.5,29.6,477,84,25.4,438,9,9,002,화성,8,76,화성(경기도 경기도농업기술원),오대벼
41,00122017001838,001,2017,0329,R13002,1,2017-04-25,813,85.3,30.1,662,81.5,26,574,9,9,002,상주,8,76,상주(국립식량과학원),오대벼
42,00122017001842,001,2017,0333,R13002,1,2017-04-25,642,79.2,32,522,81.3,26,481,9,9,002,춘천,8,76,춘천(강원특별자치도 농업기술원),오대벼
43,00122017001846,001,2017,0344,R13002,1,2017-04-20,709,83,30,582,82.1,25.7,535,9,9,002,강릉,8,76,강릉(강원특별자치도 농업기술원),오대벼
44,00122017001850,001,2017,0337,R13002,1,2017-04-20,644,86.5,29.7,538,84.2,25.9,495,9,9,002,제천,8,76,제천(충청북도 농업기술원),오대벼
45,00122017001880,001,2017,0351,R13002,1,2017-04-20,919,86.6,31.1,744,80.9,25.2,684,9,9,002,안동,8,76,안동(경상북도 농업기술원),오대벼
46,00122017001889,001,2017,0336,R13002,1,2017-04-20,721,97.6,26,603,83.7,22,556,9,9,002,진부,8,76,진부(국립식량과학원),오대벼
47,00122017001887,001,2017,0336,R13003,1,2017-04-20,832,94.2,26.7,704,84.6,21.7,648,9,9,002,진부,8,76,진부(국립식량과학원),진부올벼
48,00122017001833,001,2017,0338,R22009,1,2017-04-20,797,93.3,28.5,664,83.3,23.2,611,9,9,002,영덕,8,76,영덕(국립식량과학원),화영벼
49,00122017001832,001,2017,0338,R22083,1,2017-04-20,847,88.5,26.3,702,82.9,21.4,646,9,9,002,영덕,8,76,영덕(국립식량과학원),삼덕
50,00122017001834,001,2017,0338,R23004,1,2017-04-20,780,87.6,27.3,648,83,21.9,596,9,9,002,영덕,8,76,영덕(국립식량과학원),화성벼
51,00122017001839,001,2017,0333,R32001,1,2017-04-25,697,82.5,27.5,573,82.3,22.7,528,9,9,002,춘천,8,76,춘천(강원특별자치도 농업기술원),일품벼
52,00122017001852,001,2017,2325,R32001,1,2017-04-25,724,96,24.9,589,81.4,22.7,542,9,9,002,청원,8,76,청원(충청북도 농업기술원),일품벼
53,00122017001877,001,2017,0351,R32001,1,2017-04-20,890,95.7,27.4,736,82.7,22.8,678,9,9,002,안동,8,76,안동(경상북도 농업기술원),일품벼
54,00122017001829,001,2017,0332,R32003,1,2017-04-20,704,82.1,29.9,597,84.8,25.3,549,9,9,002,화성,8,76,화성(경기도 경기도농업기술원),대안벼
55,00122017001840,001,2017,0333,R32003,1,2017-04-25,720,87.3,31,598,83,26.3,550,9,9,002,춘천,8,76,춘천(강원특별자치도 농업기술원),대안벼
56,00122017001853,001,2017,2325,R32003,1,2017-04-25,678,93.2,29.2,555,81.9,24.5,511,9,9,002,청원,8,76,청원(충청북도 농업기술원),대안벼
57,00122017001864,001,2017,0326,R32006,1,2017-04-30,706,93.6,27.4,579,82,22.3,533,9,9,002,익산,8,76,익산(전북특별자치도 농업기술원),일미벼
58,00122017001820,001,2017,0343,R32011,1,2017-04-30,803,87.8,24.9,673,83.7,22.3,619,9,9,002,계화,8,76,계화(국립식량과학원),남평벼
59,00122017001831,001,2017,0338,R32011,1,2017-04-20,762,95.9,25.4,629,82.5,20.7,579,9,9,002,영덕,8,76,영덕(국립식량과학원),남평벼
60,00122017001856,001,2017,0350,R32011,1,2017-04-25,798,87.4,27.6,662,82.9,22.6,609,9,9,002,예산,8,76,예산(충청남도 농업기술원),남평벼
61,00122017001862,001,2017,0326,R32011,1,2017-04-30,708,91.3,25.6,573,80.9,20.9,527,9,9,002,익산,8,76,익산(전북특별자치도 농업기술원),남평벼
62,00122017001878,001,2017,0351,R32015,1,2017-04-20,959,92.6,27.9,789,82.3,22.1,726,9,9,002,안동,8,76,안동(경상북도 농업기술원),새추청
63,00122017001863,001,2017,0326,R32016,1,2017-04-30,718,90.5,32.7,594,82.7,27.1,546,9,9,002,익산,8,76,익산(전북특별자치도 농업기술원),신동진
64,00122017001819,001,2017,0343,R32068,1,2017-04-30,845,82.6,26.1,712,84.2,23.6,655,9,9,002,계화,8,76,계화(국립식량과학원),동진1호
65,00122017001828,001,2017,0332,R32082,1,2017-04-20,727,81.6,27,621,85.5,21.3,572,9,9,002,화성,8,76,화성(경기도 경기도농업기술원),삼광
66,00122017001851,001,2017,2325,R32082,1,2017-04-25,759,92.7,25.8,625,82.4,22,575,9,9,002,청원,8,76,청원(충청북도 농업기술원),삼광
67,00122017001859,001,2017,0350,R32082,1,2017-04-25,819,90.2,28.4,693,84.6,23.7,638,9,9,002,예산,8,76,예산(충청남도 농업기술원),삼광
68,00122017001855,001,2017,0350,R32084,1,2017-04-25,782,86.2,28.6,646,82.6,24,594,9,9,002,예산,8,76,예산(충청남도 농업기술원),새누리
69,00122017001860,001,2017,0326,R32084,1,2017-04-30,714,91.3,28.6,583,81.7,23.5,536,9,9,002,익산,8,76,익산(전북특별자치도 농업기술원),새누리
70,00122017001821,001,2017,0343,R32088,1,2017-04-30,899,87.2,26.7,764,85,23.5,703,9,9,002,계화,8,76,계화(국립식량과학원),청호
71,00122017001858,001,2017,0350,R32091,1,2017-04-25,891,82.9,30,753,84.5,25.5,693,9,9,002,예산,8,76,예산(충청남도 농업기술원),호품
72,00122017001861,001,2017,0326,R32091,1,2017-04-30,722,91.1,28,592,82,23,545,9,9,002,익산,8,76,익산(전북특별자치도 농업기술원),호품
73,00122017001876,001,2017,0351,R32093,1,2017-04-20,931,89.9,28.2,759,81.5,23.4,698,9,9,002,안동,8,76,안동(경상북도 농업기술원),새일미
74,00122017001827,001,2017,0332,R33009,1,2017-04-20,641,85.3,25.6,540,84.3,23.9,497,9,9,002,화성,8,76,화성(경기도 경기도농업기술원),추청
75,00122017001854,001,2017,2325,R33009,1,2017-04-25,624,94.7,27,509,81.6,21.5,468,9,9,002,청원,8,76,청원(충청북도 농업기술원),추청
76,00122017001857,001,2017,0350,R33009,1,2017-04-25,752,90,26.8,629,83.6,22.4,579,9,9,002,예산,8,76,예산(충청남도 농업기술원),추청
1,00122018001941,001,2018,0352,R32006,1,2018-05-10,684,91.2,27.8,562,82.2,22.9,517,9,9,002,나주,3,75,나주(전라남도 농업기술원),일미벼
2,00122018001944,001,2018,0352,R32081,1,2018-05-10,695,88.1,27,565,81.3,21.9,520,9,9,002,나주,3,75,나주(전라남도 농업기술원),미품
3,00122018001943,001,2018,0352,R32084,1,2018-05-10,728,84.9,29.5,598,82.1,24.2,550,9,9,002,나주,3,75,나주(전라남도 농업기술원),새누리
4,00122018001942,001,2018,0352,R32090,1,2018-05-10,668,88.1,25.6,554,83,21.2,510,9,9,002,나주,3,75,나주(전라남도 농업기술원),호평
5,00122018001945,001,2018,0352,R32092,1,2018-05-10,754,86.8,28.8,624,82.8,23.9,574,9,9,002,나주,3,75,나주(전라남도 농업기술원),현품
6,00122018001946,001,2018,0340,R22009,1,2018-04-30,717.6,87.3,26.9,597,83.2,22.8,549.2,9,9,002,대구,4,75,대구(경상북도 농업기술원),화영벼
7,00122018001948,001,2018,0340,R22083,1,2018-04-30,682.5,83.1,26.2,563.7,82.6,21.6,518.6,9,9,002,대구,4,75,대구(경상북도 농업기술원),삼덕
8,00122018001947,001,2018,0340,R32001,1,2018-04-30,809.8,83.3,26.1,672.7,83.1,22.5,618.8,9,9,002,대구,4,75,대구(경상북도 농업기술원),일품벼
9,00122018001949,001,2018,0340,R32082,1,2018-04-30,804.6,84.7,26.1,672.7,83.6,22.2,618.9,9,9,002,대구,4,75,대구(경상북도 농업기술원),삼광
10,00122018001950,001,2018,0340,R32093,1,2018-04-30,839.4,87.4,26.8,701.8,83.6,22,645.7,9,9,002,대구,4,75,대구(경상북도 농업기술원),새일미
11,00122018001956,001,2018,0335,R22009,1,2018-05-10,637.8,91.2,27.1,513,80.5,23.1,472,9,9,002,진주,6,75,진주(경상남도 농업기술원),화영벼
12,00122018001958,001,2018,0335,R32008,1,2018-05-10,706.7,90.5,29.2,572.6,80.9,24.6,526.8,9,9,002,진주,6,75,진주(경상남도 농업기술원),동안벼
13,00122018001960,001,2018,0335,R32068,1,2018-05-10,700.7,88.2,27.5,562.9,80.3,23.2,517.8,9,9,002,진주,6,75,진주(경상남도 농업기술원),동진1호
14,00122018001959,001,2018,0335,R32069,1,2018-05-10,567.2,84.9,26.3,453.6,79.8,21.4,417.3,9,9,002,진주,6,75,진주(경상남도 농업기술원),주남
15,00122018001957,001,2018,0335,R32093,1,2018-05-10,668.6,94.3,26.9,545.1,81.5,21.6,501.5,9,9,002,진주,6,75,진주(경상남도 농업기술원),새일미
16,00122018001893,001,2018,0331,R12004,1,2018-04-20,758,91.7,27.7,623,82.2,21.9,573,9,9,002,철원,8,75,철원(국립식량과학원),진부벼
17,00122018001901,001,2018,0330,R12004,1,2018-04-20,834,92.3,29.2,698,83.6,24.5,642,9,9,002,운봉,8,75,운봉(국립식량과학원),진부벼
18,00122018001962,001,2018,0336,R12004,1,2018-04-20,763,83.9,26.3,638,83.6,22.1,587,9,9,002,진부,8,75,진부(국립식량과학원),진부벼
19,00122018001905,001,2018,0329,R12005,1,2018-04-25,724,88.2,24.1,592,81.8,20.1,544,9,9,002,상주,8,75,상주(국립식량과학원),상주벼
20,00122018001929,001,2018,0337,R12005,1,2018-04-20,602.3,83.2,23.4,485,80.5,20.9,446.2,9,9,002,제천,8,75,제천(충청북도 농업기술원),상주벼
21,00122018001928,001,2018,0337,R12016,1,2018-04-20,620,91.9,27.1,515.5,83.1,23.2,474.2,9,9,002,제천,8,75,제천(충청북도 농업기술원),상미
22,00122018001900,001,2018,0330,R12019,1,2018-04-20,876,90.4,27.6,732,83.6,22.9,674,9,9,002,운봉,8,75,운봉(국립식량과학원),삼천벼
23,00122018001892,001,2018,0331,R12072,1,2018-04-20,775,88.2,26,641,82.7,20.6,590,9,9,002,철원,8,75,철원(국립식량과학원),태봉
24,00122018001891,001,2018,0331,R12079,1,2018-04-20,860,92.2,28.7,706,82.1,22.7,650,9,9,002,철원,8,75,철원(국립식량과학원),운광
25,00122018001899,001,2018,0330,R12079,1,2018-04-20,931,88.7,26.3,776,83.3,22.4,714,9,9,002,운봉,8,75,운봉(국립식량과학원),운광
26,00122018001904,001,2018,0329,R12079,1,2018-04-25,801,87.4,26,650,81.1,22.1,598,9,9,002,상주,8,75,상주(국립식량과학원),운광
27,00122018001917,001,2018,0333,R12079,1,2018-04-25,856,91.5,26.5,700,81.8,22.5,644,9,9,002,춘천,8,75,춘천(강원특별자치도 농업기술원),운광
28,00122018001921,001,2018,0344,R12079,1,2018-04-20,814.7,88.9,26.8,666.3,81.8,23.1,613,9,9,002,강릉,8,75,강릉(강원특별자치도 농업기술원),운광
29,00122018001930,001,2018,0337,R12079,1,2018-04-20,723.5,93.8,25.9,596.5,82.4,22.5,548.7,9,9,002,제천,8,75,제천(충청북도 농업기술원),운광
30,00122018001952,001,2018,0351,R12079,1,2018-04-20,598,83.8,26,502,84,21.3,462,9,9,002,안동,8,75,안동(경상북도 농업기술원),운광
31,00122018001890,001,2018,0331,R12080,1,2018-04-20,648,93.3,25.4,526,81.1,20.1,484,9,9,002,철원,8,75,철원(국립식량과학원),조운
32,00122018001903,001,2018,0329,R12085,1,2018-04-25,817,90.4,24.4,637,81.7,20.9,586,9,9,002,상주,8,75,상주(국립식량과학원),설레미
33,00122018001922,001,2018,0344,R12086,1,2018-04-20,727.2,92.3,27.1,593.2,81.6,21.4,545.7,9,9,002,강릉,8,75,강릉(강원특별자치도 농업기술원),오대1호
34,00122018001964,001,2018,0336,R12092,1,2018-04-20,662,86.7,24.4,546,82.5,20.3,502,9,9,002,진부,8,75,진부(국립식량과학원),한설
35,00122018001920,001,2018,0344,R12093,1,2018-04-20,721.5,86.3,24.2,591.7,82,19,544.3,9,9,002,강릉,8,75,강릉(강원특별자치도 농업기술원),오륜
36,00122018001894,001,2018,0331,R13002,1,2018-04-20,782,93.1,30.7,635,81.2,24.2,585,9,9,002,철원,8,75,철원(국립식량과학원),오대벼
37,00122018001902,001,2018,0330,R13002,1,2018-04-20,784,86.8,29.8,650,82.9,24.6,598,9,9,002,운봉,8,75,운봉(국립식량과학원),오대벼
38,00122018001906,001,2018,0329,R13002,1,2018-04-25,740,89.6,29.8,606,81.3,24.9,553,9,9,002,상주,8,75,상주(국립식량과학원),오대벼
39,00122018001914,001,2018,0332,R13002,1,2018-04-20,601,81.8,29.9,488,81.2,24.8,449,9,9,002,화성,8,75,화성(경기도 경기도농업기술원),오대벼
40,00122018001918,001,2018,0333,R13002,1,2018-04-25,702.7,95.6,31.1,566.9,80.7,24.4,521.5,9,9,002,춘천,8,75,춘천(강원특별자치도 농업기술원),오대벼
41,00122018001919,001,2018,0344,R13002,1,2018-04-20,710.5,92.5,31.6,578.8,81.4,25.4,532.5,9,9,002,강릉,8,75,강릉(강원특별자치도 농업기술원),오대벼
42,00122018001927,001,2018,0337,R13002,1,2018-04-20,689.1,90.9,31.1,568.3,82.5,25.3,522.8,9,9,002,제천,8,75,제천(충청북도 농업기술원),오대벼
43,00122018001951,001,2018,0351,R13002,1,2018-04-20,647,87,30.4,507,78.4,23.1,467,9,9,002,안동,8,75,안동(경상북도 농업기술원),오대벼
44,00122018001961,001,2018,0336,R13002,1,2018-04-20,714,80.3,28.1,589,82.5,23.5,542,9,9,002,진부,8,75,진부(국립식량과학원),오대벼
45,00122018001963,001,2018,0336,R13003,1,2018-04-20,693,80,27.4,579,83.5,22.7,533,9,9,002,진부,8,75,진부(국립식량과학원),진부올벼
46,00122018001909,001,2018,0338,R22009,1,2018-04-20,643,71.1,25.8,534,83,22.4,491,9,9,002,영덕,8,75,영덕(국립식량과학원),화영벼
47,00122018001908,001,2018,0338,R22083,1,2018-04-20,701,76.2,25.5,579,82.6,21.6,532,9,9,002,영덕,8,75,영덕(국립식량과학원),삼덕
48,00122018001910,001,2018,0338,R23004,1,2018-04-20,673,78.4,26.8,557,82.9,22.9,513,9,9,002,영덕,8,75,영덕(국립식량과학원),화성벼
49,00122018001915,001,2018,0333,R32001,1,2018-04-25,788.7,85.6,28.7,642.4,81.4,22.5,591,9,9,002,춘천,8,75,춘천(강원특별자치도 농업기술원),일품벼
50,00122018001925,001,2018,2325,R32001,1,2018-04-25,664.9,92.9,25.1,545.2,82,20.7,501.6,9,9,002,청원,8,75,청원(충청북도 농업기술원),일품벼
51,00122018001954,001,2018,0351,R32001,1,2018-04-20,851,85.7,25.8,714,83.9,21.7,657,9,9,002,안동,8,75,안동(경상북도 농업기술원),일품벼
52,00122018001913,001,2018,0332,R32003,1,2018-04-20,703,85.8,28.8,589,83.9,24.3,542,9,9,002,화성,8,75,화성(경기도 경기도농업기술원),대안벼
53,00122018001916,001,2018,0333,R32003,1,2018-04-25,746.3,91.7,29.9,621.2,83.2,25,571.5,9,9,002,춘천,8,75,춘천(강원특별자치도 농업기술원),대안벼
54,00122018001924,001,2018,2325,R32003,1,2018-04-25,645.6,91.3,26.1,524.2,81.2,21.3,482.3,9,9,002,청원,8,75,청원(충청북도 농업기술원),대안벼
55,00122018001936,001,2018,0326,R32006,1,2018-04-30,677,89.1,27,553,81.7,21.9,509,9,9,002,익산,8,75,익산(전북특별자치도 농업기술원),일미벼
56,00122018001896,001,2018,0343,R32011,1,2018-04-30,594,66.8,21.8,497,83.8,19.3,458,9,9,002,계화,8,75,계화(국립식량과학원),남평벼
57,00122018001907,001,2018,0338,R32011,1,2018-04-20,692,67.2,24.6,566,81.8,20.8,521,9,9,002,영덕,8,75,영덕(국립식량과학원),남평벼
58,00122018001934,001,2018,0350,R32011,1,2018-04-25,805,79,25,658,81.8,20.8,605,9,9,002,예산,8,75,예산(충청남도 농업기술원),남평벼
59,00122018001938,001,2018,0326,R32011,1,2018-04-30,681,80.4,25.4,550,80.8,20.6,506,9,9,002,익산,8,75,익산(전북특별자치도 농업기술원),남평벼
60,00122018001953,001,2018,0351,R32015,1,2018-04-20,762,90,26.2,641,84.1,22.1,590,9,9,002,안동,8,75,안동(경상북도 농업기술원),새추청
61,00122018001898,001,2018,0343,R32016,1,2018-04-30,665,82.8,30.3,567,85.3,26.5,522,9,9,002,계화,8,75,계화(국립식량과학원),신동진
62,00122018001937,001,2018,0326,R32016,1,2018-04-30,663,77.1,32.5,547,82.5,26.8,503,9,9,002,익산,8,75,익산(전북특별자치도 농업기술원),신동진
63,00122018001895,001,2018,0343,R32068,1,2018-04-30,643,83.8,23.6,541,84.2,20.8,498,9,9,002,계화,8,75,계화(국립식량과학원),동진1호
64,00122018001912,001,2018,0332,R32082,1,2018-04-20,724,83.9,26.1,611,84.4,21.9,562,9,9,002,화성,8,75,화성(경기도 경기도농업기술원),삼광
65,00122018001926,001,2018,2325,R32082,1,2018-04-25,713.8,92.2,24.9,586.3,82.1,20.3,539.4,9,9,002,청원,8,75,청원(충청북도 농업기술원),삼광
66,00122018001931,001,2018,0350,R32082,1,2018-04-25,789,91.1,25.9,653,82.7,21.5,601,9,9,002,예산,8,75,예산(충청남도 농업기술원),삼광
67,00122018001935,001,2018,0350,R32084,1,2018-04-25,799,85.2,26.5,656,82.1,21.9,604,9,9,002,예산,8,75,예산(충청남도 농업기술원),새누리
68,00122018001940,001,2018,0326,R32084,1,2018-04-30,684,79.1,28.4,558,81.5,23.1,513,9,9,002,익산,8,75,익산(전북특별자치도 농업기술원),새누리
69,00122018001897,001,2018,0343,R32088,1,2018-04-30,688,81.8,24.4,587,85.3,22.2,540,9,9,002,계화,8,75,계화(국립식량과학원),청호
70,00122018001932,001,2018,0350,R32091,1,2018-04-25,747,86.3,27,619,82.8,22.3,569,9,9,002,예산,8,75,예산(충청남도 농업기술원),호품
71,00122018001939,001,2018,0326,R32091,1,2018-04-30,670,78.8,27.8,547,81.6,22.7,503,9,9,002,익산,8,75,익산(전북특별자치도 농업기술원),호품
72,00122018001955,001,2018,0351,R32093,1,2018-04-20,736,91,26.2,639,86.9,21.7,588,9,9,002,안동,8,75,안동(경상북도 농업기술원),새일미
73,00122018001911,001,2018,0332,R33009,1,2018-04-20,677,91.9,25.9,572,84.5,21.6,526,9,9,002,화성,8,75,화성(경기도 경기도농업기술원),추청
74,00122018001923,001,2018,2325,R33009,1,2018-04-25,614.5,91.7,24.3,507.8,82.6,20.1,467.2,9,9,002,청원,8,75,청원(충청북도 농업기술원),추청
75,00122018001933,001,2018,0350,R33009,1,2018-04-25,764,91.8,25.8,633,82.9,21.2,582,9,9,002,예산,8,75,예산(충청남도 농업기술원),추청
1,00122019002250,001,2019,0352,R32006,1,2019-05-10,,,,,,,,,9,002,나주,3,75,나주(전라남도 농업기술원),일미벼
2,00122019002251,001,2019,0352,R32016,1,2019-05-10,,,,,,,,,9,002,나주,3,75,나주(전라남도 농업기술원),신동진
3,00122019002253,001,2019,0352,R32081,1,2019-05-10,,,,,,,,,9,002,나주,3,75,나주(전라남도 농업기술원),미품
4,00122019002254,001,2019,0352,R32092,1,2019-05-10,,,,,,,,,9,002,나주,3,75,나주(전라남도 농업기술원),현품
5,00122019002252,001,2019,0352,R46054,1,2019-05-10,,,,,,,,,9,002,나주,3,75,나주(전라남도 농업기술원),새청무
6,00122019002255,001,2019,0340,R22009,1,2019-04-30,,,,,,,,,9,002,대구,4,75,대구(경상북도 농업기술원),화영벼
7,00122019002257,001,2019,0340,R22083,1,2019-04-30,,,,,,,,,9,002,대구,4,75,대구(경상북도 농업기술원),삼덕
8,00122019002256,001,2019,0340,R32001,1,2019-04-30,,,,,,,,,9,002,대구,4,75,대구(경상북도 농업기술원),일품벼
9,00122019002258,001,2019,0340,R32082,1,2019-04-30,,,,,,,,,9,002,대구,4,75,대구(경상북도 농업기술원),삼광
10,00122019002259,001,2019,0340,R32093,1,2019-04-30,,,,,,,,,9,002,대구,4,75,대구(경상북도 농업기술원),새일미
11,00122019002267,001,2019,0335,R32008,1,2019-05-10,,,,,,,,,9,002,진주,6,75,진주(경상남도 농업기술원),동안벼
12,00122019002268,001,2019,0335,R32068,1,2019-05-10,,,,,,,,,9,002,진주,6,75,진주(경상남도 농업기술원),동진1호
13,00122019002266,001,2019,0335,R32093,1,2019-05-10,,,,,,,,,9,002,진주,6,75,진주(경상남도 농업기술원),새일미
14,00122019002265,001,2019,0335,R46055,1,2019-05-10,,,,,,,,,9,002,진주,6,75,진주(경상남도 농업기술원),해품
15,00122019002269,001,2019,0335,R46056,1,2019-05-10,,,,,,,,,9,002,진주,6,75,진주(경상남도 농업기술원),영호진미
16,00122019002200,001,2019,0331,R12004,1,2019-04-20,,,,,,,,,9,002,철원,8,75,철원(국립식량과학원),진부벼
17,00122019002209,001,2019,0330,R12004,1,2019-04-20,,,,,,,,,9,002,운봉,8,75,운봉(국립식량과학원),진부벼
18,00122019002271,001,2019,0336,R12004,1,2019-04-20,,,,,,,,,9,002,진부,8,75,진부(국립식량과학원),진부벼
19,00122019002213,001,2019,0329,R12005,1,2019-04-25,,,,,,,,,9,002,상주,8,75,상주(국립식량과학원),상주벼
20,00122019002238,001,2019,0337,R12005,1,2019-04-20,,,,,,,,,9,002,제천,8,75,제천(충청북도 농업기술원),상주벼
21,00122019002237,001,2019,0337,R12016,1,2019-04-20,,,,,,,,,9,002,제천,8,75,제천(충청북도 농업기술원),상미
22,00122019002210,001,2019,0330,R12019,1,2019-04-20,,,,,,,,,9,002,운봉,8,75,운봉(국립식량과학원),삼천벼
23,00122019002201,001,2019,0331,R12072,1,2019-04-20,,,,,,,,,9,002,철원,8,75,철원(국립식량과학원),태봉
24,00122019002202,001,2019,0331,R12079,1,2019-04-20,,,,,,,,,9,002,철원,8,75,철원(국립식량과학원),운광
25,00122019002211,001,2019,0330,R12079,1,2019-04-20,,,,,,,,,9,002,운봉,8,75,운봉(국립식량과학원),운광
26,00122019002214,001,2019,0329,R12079,1,2019-04-25,,,,,,,,,9,002,상주,8,75,상주(국립식량과학원),운광
27,00122019002225,001,2019,0333,R12079,1,2019-04-25,,,,,,,,,9,002,춘천,8,75,춘천(강원특별자치도 농업기술원),운광
28,00122019002230,001,2019,0344,R12079,1,2019-04-20,,,,,,,,,9,002,강릉,8,75,강릉(강원특별자치도 농업기술원),운광
29,00122019002239,001,2019,0337,R12079,1,2019-04-20,,,,,,,,,9,002,제천,8,75,제천(충청북도 농업기술원),운광
30,00122019002261,001,2019,0351,R12079,1,2019-04-20,,,,,,,,,9,002,안동,8,75,안동(경상북도 농업기술원),운광
31,00122019002203,001,2019,0331,R12080,1,2019-04-20,,,,,,,,,9,002,철원,8,75,철원(국립식량과학원),조운
32,00122019002215,001,2019,0329,R12085,1,2019-04-25,,,,,,,,,9,002,상주,8,75,상주(국립식량과학원),설레미
33,00122019002231,001,2019,0344,R12086,1,2019-04-20,,,,,,,,,9,002,강릉,8,75,강릉(강원특별자치도 농업기술원),오대1호
34,00122019002273,001,2019,0336,R12092,1,2019-04-20,,,,,,,,,9,002,진부,8,75,진부(국립식량과학원),한설
35,00122019002229,001,2019,0344,R12093,1,2019-04-20,,,,,,,,,9,002,강릉,8,75,강릉(강원특별자치도 농업기술원),오륜
36,00122019002199,001,2019,0331,R13002,1,2019-04-20,,,,,,,,,9,002,철원,8,75,철원(국립식량과학원),오대벼
37,00122019002208,001,2019,0330,R13002,1,2019-04-20,,,,,,,,,9,002,운봉,8,75,운봉(국립식량과학원),오대벼
38,00122019002212,001,2019,0329,R13002,1,2019-04-25,,,,,,,,,9,002,상주,8,75,상주(국립식량과학원),오대벼
39,00122019002220,001,2019,0332,R13002,1,2019-04-20,,,,,,,,,9,002,화성,8,75,화성(경기도 경기도농업기술원),오대벼
40,00122019002224,001,2019,0333,R13002,1,2019-04-25,,,,,,,,,9,002,춘천,8,75,춘천(강원특별자치도 농업기술원),오대벼
41,00122019002228,001,2019,0344,R13002,1,2019-04-20,,,,,,,,,9,002,강릉,8,75,강릉(강원특별자치도 농업기술원),오대벼
42,00122019002236,001,2019,0337,R13002,1,2019-04-20,,,,,,,,,9,002,제천,8,75,제천(충청북도 농업기술원),오대벼
43,00122019002260,001,2019,0351,R13002,1,2019-04-20,,,,,,,,,9,002,안동,8,75,안동(경상북도 농업기술원),오대벼
44,00122019002270,001,2019,0336,R13002,1,2019-04-20,,,,,,,,,9,002,진부,8,75,진부(국립식량과학원),오대벼
45,00122019002272,001,2019,0336,R13003,1,2019-04-20,,,,,,,,,9,002,진부,8,75,진부(국립식량과학원),진부올벼
46,00122019002217,001,2019,0338,R22009,1,2019-04-20,,,,,,,,,9,002,영덕,8,75,영덕(국립식량과학원),화영벼
47,00122019002218,001,2019,0338,R22083,1,2019-04-20,,,,,,,,,9,002,영덕,8,75,영덕(국립식량과학원),삼덕
48,00122019002216,001,2019,0338,R23004,1,2019-04-20,,,,,,,,,9,002,영덕,8,75,영덕(국립식량과학원),화성벼
49,00122019002234,001,2019,2325,R32001,1,2019-04-25,,,,,,,,,9,002,청원,8,75,청원(충청북도 농업기술원),일품벼
50,00122019002263,001,2019,0351,R32001,1,2019-04-20,,,,,,,,,9,002,안동,8,75,안동(경상북도 농업기술원),일품벼
51,00122019002221,001,2019,0332,R32003,1,2019-04-20,,,,,,,,,9,002,화성,8,75,화성(경기도 경기도농업기술원),대안벼
52,00122019002226,001,2019,0333,R32003,1,2019-04-25,,,,,,,,,9,002,춘천,8,75,춘천(강원특별자치도 농업기술원),대안벼
53,00122019002233,001,2019,2325,R32003,1,2019-04-25,,,,,,,,,9,002,청원,8,75,청원(충청북도 농업기술원),대안벼
54,00122019002245,001,2019,0326,R32006,1,2019-04-30,,,,,,,,,9,002,익산,8,75,익산(전북특별자치도 농업기술원),일미벼
55,00122019002206,001,2019,0343,R32011,1,2019-04-30,,,,,,,,,9,002,계화,8,75,계화(국립식량과학원),남평벼
56,00122019002219,001,2019,0338,R32011,1,2019-04-20,,,,,,,,,9,002,영덕,8,75,영덕(국립식량과학원),남평벼
57,00122019002247,001,2019,0326,R32011,1,2019-04-30,,,,,,,,,9,002,익산,8,75,익산(전북특별자치도 농업기술원),남평벼
58,00122019002262,001,2019,0351,R32015,1,2019-04-20,,,,,,,,,9,002,안동,8,75,안동(경상북도 농업기술원),새추청
59,00122019002204,001,2019,0343,R32016,1,2019-04-30,,,,,,,,,9,002,계화,8,75,계화(국립식량과학원),신동진
60,00122019002246,001,2019,0326,R32016,1,2019-04-30,,,,,,,,,9,002,익산,8,75,익산(전북특별자치도 농업기술원),신동진
61,00122019002207,001,2019,0343,R32068,1,2019-04-30,,,,,,,,,9,002,계화,8,75,계화(국립식량과학원),동진1호
62,00122019002222,001,2019,0332,R32082,1,2019-04-20,,,,,,,,,9,002,화성,8,75,화성(경기도 경기도농업기술원),삼광
63,00122019002227,001,2019,0333,R32082,1,2019-04-25,,,,,,,,,9,002,춘천,8,75,춘천(강원특별자치도 농업기술원),삼광
64,00122019002235,001,2019,2325,R32082,1,2019-04-25,,,,,,,,,9,002,청원,8,75,청원(충청북도 농업기술원),삼광
65,00122019002240,001,2019,0350,R32082,1,2019-04-25,,,,,,,,,9,002,예산,8,75,예산(충청남도 농업기술원),삼광
66,00122019002244,001,2019,0350,R32084,1,2019-04-25,,,,,,,,,9,002,예산,8,75,예산(충청남도 농업기술원),새누리
67,00122019002249,001,2019,0326,R32084,1,2019-04-30,,,,,,,,,9,002,익산,8,75,익산(전북특별자치도 농업기술원),새누리
68,00122019002205,001,2019,0343,R32088,1,2019-04-30,,,,,,,,,9,002,계화,8,75,계화(국립식량과학원),청호
69,00122019002241,001,2019,0350,R32091,1,2019-04-25,,,,,,,,,9,002,예산,8,75,예산(충청남도 농업기술원),호품
70,00122019002248,001,2019,0326,R32091,1,2019-04-30,,,,,,,,,9,002,익산,8,75,익산(전북특별자치도 농업기술원),호품
71,00122019002243,001,2019,0350,R32093,1,2019-04-25,,,,,,,,,9,002,예산,8,75,예산(충청남도 농업기술원),새일미
72,00122019002264,001,2019,0351,R32093,1,2019-04-20,,,,,,,,,9,002,안동,8,75,안동(경상북도 농업기술원),새일미
73,00122019002223,001,2019,0332,R33009,1,2019-04-20,,,,,,,,,9,002,화성,8,75,화성(경기도 경기도농업기술원),추청
74,00122019002232,001,2019,2325,R33009,1,2019-04-25,,,,,,,,,9,002,청원,8,75,청원(충청북도 농업기술원),추청
75,00122019002242,001,2019,0350,R33009,1,2019-04-25,,,,,,,,,9,002,예산,8,75,예산(충청남도 농업기술원),추청
1,00122020002174,001,2020,0352,R32006,1,2020-05-10,,,,,,,,,9,002,나주,3,76,나주(전라남도 농업기술원),일미벼
2,00122020002175,001,2020,0352,R32016,1,2020-05-10,,,,,,,,,9,002,나주,3,76,나주(전라남도 농업기술원),신동진
3,00122020002177,001,2020,0352,R32081,1,2020-05-10,,,,,,,,,9,002,나주,3,76,나주(전라남도 농업기술원),미품
4,00122020002178,001,2020,0352,R32092,1,2020-05-10,,,,,,,,,9,002,나주,3,76,나주(전라남도 농업기술원),현품
5,00122020002179,001,2020,0352,R32093,1,2020-05-10,,,,,,,,,9,002,나주,3,76,나주(전라남도 농업기술원),새일미
6,00122020002176,001,2020,0352,R46054,1,2020-05-10,,,,,,,,,9,002,나주,3,76,나주(전라남도 농업기술원),새청무
7,00122020002180,001,2020,0340,R22009,1,2020-04-30,,,,,,,,,9,002,대구,4,76,대구(경상북도 농업기술원),화영벼
8,00122020002182,001,2020,0340,R22083,1,2020-04-30,,,,,,,,,9,002,대구,4,76,대구(경상북도 농업기술원),삼덕
9,00122020002181,001,2020,0340,R32001,1,2020-04-30,,,,,,,,,9,002,대구,4,76,대구(경상북도 농업기술원),일품벼
10,00122020002183,001,2020,0340,R32082,1,2020-04-30,,,,,,,,,9,002,대구,4,76,대구(경상북도 농업기술원),삼광
11,00122020002184,001,2020,0340,R32093,1,2020-04-30,,,,,,,,,9,002,대구,4,76,대구(경상북도 농업기술원),새일미
12,00122020002192,001,2020,0335,R32008,1,2020-05-10,,,,,,,,,9,002,진주,6,76,진주(경상남도 농업기술원),동안벼
13,00122020002193,001,2020,0335,R32068,1,2020-05-10,,,,,,,,,9,002,진주,6,76,진주(경상남도 농업기술원),동진1호
14,00122020002191,001,2020,0335,R32093,1,2020-05-10,,,,,,,,,9,002,진주,6,76,진주(경상남도 농업기술원),새일미
15,00122020002190,001,2020,0335,R46055,1,2020-05-10,,,,,,,,,9,002,진주,6,76,진주(경상남도 농업기술원),해품
16,00122020002194,001,2020,0335,R46056,1,2020-05-10,,,,,,,,,9,002,진주,6,76,진주(경상남도 농업기술원),영호진미
17,00122020002124,001,2020,0331,R12004,1,2020-04-20,,,,,,,,,9,002,철원,8,76,철원(국립식량과학원),진부벼
18,00122020002133,001,2020,0330,R12004,1,2020-04-20,,,,,,,,,9,002,운봉,8,76,운봉(국립식량과학원),진부벼
19,00122020002196,001,2020,0336,R12004,1,2020-04-20,,,,,,,,,9,002,진부,8,76,진부(국립식량과학원),진부벼
20,00122020002137,001,2020,0329,R12005,1,2020-04-25,,,,,,,,,9,002,상주,8,76,상주(국립식량과학원),상주벼
21,00122020002162,001,2020,0337,R12005,1,2020-04-20,,,,,,,,,9,002,제천,8,76,제천(충청북도 농업기술원),상주벼
22,00122020002161,001,2020,0337,R12016,1,2020-04-20,,,,,,,,,9,002,제천,8,76,제천(충청북도 농업기술원),상미
23,00122020002134,001,2020,0330,R12019,1,2020-04-20,,,,,,,,,9,002,운봉,8,76,운봉(국립식량과학원),삼천벼
24,00122020002125,001,2020,0331,R12072,1,2020-04-20,,,,,,,,,9,002,철원,8,76,철원(국립식량과학원),태봉
25,00122020002126,001,2020,0331,R12079,1,2020-04-20,,,,,,,,,9,002,철원,8,76,철원(국립식량과학원),운광
26,00122020002135,001,2020,0330,R12079,1,2020-04-20,,,,,,,,,9,002,운봉,8,76,운봉(국립식량과학원),운광
27,00122020002138,001,2020,0329,R12079,1,2020-04-25,,,,,,,,,9,002,상주,8,76,상주(국립식량과학원),운광
28,00122020002149,001,2020,0333,R12079,1,2020-04-25,,,,,,,,,9,002,춘천,8,76,춘천(강원특별자치도 농업기술원),운광
29,00122020002154,001,2020,0344,R12079,1,2020-04-20,,,,,,,,,9,002,강릉,8,76,강릉(강원특별자치도 농업기술원),운광
30,00122020002163,001,2020,0337,R12079,1,2020-04-20,,,,,,,,,9,002,제천,8,76,제천(충청북도 농업기술원),운광
31,00122020002186,001,2020,0351,R12079,1,2020-04-20,,,,,,,,,9,002,안동,8,76,안동(경상북도 농업기술원),운광
32,00122020002127,001,2020,0331,R12080,1,2020-04-20,,,,,,,,,9,002,철원,8,76,철원(국립식량과학원),조운
33,00122020002139,001,2020,0329,R12085,1,2020-04-25,,,,,,,,,9,002,상주,8,76,상주(국립식량과학원),설레미
34,00122020002155,001,2020,0344,R12086,1,2020-04-20,,,,,,,,,9,002,강릉,8,76,강릉(강원특별자치도 농업기술원),오대1호
35,00122020002198,001,2020,0336,R12092,1,2020-04-20,,,,,,,,,9,002,진부,8,76,진부(국립식량과학원),한설
36,00122020002153,001,2020,0344,R12093,1,2020-04-20,,,,,,,,,9,002,강릉,8,76,강릉(강원특별자치도 농업기술원),오륜
37,00122020002123,001,2020,0331,R13002,1,2020-04-20,,,,,,,,,9,002,철원,8,76,철원(국립식량과학원),오대벼
38,00122020002132,001,2020,0330,R13002,1,2020-04-20,,,,,,,,,9,002,운봉,8,76,운봉(국립식량과학원),오대벼
39,00122020002136,001,2020,0329,R13002,1,2020-04-25,,,,,,,,,9,002,상주,8,76,상주(국립식량과학원),오대벼
40,00122020002144,001,2020,0332,R13002,1,2020-04-20,,,,,,,,,9,002,화성,8,76,화성(경기도 경기도농업기술원),오대벼
41,00122020002148,001,2020,0333,R13002,1,2020-04-25,,,,,,,,,9,002,춘천,8,76,춘천(강원특별자치도 농업기술원),오대벼
42,00122020002152,001,2020,0344,R13002,1,2020-04-20,,,,,,,,,9,002,강릉,8,76,강릉(강원특별자치도 농업기술원),오대벼
43,00122020002160,001,2020,0337,R13002,1,2020-04-20,,,,,,,,,9,002,제천,8,76,제천(충청북도 농업기술원),오대벼
44,00122020002185,001,2020,0351,R13002,1,2020-04-20,,,,,,,,,9,002,안동,8,76,안동(경상북도 농업기술원),오대벼
45,00122020002195,001,2020,0336,R13002,1,2020-04-20,,,,,,,,,9,002,진부,8,76,진부(국립식량과학원),오대벼
46,00122020002197,001,2020,0336,R13003,1,2020-04-20,,,,,,,,,9,002,진부,8,76,진부(국립식량과학원),진부올벼
47,00122020002141,001,2020,0338,R22009,1,2020-04-20,,,,,,,,,9,002,영덕,8,76,영덕(국립식량과학원),화영벼
48,00122020002142,001,2020,0338,R22083,1,2020-04-20,,,,,,,,,9,002,영덕,8,76,영덕(국립식량과학원),삼덕
49,00122020002140,001,2020,0338,R23004,1,2020-04-20,,,,,,,,,9,002,영덕,8,76,영덕(국립식량과학원),화성벼
50,00122020002158,001,2020,2325,R32001,1,2020-04-25,,,,,,,,,9,002,청원,8,76,청원(충청북도 농업기술원),일품벼
51,00122020002188,001,2020,0351,R32001,1,2020-04-20,,,,,,,,,9,002,안동,8,76,안동(경상북도 농업기술원),일품벼
52,00122020002145,001,2020,0332,R32003,1,2020-04-20,,,,,,,,,9,002,화성,8,76,화성(경기도 경기도농업기술원),대안벼
53,00122020002150,001,2020,0333,R32003,1,2020-04-25,,,,,,,,,9,002,춘천,8,76,춘천(강원특별자치도 농업기술원),대안벼
54,00122020002157,001,2020,2325,R32003,1,2020-04-25,,,,,,,,,9,002,청원,8,76,청원(충청북도 농업기술원),대안벼
55,00122020002169,001,2020,0326,R32006,1,2020-04-30,,,,,,,,,9,002,익산,8,76,익산(전북특별자치도 농업기술원),일미벼
56,00122020002130,001,2020,0343,R32011,1,2020-04-30,,,,,,,,,9,002,계화,8,76,계화(국립식량과학원),남평벼
57,00122020002143,001,2020,0338,R32011,1,2020-04-20,,,,,,,,,9,002,영덕,8,76,영덕(국립식량과학원),남평벼
58,00122020002171,001,2020,0326,R32011,1,2020-04-30,,,,,,,,,9,002,익산,8,76,익산(전북특별자치도 농업기술원),남평벼
59,00122020002187,001,2020,0351,R32015,1,2020-04-20,,,,,,,,,9,002,안동,8,76,안동(경상북도 농업기술원),새추청
60,00122020002128,001,2020,0343,R32016,1,2020-04-30,,,,,,,,,9,002,계화,8,76,계화(국립식량과학원),신동진
61,00122020002170,001,2020,0326,R32016,1,2020-04-30,,,,,,,,,9,002,익산,8,76,익산(전북특별자치도 농업기술원),신동진
62,00122020002131,001,2020,0343,R32068,1,2020-04-30,,,,,,,,,9,002,계화,8,76,계화(국립식량과학원),동진1호
63,00122020002146,001,2020,0332,R32082,1,2020-04-20,,,,,,,,,9,002,화성,8,76,화성(경기도 경기도농업기술원),삼광
64,00122020002151,001,2020,0333,R32082,1,2020-04-25,,,,,,,,,9,002,춘천,8,76,춘천(강원특별자치도 농업기술원),삼광
65,00122020002159,001,2020,2325,R32082,1,2020-04-25,,,,,,,,,9,002,청원,8,76,청원(충청북도 농업기술원),삼광
66,00122020002164,001,2020,0350,R32082,1,2020-04-25,,,,,,,,,9,002,예산,8,76,예산(충청남도 농업기술원),삼광
67,00122020002168,001,2020,0350,R32084,1,2020-04-25,,,,,,,,,9,002,예산,8,76,예산(충청남도 농업기술원),새누리
68,00122020002173,001,2020,0326,R32084,1,2020-04-30,,,,,,,,,9,002,익산,8,76,익산(전북특별자치도 농업기술원),새누리
69,00122020002129,001,2020,0343,R32088,1,2020-04-30,,,,,,,,,9,002,계화,8,76,계화(국립식량과학원),청호
70,00122020002165,001,2020,0350,R32091,1,2020-04-25,,,,,,,,,9,002,예산,8,76,예산(충청남도 농업기술원),호품
71,00122020002172,001,2020,0326,R32091,1,2020-04-30,,,,,,,,,9,002,익산,8,76,익산(전북특별자치도 농업기술원),호품
72,00122020002167,001,2020,0350,R32093,1,2020-04-25,,,,,,,,,9,002,예산,8,76,예산(충청남도 농업기술원),새일미
73,00122020002189,001,2020,0351,R32093,1,2020-04-20,,,,,,,,,9,002,안동,8,76,안동(경상북도 농업기술원),새일미
74,00122020002147,001,2020,0332,R33009,1,2020-04-20,,,,,,,,,9,002,화성,8,76,화성(경기도 경기도농업기술원),추청
75,00122020002156,001,2020,2325,R33009,1,2020-04-25,,,,,,,,,9,002,청원,8,76,청원(충청북도 농업기술원),추청
76,00122020002166,001,2020,0350,R33009,1,2020-04-25,,,,,,,,,9,002,예산,8,76,예산(충청남도 농업기술원),추청
1,00122021002365,001,2021,0352,R32006,1,2021-05-10,729,93.5,28.6,612,84.1,24.1,554,9,9,002,나주,3,76,나주(전라남도 농업기술원),일미벼
2,00122021002366,001,2021,0352,R32016,1,2021-05-10,736,86.4,35.4,622,84.6,30,563,9,9,002,나주,3,76,나주(전라남도 농업기술원),신동진
3,00122021002368,001,2021,0352,R32081,1,2021-05-10,747,89.5,28.9,623,83.3,24.1,563,9,9,002,나주,3,76,나주(전라남도 농업기술원),미품
4,00122021002369,001,2021,0352,R32092,1,2021-05-10,722,90.1,30.8,609,84.4,26,550,9,9,002,나주,3,76,나주(전라남도 농업기술원),현품
5,00122021002370,001,2021,0352,R32093,1,2021-05-10,730,93.8,27.8,609,83.4,23.2,550,9,9,002,나주,3,76,나주(전라남도 농업기술원),새일미
6,00122021002367,001,2021,0352,R46054,1,2021-05-10,727,89.6,28.5,603,82.9,23.6,545,9,9,002,나주,3,76,나주(전라남도 농업기술원),새청무
7,00122021002371,001,2021,0340,R22009,1,2021-04-30,769,90.4,27.6,632,82.1,23.5,581,9,9,002,대구,4,76,대구(경상북도 농업기술원),화영벼
8,00122021002373,001,2021,0340,R22083,1,2021-04-30,880,84,26.4,724,82.3,22.8,666,9,9,002,대구,4,76,대구(경상북도 농업기술원),삼덕
9,00122021002372,001,2021,0340,R32001,1,2021-04-30,719,85.8,26.5,588,81.9,22.5,541,9,9,002,대구,4,76,대구(경상북도 농업기술원),일품벼
10,00122021002374,001,2021,0340,R32082,1,2021-04-30,800,90,25.9,658,82.3,22.1,605,9,9,002,대구,4,76,대구(경상북도 농업기술원),삼광
11,00122021002375,001,2021,0340,R32093,1,2021-04-30,798,87,26.1,657,82.4,22.2,604,9,9,002,대구,4,76,대구(경상북도 농업기술원),새일미
12,00122021002383,001,2021,0335,R32008,1,2021-05-10,724,85.8,28.3,597,82.5,24.2,550,9,9,002,진주,6,76,진주(경상남도 농업기술원),동안벼
13,00122021002384,001,2021,0335,R32068,1,2021-05-10,735,79.5,27.1,602,81.9,22.7,554,9,9,002,진주,6,76,진주(경상남도 농업기술원),동진1호
14,00122021002382,001,2021,0335,R32093,1,2021-05-10,705,93.1,26.5,584,82.9,22.3,538,9,9,002,진주,6,76,진주(경상남도 농업기술원),새일미
15,00122021002381,001,2021,0335,R46055,1,2021-05-10,682,89.2,25.9,560,82,22.1,515,9,9,002,진주,6,76,진주(경상남도 농업기술원),해품
16,00122021002385,001,2021,0335,R46056,1,2021-05-10,727,91.7,27.4,605,83.2,23,553,9,9,002,진주,6,76,진주(경상남도 농업기술원),영호진미
17,00122021002315,001,2021,0331,R12004,1,2021-04-20,742,94.62609844650298,29.149999999999995,620,83.53333333333333,24.53333333333333,570,9,9,002,철원,8,76,철원(국립식량과학원),진부벼
18,00122021002324,001,2021,0330,R12004,1,2021-04-20,841,96.7,31,706,83.9,25.2,649,9,9,002,운봉,8,76,운봉(국립식량과학원),진부벼
19,00122021002387,001,2021,0336,R12004,1,2021-04-20,888,92.9,29.1,753,84.7,25.2,692,9,9,002,진부,8,76,진부(국립식량과학원),진부벼
20,00122021002328,001,2021,0329,R12005,1,2021-04-25,802,89.7,25.4,646,80.6,21.1,595,9,9,002,상주,8,76,상주(국립식량과학원),상주벼
21,00122021002353,001,2021,0337,R12005,1,2021-04-20,647,83.5,25,536,82.9,21.7,493,9,9,002,제천,8,76,제천(충청북도 농업기술원),상주벼
22,00122021002352,001,2021,0337,R12016,1,2021-04-20,636,92.1,26.2,529,83.1,23.8,486,9,9,002,제천,8,76,제천(충청북도 농업기술원),상미
23,00122021002325,001,2021,0330,R12019,1,2021-04-20,958,92.4,27.6,806,84.1,22.9,742,9,9,002,운봉,8,76,운봉(국립식량과학원),삼천벼
24,00122021002316,001,2021,0331,R12072,1,2021-04-20,812,90.31817643468719,26.3,672,82.7,22.36,618,9,9,002,철원,8,76,철원(국립식량과학원),태봉
25,00122021002317,001,2021,0331,R12079,1,2021-04-20,761,91.02168386799961,27.88333333333333,634,83.16666666666667,23.64,583,9,9,002,철원,8,76,철원(국립식량과학원),운광
26,00122021002326,001,2021,0330,R12079,1,2021-04-20,1158,90.8,26.5,972,83.9,22.3,894,9,9,002,운봉,8,76,운봉(국립식량과학원),운광
27,00122021002329,001,2021,0329,R12079,1,2021-04-25,896,83.9,26.9,726,81.1,22.9,668,9,9,002,상주,8,76,상주(국립식량과학원),운광
28,00122021002340,001,2021,0333,R12079,1,2021-04-25,585,89.3,26,475,81.1,21.1,437,9,9,002,춘천,8,76,춘천(강원특별자치도 농업기술원),운광
29,00122021002345,001,2021,0344,R12079,1,2021-04-20,802,78.6,28.9,655,81.7,23.6,603,9,9,002,강릉,8,76,강릉(강원특별자치도 농업기술원),운광
30,00122021002354,001,2021,0337,R12079,1,2021-04-20,714,81.7,27.2,594,83.2,24,547,9,9,002,제천,8,76,제천(충청북도 농업기술원),운광
31,00122021002377,001,2021,0351,R12079,1,2021-04-20,867,84.9,26,700,80.7,21.8,645,9,9,002,안동,8,76,안동(경상북도 농업기술원),운광
32,00122021002318,001,2021,0331,R12080,1,2021-04-20,595,94.18122529927797,26.599999999999998,488,81.96666666666667,22.106666666666665,449,9,9,002,철원,8,76,철원(국립식량과학원),조운
33,00122021002330,001,2021,0329,R12085,1,2021-04-25,797,91,25.1,643,80.7,20.7,592,9,9,002,상주,8,76,상주(국립식량과학원),설레미
34,00122021002346,001,2021,0344,R12086,1,2021-04-20,758,94.3,27.7,624,82.3,22.8,574,9,9,002,강릉,8,76,강릉(강원특별자치도 농업기술원),오대1호
35,00122021002389,001,2021,0336,R12092,1,2021-04-20,706,78.1,26.1,591,83.7,22.4,543,9,9,002,진부,8,76,진부(국립식량과학원),한설
36,00122021002344,001,2021,0344,R12093,1,2021-04-20,719,92.1,26.2,604,83.9,22,555,9,9,002,강릉,8,76,강릉(강원특별자치도 농업기술원),오륜
37,00122021002314,001,2021,0331,R13002,1,2021-04-20,711,88.40282593294783,30.8,587,82.53333333333333,26.28,540,9,9,002,철원,8,76,철원(국립식량과학원),오대벼
38,00122021002323,001,2021,0330,R13002,1,2021-04-20,905,92,31.1,759,83.9,25,699,9,9,002,운봉,8,76,운봉(국립식량과학원),오대벼
39,00122021002327,001,2021,0329,R13002,1,2021-04-25,761,83.8,30.5,613,80.6,24.7,564,9,9,002,상주,8,76,상주(국립식량과학원),오대벼
40,00122021002335,001,2021,0332,R13002,1,2021-04-20,676,87.1,30.5,564,83.4,25.5,519,9,9,002,화성,8,76,화성(경기도 경기도농업기술원),오대벼
41,00122021002339,001,2021,0333,R13002,1,2021-04-25,557,96.5,29.5,453,81.3,24,417,9,9,002,춘천,8,76,춘천(강원특별자치도 농업기술원),오대벼
42,00122021002343,001,2021,0344,R13002,1,2021-04-20,777,91.6,32,642,82.7,26.5,591,9,9,002,강릉,8,76,강릉(강원특별자치도 농업기술원),오대벼
43,00122021002351,001,2021,0337,R13002,1,2021-04-20,661,82.2,29,544,82.3,25.5,500,9,9,002,제천,8,76,제천(충청북도 농업기술원),오대벼
44,00122021002376,001,2021,0351,R13002,1,2021-04-20,639,83.3,30.3,483,75.7,24.5,444,9,9,002,안동,8,76,안동(경상북도 농업기술원),오대벼
45,00122021002386,001,2021,0336,R13002,1,2021-04-20,747,81.5,30.3,626,83.9,26.1,576,9,9,002,진부,8,76,진부(국립식량과학원),오대벼
46,00122021002388,001,2021,0336,R13003,1,2021-04-20,695,76.8,30.6,587,84.5,26.5,540,9,9,002,진부,8,76,진부(국립식량과학원),진부올벼
47,00122021002332,001,2021,0338,R22009,1,2021-04-20,735,83.3,26.2,609,83,21.6,561,9,9,002,영덕,8,76,영덕(국립식량과학원),화영벼
48,00122021002333,001,2021,0338,R22083,1,2021-04-20,777,83.5,24.6,639,82.7,21,588,9,9,002,영덕,8,76,영덕(국립식량과학원),삼덕
49,00122021002331,001,2021,0338,R23004,1,2021-04-20,716,82.8,24.3,593,82.4,21.2,546,9,9,002,영덕,8,76,영덕(국립식량과학원),화성벼
50,00122021002349,001,2021,2325,R32001,1,2021-04-25,739,90.2,26.2,613,82.9,23.1,564,9,9,002,청원,8,76,청원(충청북도 농업기술원),일품벼
51,00122021002379,001,2021,0351,R32001,1,2021-04-20,853,88,26.8,686,80.4,21.5,631,9,9,002,안동,8,76,안동(경상북도 농업기술원),일품벼
52,00122021002336,001,2021,0332,R32003,1,2021-04-20,694,94.1,29.4,582,83.8,24.6,536,9,9,002,화성,8,76,화성(경기도 경기도농업기술원),대안벼
53,00122021002341,001,2021,0333,R32003,1,2021-04-25,573,92.3,28.5,470,82,23.4,432,9,9,002,춘천,8,76,춘천(강원특별자치도 농업기술원),대안벼
54,00122021002348,001,2021,2325,R32003,1,2021-04-25,672,92.2,28,555,82.6,24.1,511,9,9,002,청원,8,76,청원(충청북도 농업기술원),대안벼
55,00122021002321,001,2021,0343,R32011,1,2021-04-30,772,86.2,26.4,644,83.4,22.5,592,9,9,002,계화,8,76,계화(국립식량과학원),남평벼
56,00122021002334,001,2021,0338,R32011,1,2021-04-20,778,77.5,24.9,639,81.6,20.9,588,9,9,002,영덕,8,76,영덕(국립식량과학원),남평벼
57,00122021002362,001,2021,0326,R32011,1,2021-04-30,727,88.5,26.1,591,81.3,21,544,9,9,002,익산,8,76,익산(전북특별자치도 농업기술원),남평벼
58,00122021002378,001,2021,0351,R32015,1,2021-04-20,888,89.4,27.3,701,79,22.4,645,9,9,002,안동,8,76,안동(경상북도 농업기술원),새추청
59,00122021002319,001,2021,0343,R32016,1,2021-04-30,733,80.3,30.5,617,84.1,27,567,9,9,002,계화,8,76,계화(국립식량과학원),신동진
60,00122021002361,001,2021,0326,R32016,1,2021-04-30,736,85.8,33.3,607,82.5,28.7,558,9,9,002,익산,8,76,익산(전북특별자치도 농업기술원),신동진
61,00122021002322,001,2021,0343,R32068,1,2021-04-30,847,78.2,28.9,709,83.8,24.5,652,9,9,002,계화,8,76,계화(국립식량과학원),동진1호
62,00122021002337,001,2021,0332,R32082,1,2021-04-20,725,96.1,27.1,612,84.4,23.5,563,9,9,002,화성,8,76,화성(경기도 경기도농업기술원),삼광
63,00122021002342,001,2021,0333,R32082,1,2021-04-25,568,95.8,26.1,469,82.7,21.6,432,9,9,002,춘천,8,76,춘천(강원특별자치도 농업기술원),삼광
64,00122021002350,001,2021,2325,R32082,1,2021-04-25,868,97.9,27.5,726,83.6,23.9,668,9,9,002,청원,8,76,청원(충청북도 농업기술원),삼광
65,00122021002355,001,2021,0350,R32082,1,2021-04-25,853,93.2,26.8,712,82.4,22.7,663,9,9,002,예산,8,76,예산(충청남도 농업기술원),삼광
66,00122021002359,001,2021,0350,R32084,1,2021-04-25,885,89.9,29,721,81.8,24.2,665,9,9,002,예산,8,76,예산(충청남도 농업기술원),새누리
67,00122021002364,001,2021,0326,R32084,1,2021-04-30,722,89.9,29,591,81.8,24.2,544,9,9,002,익산,8,76,익산(전북특별자치도 농업기술원),새누리
68,00122021002320,001,2021,0343,R32088,1,2021-04-30,870,80.2,28.5,729,83.8,24.3,670,9,9,002,계화,8,76,계화(국립식량과학원),청호
69,00122021002356,001,2021,0350,R32091,1,2021-04-25,920,85.8,33.3,767,82.5,28.7,716,9,9,002,예산,8,76,예산(충청남도 농업기술원),호품
70,00122021002363,001,2021,0326,R32091,1,2021-04-30,728,90.9,28.2,605,81.8,24,557,9,9,002,익산,8,76,익산(전북특별자치도 농업기술원),호품
71,00122021002358,001,2021,0350,R32093,1,2021-04-25,904,90.9,28.2,751,81.8,24,695,9,9,002,예산,8,76,예산(충청남도 농업기술원),새일미
72,00122021002380,001,2021,0351,R32093,1,2021-04-20,828,78.7,27.5,638,77,22.4,587,9,9,002,안동,8,76,안동(경상북도 농업기술원),새일미
73,00122021002338,001,2021,0332,R33009,1,2021-04-20,651,96.8,25.6,546,83.9,21.9,502,9,9,002,화성,8,76,화성(경기도 경기도농업기술원),추청
74,00122021002347,001,2021,2325,R33009,1,2021-04-25,667,92.8,25.7,556,83.4,21.3,512,9,9,002,청원,8,76,청원(충청북도 농업기술원),추청
75,00122021002357,001,2021,0350,R33009,1,2021-04-25,823,88.5,26.1,682,81.3,21,633,9,9,002,예산,8,76,예산(충청남도 농업기술원),추청
76,00122021002360,001,2021,0326,R46058,1,2021-04-30,739,93.2,26.8,609,82.4,22.7,560,9,9,002,익산,8,76,익산(전북특별자치도 농업기술원),예찬
1,00122022002465,001,2022,0352,R32006,1,,,,,,,,,,9,002,나주,3,76,나주(전라남도 농업기술원),일미벼
2,00122022002466,001,2022,0352,R32016,1,,,,,,,,,,9,002,나주,3,76,나주(전라남도 농업기술원),신동진
3,00122022002468,001,2022,0352,R32081,1,,,,,,,,,,9,002,나주,3,76,나주(전라남도 농업기술원),미품
4,00122022002469,001,2022,0352,R32092,1,,,,,,,,,,9,002,나주,3,76,나주(전라남도 농업기술원),현품
5,00122022002470,001,2022,0352,R32093,1,,,,,,,,,,9,002,나주,3,76,나주(전라남도 농업기술원),새일미
6,00122022002467,001,2022,0352,R46054,1,,,,,,,,,,9,002,나주,3,76,나주(전라남도 농업기술원),새청무
7,00122022002471,001,2022,0340,R22009,1,,,,,,,,,,9,002,대구,4,76,대구(경상북도 농업기술원),화영벼
8,00122022002473,001,2022,0340,R22083,1,,,,,,,,,,9,002,대구,4,76,대구(경상북도 농업기술원),삼덕
9,00122022002472,001,2022,0340,R32001,1,,,,,,,,,,9,002,대구,4,76,대구(경상북도 농업기술원),일품벼
10,00122022002474,001,2022,0340,R32082,1,,,,,,,,,,9,002,대구,4,76,대구(경상북도 농업기술원),삼광
11,00122022002475,001,2022,0340,R32093,1,,,,,,,,,,9,002,대구,4,76,대구(경상북도 농업기술원),새일미
12,00122022002483,001,2022,0335,R32008,1,,,,,,,,,,9,002,진주,6,76,진주(경상남도 농업기술원),동안벼
13,00122022002484,001,2022,0335,R32068,1,,,,,,,,,,9,002,진주,6,76,진주(경상남도 농업기술원),동진1호
14,00122022002482,001,2022,0335,R32093,1,,,,,,,,,,9,002,진주,6,76,진주(경상남도 농업기술원),새일미
15,00122022002481,001,2022,0335,R46055,1,,,,,,,,,,9,002,진주,6,76,진주(경상남도 농업기술원),해품
16,00122022002485,001,2022,0335,R46056,1,,,,,,,,,,9,002,진주,6,76,진주(경상남도 농업기술원),영호진미
17,00122022002415,001,2022,0331,R12004,1,,,,,,,,,,9,002,철원,8,76,철원(국립식량과학원),진부벼
18,00122022002424,001,2022,0330,R12004,1,,,,,,,,,,9,002,운봉,8,76,운봉(국립식량과학원),진부벼
19,00122022002487,001,2022,0336,R12004,1,,,,,,,,,,9,002,진부,8,76,진부(국립식량과학원),진부벼
20,00122022002428,001,2022,0329,R12005,1,,,,,,,,,,9,002,상주,8,76,상주(국립식량과학원),상주벼
21,00122022002453,001,2022,0337,R12005,1,,,,,,,,,,9,002,제천,8,76,제천(충청북도 농업기술원),상주벼
22,00122022002452,001,2022,0337,R12016,1,,,,,,,,,,9,002,제천,8,76,제천(충청북도 농업기술원),상미
23,00122022002425,001,2022,0330,R12019,1,,,,,,,,,,9,002,운봉,8,76,운봉(국립식량과학원),삼천벼
24,00122022002416,001,2022,0331,R12072,1,,,,,,,,,,9,002,철원,8,76,철원(국립식량과학원),태봉
25,00122022002417,001,2022,0331,R12079,1,,,,,,,,,,9,002,철원,8,76,철원(국립식량과학원),운광
26,00122022002426,001,2022,0330,R12079,1,,,,,,,,,,9,002,운봉,8,76,운봉(국립식량과학원),운광
27,00122022002429,001,2022,0329,R12079,1,,,,,,,,,,9,002,상주,8,76,상주(국립식량과학원),운광
28,00122022002440,001,2022,0333,R12079,1,,,,,,,,,,9,002,춘천,8,76,춘천(강원특별자치도 농업기술원),운광
29,00122022002445,001,2022,0344,R12079,1,,,,,,,,,,9,002,강릉,8,76,강릉(강원특별자치도 농업기술원),운광
30,00122022002454,001,2022,0337,R12079,1,,,,,,,,,,9,002,제천,8,76,제천(충청북도 농업기술원),운광
31,00122022002477,001,2022,0351,R12079,1,,,,,,,,,,9,002,안동,8,76,안동(경상북도 농업기술원),운광
32,00122022002418,001,2022,0331,R12080,1,,,,,,,,,,9,002,철원,8,76,철원(국립식량과학원),조운
33,00122022002430,001,2022,0329,R12085,1,,,,,,,,,,9,002,상주,8,76,상주(국립식량과학원),설레미
34,00122022002446,001,2022,0344,R12086,1,,,,,,,,,,9,002,강릉,8,76,강릉(강원특별자치도 농업기술원),오대1호
35,00122022002489,001,2022,0336,R12092,1,,,,,,,,,,9,002,진부,8,76,진부(국립식량과학원),한설
36,00122022002444,001,2022,0344,R12093,1,,,,,,,,,,9,002,강릉,8,76,강릉(강원특별자치도 농업기술원),오륜
37,00122022002414,001,2022,0331,R13002,1,,,,,,,,,,9,002,철원,8,76,철원(국립식량과학원),오대벼
38,00122022002423,001,2022,0330,R13002,1,,,,,,,,,,9,002,운봉,8,76,운봉(국립식량과학원),오대벼
39,00122022002427,001,2022,0329,R13002,1,,,,,,,,,,9,002,상주,8,76,상주(국립식량과학원),오대벼
40,00122022002435,001,2022,0332,R13002,1,,,,,,,,,,9,002,화성,8,76,화성(경기도 경기도농업기술원),오대벼
41,00122022002439,001,2022,0333,R13002,1,,,,,,,,,,9,002,춘천,8,76,춘천(강원특별자치도 농업기술원),오대벼
42,00122022002443,001,2022,0344,R13002,1,,,,,,,,,,9,002,강릉,8,76,강릉(강원특별자치도 농업기술원),오대벼
43,00122022002451,001,2022,0337,R13002,1,,,,,,,,,,9,002,제천,8,76,제천(충청북도 농업기술원),오대벼
44,00122022002476,001,2022,0351,R13002,1,,,,,,,,,,9,002,안동,8,76,안동(경상북도 농업기술원),오대벼
45,00122022002486,001,2022,0336,R13002,1,,,,,,,,,,9,002,진부,8,76,진부(국립식량과학원),오대벼
46,00122022002488,001,2022,0336,R13003,1,,,,,,,,,,9,002,진부,8,76,진부(국립식량과학원),진부올벼
47,00122022002432,001,2022,0338,R22009,1,,,,,,,,,,9,002,영덕,8,76,영덕(국립식량과학원),화영벼
48,00122022002433,001,2022,0338,R22083,1,,,,,,,,,,9,002,영덕,8,76,영덕(국립식량과학원),삼덕
49,00122022002431,001,2022,0338,R23004,1,,,,,,,,,,9,002,영덕,8,76,영덕(국립식량과학원),화성벼
50,00122022002449,001,2022,2325,R32001,1,,,,,,,,,,9,002,청원,8,76,청원(충청북도 농업기술원),일품벼
51,00122022002479,001,2022,0351,R32001,1,,,,,,,,,,9,002,안동,8,76,안동(경상북도 농업기술원),일품벼
52,00122022002436,001,2022,0332,R32003,1,,,,,,,,,,9,002,화성,8,76,화성(경기도 경기도농업기술원),대안벼
53,00122022002441,001,2022,0333,R32003,1,,,,,,,,,,9,002,춘천,8,76,춘천(강원특별자치도 농업기술원),대안벼
54,00122022002448,001,2022,2325,R32003,1,,,,,,,,,,9,002,청원,8,76,청원(충청북도 농업기술원),대안벼
55,00122022002421,001,2022,0343,R32011,1,,,,,,,,,,9,002,계화,8,76,계화(국립식량과학원),남평벼
56,00122022002434,001,2022,0338,R32011,1,,,,,,,,,,9,002,영덕,8,76,영덕(국립식량과학원),남평벼
57,00122022002462,001,2022,0326,R32011,1,,,,,,,,,,9,002,익산,8,76,익산(전북특별자치도 농업기술원),남평벼
58,00122022002478,001,2022,0351,R32015,1,,,,,,,,,,9,002,안동,8,76,안동(경상북도 농업기술원),새추청
59,00122022002419,001,2022,0343,R32016,1,,,,,,,,,,9,002,계화,8,76,계화(국립식량과학원),신동진
60,00122022002461,001,2022,0326,R32016,1,,,,,,,,,,9,002,익산,8,76,익산(전북특별자치도 농업기술원),신동진
61,00122022002422,001,2022,0343,R32068,1,,,,,,,,,,9,002,계화,8,76,계화(국립식량과학원),동진1호
62,00122022002437,001,2022,0332,R32082,1,,,,,,,,,,9,002,화성,8,76,화성(경기도 경기도농업기술원),삼광
63,00122022002442,001,2022,0333,R32082,1,,,,,,,,,,9,002,춘천,8,76,춘천(강원특별자치도 농업기술원),삼광
64,00122022002450,001,2022,2325,R32082,1,,,,,,,,,,9,002,청원,8,76,청원(충청북도 농업기술원),삼광
65,00122022002455,001,2022,0350,R32082,1,,,,,,,,,,9,002,예산,8,76,예산(충청남도 농업기술원),삼광
66,00122022002459,001,2022,0350,R32084,1,,,,,,,,,,9,002,예산,8,76,예산(충청남도 농업기술원),새누리
67,00122022002464,001,2022,0326,R32084,1,,,,,,,,,,9,002,익산,8,76,익산(전북특별자치도 농업기술원),새누리
68,00122022002420,001,2022,0343,R32088,1,,,,,,,,,,9,002,계화,8,76,계화(국립식량과학원),청호
69,00122022002456,001,2022,0350,R32091,1,,,,,,,,,,9,002,예산,8,76,예산(충청남도 농업기술원),호품
70,00122022002463,001,2022,0326,R32091,1,,,,,,,,,,9,002,익산,8,76,익산(전북특별자치도 농업기술원),호품
71,00122022002458,001,2022,0350,R32093,1,,,,,,,,,,9,002,예산,8,76,예산(충청남도 농업기술원),새일미
72,00122022002480,001,2022,0351,R32093,1,,,,,,,,,,9,002,안동,8,76,안동(경상북도 농업기술원),새일미
73,00122022002438,001,2022,0332,R33009,1,,,,,,,,,,9,002,화성,8,76,화성(경기도 경기도농업기술원),추청
74,00122022002447,001,2022,2325,R33009,1,,,,,,,,,,9,002,청원,8,76,청원(충청북도 농업기술원),추청
75,00122022002457,001,2022,0350,R33009,1,,,,,,,,,,9,002,예산,8,76,예산(충청남도 농업기술원),추청
76,00122022002460,001,2022,0326,R46058,1,,,,,,,,,,9,002,익산,8,76,익산(전북특별자치도 농업기술원),예찬
1,00122023002559,001,2023,0352,R32006,1,93,809,93,27.2,679,83.9,22.8,614,9,9,002,나주,3,76,나주(전라남도 농업기술원),일미벼
2,00122023002560,001,2023,0352,R32016,1,80.2,791,80.2,34.7,667,84.3,29.2,603,9,9,002,나주,3,76,나주(전라남도 농업기술원),신동진
3,00122023002562,001,2023,0352,R32081,1,84.6,797,84.6,28.2,666,83.5,23.5,602,9,9,002,나주,3,76,나주(전라남도 농업기술원),미품
4,00122023002563,001,2023,0352,R32092,1,89.2,884,89.2,30.4,748,84.6,25.7,676,9,9,002,나주,3,76,나주(전라남도 농업기술원),현품
5,00122023002564,001,2023,0352,R32093,1,94.2,807,94.2,27.1,680,84.3,22.8,615,9,9,002,나주,3,76,나주(전라남도 농업기술원),새일미
6,00122023002561,001,2023,0352,R46054,1,90,711,90,29.9,590,82.9,24.8,533,9,9,002,나주,3,76,나주(전라남도 농업기술원),새청무
7,00122023002565,001,2023,0340,R22009,1,91,634.3,91,28.1,522.7,82.4,23.1,480.9,9,9,002,대구,4,76,대구(경상북도 농업기술원),화영벼
8,00122023002567,001,2023,0340,R22083,1,93.7,773.4,93.7,26.9,640.4,82.8,22,589.1,9,9,002,대구,4,76,대구(경상북도 농업기술원),삼덕
9,00122023002566,001,2023,0340,R32001,1,91.7,780.2,91.7,26.3,641.8,82.3,21.9,590.4,9,9,002,대구,4,76,대구(경상북도 농업기술원),일품벼
10,00122023002568,001,2023,0340,R32082,1,93.8,763.2,93.8,25.6,635.8,83.3,21.5,584.9,9,9,002,대구,4,76,대구(경상북도 농업기술원),삼광
11,00122023002569,001,2023,0340,R32093,1,91.7,751.7,91.7,26.1,618.2,82.2,21.8,568.7,9,9,002,대구,4,76,대구(경상북도 농업기술원),새일미
12,00122023002577,001,2023,0335,R32008,1,94.4332483695416,693.1525676937441,94.4332483695416,26.853333333333335,584.4501941176469,82.43333333333332,22.223333333333332,524.3984661512604,9,9,002,진주,6,76,진주(경상남도 농업기술원),동안벼
13,00122023002578,001,2023,0335,R32068,1,72.88752840364105,751.7996265172736,72.88752840364105,25.44666666666667,607.9786651727358,80.86666666666666,22.313333333333332,559.340371958917,9,9,002,진주,6,76,진주(경상남도 농업기술원),동진1호
14,00122023002576,001,2023,0335,R32093,1,93.08872244864386,710.7198179271709,93.08872244864386,25.495,587.0666696078431,82.6,21.155,540.1013360392158,9,9,002,진주,6,76,진주(경상남도 농업기술원),새일미
15,00122023002575,001,2023,0335,R46055,1,87.38653425042372,723.3562091503268,87.38653425042372,24.953333333333333,590.7982245564892,81.66666666666667,21.703333333333333,543.5343665919701,9,9,002,진주,6,76,진주(경상남도 농업기술원),해품
16,00122023002579,001,2023,0335,R46056,1,86.99245811905931,706.2258636788048,86.99245811905931,27.383333333333336,573.7200770308123,81.23333333333333,23.47,527.8224708683473,9,9,002,진주,6,76,진주(경상남도 농업기술원),영호진미
17,00122023002514,001,2023,0343,R10123,1,75.6,769,75.6,31.8,650,84.5,26.7,598,9,9,002,계화,8,76,계화(국립식량과학원),참동진
18,00122023002557,001,2023,0326,R10123,1,84.6,715,84.6,32,592,82.9,27.8,545,9,9,002,익산,8,76,익산(전북특별자치도 농업기술원),참동진
19,00122023002509,001,2023,0331,R12004,1,92.3,742,92.3,26.3,616,83.4,22.9,567,9,9,002,철원,8,76,철원(국립식량과학원),진부벼
20,00122023002518,001,2023,0330,R12004,1,92.6,647,92.6,29.8,540,83.4,24.1,496,9,9,002,운봉,8,76,운봉(국립식량과학원),진부벼
21,00122023002581,001,2023,0336,R12004,1,93.93973021693405,785.4878337639965,93.93973021693405,26.16597809323322,662.4444707149008,84.33333333333333,22.066666666666666,609.4489130577089,9,9,002,진부,8,76,진부(국립식량과학원),진부벼
22,00122023002522,001,2023,0329,R12005,1,85.50685144833683,755,85.50685144833683,23.09166666666667,625,82.8,19.933333333333333,575,9,9,002,상주,8,76,상주(국립식량과학원),상주벼
23,00122023002547,001,2023,0337,R12005,1,91.6,626.2,91.6,23.9,522.2,83.4,20.9,480.5,9,9,002,제천,8,76,제천(충청북도 농업기술원),상주벼
24,00122023002546,001,2023,0337,R12016,1,95.6,681,95.6,26.9,573.6,84.2,22.9,527.7,9,9,002,제천,8,76,제천(충청북도 농업기술원),상미
25,00122023002519,001,2023,0330,R12019,1,86.3,721,86.3,28.4,600,83.3,22.6,552,9,9,002,운봉,8,76,운봉(국립식량과학원),삼천벼
26,00122023002510,001,2023,0331,R12072,1,91.5,834,91.5,24.9,692,83.1,21,636,9,9,002,철원,8,76,철원(국립식량과학원),태봉
27,00122023002511,001,2023,0331,R12079,1,88.8,859,88.8,26.6,722,84,23.7,664,9,9,002,철원,8,76,철원(국립식량과학원),운광
28,00122023002520,001,2023,0330,R12079,1,83.4,919,83.4,31.2,776,84.4,22.6,714,9,9,002,운봉,8,76,운봉(국립식량과학원),운광
29,00122023002523,001,2023,0329,R12079,1,90.75555298065603,959,90.75555298065603,25.258333333333336,813,84.8,21.634444444444444,748,9,9,002,상주,8,76,상주(국립식량과학원),운광
30,00122023002534,001,2023,0333,R12079,1,92.3,753,92.3,28.2,622,82.6,23.3,572,9,9,002,춘천,8,76,춘천(강원특별자치도 농업기술원),운광
31,00122023002539,001,2023,0344,R12079,1,91.5,756,91.5,28.8,625,82.7,23.8,575,9,9,002,강릉,8,76,강릉(강원특별자치도 농업기술원),운광
32,00122023002548,001,2023,0337,R12079,1,93.1,699,93.1,26.5,587.4,84,22.5,540.4,9,9,002,제천,8,76,제천(충청북도 농업기술원),운광
33,00122023002571,001,2023,0351,R12079,1,90,886,90,26.4,702.9,79.4,22.4,646.7,9,9,002,안동,8,76,안동(경상북도 농업기술원),운광
34,00122023002512,001,2023,0331,R12080,1,89.8,690,89.8,23.8,572,83,21,527,9,9,002,철원,8,76,철원(국립식량과학원),조운
35,00122023002524,001,2023,0329,R12085,1,91.51796208402192,830,91.51796208402192,22.916666666666668,706,85,19.177777777777773,649,9,9,002,상주,8,76,상주(국립식량과학원),설레미
36,00122023002540,001,2023,0344,R12086,1,95,668,95,27.7,544,81.6,22.6,501,9,9,002,강릉,8,76,강릉(강원특별자치도 농업기술원),오대1호
37,00122023002538,001,2023,0344,R12093,1,91,680,91,27.2,561,82.4,22.4,516,9,9,002,강릉,8,76,강릉(강원특별자치도 농업기술원),오륜
38,00122023002551,001,2023,0350,R12122,1,93.4,860.1,93.4,26.4,722,84,21.8,665,9,9,002,예산,8,76,예산(충청남도 농업기술원),친들
39,00122023002570,001,2023,0351,R12123,1,91,822.7,91,26.9,665.8,80.9,22.9,612.5,9,9,002,안동,8,76,안동(경상북도 농업기술원),해담쌀
40,00122023002508,001,2023,0331,R13002,1,84.4,771,84.4,28.6,631,81.8,24.6,581,9,9,002,철원,8,76,철원(국립식량과학원),오대벼
41,00122023002517,001,2023,0330,R13002,1,91.3,769,91.3,31.2,642,83.5,25.6,591,9,9,002,운봉,8,76,운봉(국립식량과학원),오대벼
42,00122023002521,001,2023,0329,R13002,1,84.62272349017718,874,84.62272349017718,27.425,729,83.4,24.261111111111105,671,9,9,002,상주,8,76,상주(국립식량과학원),오대벼
43,00122023002529,001,2023,0332,R13002,1,89.5,603,89.5,29.4,492,81.6,23.7,453,9,9,002,화성,8,76,화성(경기도 경기도농업기술원),오대벼
44,00122023002533,001,2023,0333,R13002,1,94.6,703,94.6,31.8,579,82.3,26.2,533,9,9,002,춘천,8,76,춘천(강원특별자치도 농업기술원),오대벼
45,00122023002537,001,2023,0344,R13002,1,93,686,93,31.2,563,82,25.6,518,9,9,002,강릉,8,76,강릉(강원특별자치도 농업기술원),오대벼
46,00122023002545,001,2023,0337,R13002,1,92.9,614.4,92.9,28.6,514,83.6,23.9,472.9,9,9,002,제천,8,76,제천(충청북도 농업기술원),오대벼
47,00122023002580,001,2023,0336,R13002,1,87.66525922308949,746.3670327304048,87.66525922308949,28.236163200363677,626.4562704565029,83.93333333333334,23.7,576.3397688199827,9,9,002,진부,8,76,진부(국립식량과학원),오대벼
48,00122023002582,001,2023,0336,R13003,1,94.13933691158905,707.2495693367787,94.13933691158905,26.22283823660914,597.8941942291127,84.53333333333332,22.166666666666668,550.0626586907838,9,9,002,진부,8,76,진부(국립식량과학원),진부올벼
49,00122023002526,001,2023,0338,R22009,1,91.6,800,91.6,26,656,81.9,23.5,603,9,9,002,영덕,8,76,영덕(국립식량과학원),화영벼
50,00122023002527,001,2023,0338,R22083,1,88.1,832,88.1,24.6,678,81.5,22.9,624,9,9,002,영덕,8,76,영덕(국립식량과학원),삼덕
51,00122023002525,001,2023,0338,R23004,1,86.5,714,86.5,26,583,81.7,23.5,536,9,9,002,영덕,8,76,영덕(국립식량과학원),화성벼
52,00122023002543,001,2023,2325,R32001,1,92.5,745.8,92.5,26.5,618.8,83,22.5,569.3,9,9,002,청원,8,76,청원(충청북도 농업기술원),일품벼
53,00122023002573,001,2023,0351,R32001,1,81.8,856.2,81.8,25,678.7,79.3,21.3,624,9,9,002,안동,8,76,안동(경상북도 농업기술원),일품벼
54,00122023002530,001,2023,0332,R32003,1,85.9,674,85.9,27.3,553,82.1,23,509,9,9,002,화성,8,76,화성(경기도 경기도농업기술원),대안벼
55,00122023002535,001,2023,0333,R32003,1,95.5,685,95.5,30.7,558,81.4,25,513,9,9,002,춘천,8,76,춘천(강원특별자치도 농업기술원),대안벼
56,00122023002542,001,2023,2325,R32003,1,86.8,675,86.8,27.5,559,82.7,23.3,514,9,9,002,청원,8,76,청원(충청북도 농업기술원),대안벼
57,00122023002515,001,2023,0343,R32011,1,88.5,766,88.5,25.6,641,83.6,21.6,589,9,9,002,계화,8,76,계화(국립식량과학원),남평벼
58,00122023002528,001,2023,0338,R32011,1,89.9,787,89.9,23.9,636,80.9,21.8,585,9,9,002,영덕,8,76,영덕(국립식량과학원),남평벼
59,00122023002556,001,2023,0326,R32011,1,90,697,90,25.4,573,82.2,21.1,527,9,9,002,익산,8,76,익산(전북특별자치도 농업기술원),남평벼
60,00122023002513,001,2023,0343,R32016,1,81.1,793,81.1,30.6,671,84.7,25.7,618,9,9,002,계화,8,76,계화(국립식량과학원),신동진
61,00122023002555,001,2023,0326,R32016,1,86.7,718,86.7,32.1,598,83.3,26.8,550,9,9,002,익산,8,76,익산(전북특별자치도 농업기술원),신동진
62,00122023002516,001,2023,0343,R32068,1,74.5,772,74.5,27.8,650,84.3,23.9,598,9,9,002,계화,8,76,계화(국립식량과학원),동진1호
63,00122023002531,001,2023,0332,R32082,1,87.8,724,87.8,24.8,603,83.4,21.3,555,9,9,002,화성,8,76,화성(경기도 경기도농업기술원),삼광
64,00122023002536,001,2023,0333,R32082,1,93.8,661,93.8,28.8,539,81.6,23.5,496,9,9,002,춘천,8,76,춘천(강원특별자치도 농업기술원),삼광
65,00122023002544,001,2023,2325,R32082,1,92.1,753.7,92.1,25.5,628.8,83.4,21.5,578.5,9,9,002,청원,8,76,청원(충청북도 농업기술원),삼광
66,00122023002549,001,2023,0350,R32082,1,94.8,826.5,94.8,27,698,84.5,22.7,642,9,9,002,예산,8,76,예산(충청남도 농업기술원),삼광
67,00122023002572,001,2023,0351,R32082,1,84.7,903.8,84.7,23,724.5,80.2,20.6,666.6,9,9,002,안동,8,76,안동(경상북도 농업기술원),삼광
68,00122023002553,001,2023,0350,R32084,1,95.5,821.4,95.5,30.4,689,83.9,25.4,634,9,9,002,예산,8,76,예산(충청남도 농업기술원),새누리
69,00122023002558,001,2023,0326,R32084,1,90.3,716,90.3,28,587,82,23.3,540,9,9,002,익산,8,76,익산(전북특별자치도 농업기술원),새누리
70,00122023002552,001,2023,0350,R32093,1,95.3,773.4,95.3,29.3,649,83.9,24.1,597,9,9,002,예산,8,76,예산(충청남도 농업기술원),새일미
71,00122023002574,001,2023,0351,R32093,1,86,855.4,86,25.8,683.8,79.9,21.5,629.1,9,9,002,안동,8,76,안동(경상북도 농업기술원),새일미
72,00122023002532,001,2023,0332,R33009,1,91.4,615,91.4,25.2,511,83.1,21.5,470,9,9,002,화성,8,76,화성(경기도 경기도농업기술원),추청
73,00122023002541,001,2023,2325,R33009,1,89.4,654.6,89.4,25.3,544,83.1,21.5,500.5,9,9,002,청원,8,76,청원(충청북도 농업기술원),추청
74,00122023002583,001,2023,0336,R46057,1,88.42088422667802,734.9802971576228,88.42088422667802,23.380056463773044,619.3967314814814,84.26666666666666,19.7,569.8449929629629,9,9,002,진부,8,76,진부(국립식량과학원),한설
75,00122023002550,001,2023,0350,R46058,1,92.5,796.2,92.5,27.9,668,83.9,23.2,614,9,9,002,예산,8,76,예산(충청남도 농업기술원),예찬
76,00122023002554,001,2023,0326,R46058,1,88.4,729,88.4,26.5,602,82.6,22,554,9,9,002,익산,8,76,익산(전북특별자치도 농업기술원),예찬
1,00122024002694,001,2024,0352,R32006,1,92,722,92,30,596,82.5,596,539,9,9,002,나주,3,76,나주(전라남도 농업기술원),일미벼
2,00122024002695,001,2024,0352,R32016,1,87.1,768,87.1,35.5,643,83.7,643,581,9,9,002,나주,3,76,나주(전라남도 농업기술원),신동진
3,00122024002697,001,2024,0352,R32081,1,90.6,609,90.6,28.9,494,81,494,446,9,9,002,나주,3,76,나주(전라남도 농업기술원),미품
4,00122024002698,001,2024,0352,R32092,1,87.9,737,87.9,31.8,607,82.4,607,549,9,9,002,나주,3,76,나주(전라남도 농업기술원),현품
5,00122024002699,001,2024,0352,R32093,1,92.2,691,92.2,28.3,567,82.1,567,513,9,9,002,나주,3,76,나주(전라남도 농업기술원),새일미
6,00122024002696,001,2024,0352,R46054,1,90.4,663,90.4,30,537,81,537,486,9,9,002,나주,3,76,나주(전라남도 농업기술원),새청무
7,00122024002700,001,2024,0340,R22009,1,93.17632519788496,653.2478332817776,93.17632519788496,28.060644133333273,540.457778861031,82.73333333333333,540.457778861031,497.22115655214856,9,9,002,대구,4,76,대구(경상북도 농업기술원),화영벼
8,00122024002702,001,2024,0340,R22083,1,91.90486417823352,777.6720040453265,91.90486417823352,28.020906333333333,648.0766129238397,83.33333333333333,648.0766129238397,596.2304838899324,9,9,002,대구,4,76,대구(경상북도 농업기술원),삼덕
9,00122024002701,001,2024,0340,R32001,1,90.30750004531599,723.535848457756,90.30750004531599,25.865596066666683,587.2049470804677,81.16666666666667,587.2049470804677,540.2285513140304,9,9,002,대구,4,76,대구(경상북도 농업기술원),일품벼
10,00122024002703,001,2024,0340,R32082,1,94.58447194263557,725.547632975999,94.58447194263557,25.836884015873007,606.3099233168988,83.53333333333333,606.3099233168988,557.8051294515469,9,9,002,대구,4,76,대구(경상북도 농업기술원),삼광
11,00122024002704,001,2024,0340,R32093,1,93.90323058696548,696.4353844248881,93.90323058696548,27.52793799365075,577.0889695317968,82.86666666666666,577.0889695317968,530.921851969253,9,9,002,대구,4,76,대구(경상북도 농업기술원),새일미
12,00122024002712,001,2024,0335,R32008,1,87.46454375855872,649.4557107044549,87.46454375855872,27.667499999999997,530.9437360279393,81.75,530.9437360279393,488.46823714570417,9,9,002,진주,6,76,진주(경상남도 농업기술원),동안벼
13,00122024002713,001,2024,0335,R32068,1,85.28353251222947,726.4075714408222,85.28353251222947,26.330000000000002,596.9077992361265,82.175,596.9077992361265,531.0089723989905,9,9,002,진주,6,76,진주(경상남도 농업기술원),동진1호
14,00122024002711,001,2024,0335,R32093,1,85.28353251222947,698.5985238384338,85.28353251222947,26.330000000000002,596.9077992361265,82.175,596.9077992361265,531.0089723989905,9,9,002,진주,6,76,진주(경상남도 농업기술원),새일미
15,00122024002710,001,2024,0335,R46055,1,88.60000792835517,595.2394656031748,88.60000792835517,26.03,484.53322516090486,81.375,484.53322516090486,445.77056714803246,9,9,002,진주,6,76,진주(경상남도 농업기술원),해품
16,00122024002714,001,2024,0335,R46056,1,91.2225610071454,653.7533651454423,91.2225610071454,26.154999999999998,531.525489947827,81.375,531.525489947827,489.00345075200084,9,9,002,진주,6,76,진주(경상남도 농업기술원),영호진미
17,00122024002649,001,2024,0343,R10123,1,73.6,658,73.6,31.833333333333332,554,84.2,554,510,9,9,002,계화,8,76,계화(국립식량과학원),참동진
18,00122024002692,001,2024,0326,R10123,1,85.6,708,85.6,32.6,584,82.5,584,537,9,9,002,익산,8,76,익산(전북특별자치도 농업기술원),참동진
19,00122024002644,001,2024,0331,R12004,1,91.8,815,91.8,28.1,676,83,676,622,9,9,002,철원,8,76,철원(국립식량과학원),진부벼
20,00122024002653,001,2024,0330,R12004,1,91.66666666666666,538.1666666666666,91.66666666666666,29.366666666666664,449.1333333333334,83.46666666666665,449.1333333333334,413.2,9,9,002,운봉,8,76,운봉(국립식량과학원),진부벼
21,00122024002716,001,2024,0336,R12004,1,91.2533859902281,755.1745262704566,91.2533859902281,26.833333333333332,640.3998817829457,84.8,640.3998817829457,589.1678912403103,9,9,002,진부,8,76,진부(국립식량과학원),진부벼
22,00122024002657,001,2024,0329,R12005,1,90.6,860,90.6,25.3,706,82.1,706,650,9,9,002,상주,8,76,상주(국립식량과학원),상주벼
23,00122024002682,001,2024,0337,R12005,1,89.1,657,89.1,24.1,512.4,78,512.4,471.4,9,9,002,제천,8,76,제천(충청북도 농업기술원),상주벼
24,00122024002681,001,2024,0337,R12016,1,94.9,698.6,94.9,24.9,561.7,80.4,561.7,516.8,9,9,002,제천,8,76,제천(충청북도 농업기술원),상미
25,00122024002654,001,2024,0330,R12019,1,80.63333333333334,637.1666666666666,80.63333333333334,28.133333333333336,525.8666666666667,82.53333333333333,525.8666666666667,483.76666666666665,9,9,002,운봉,8,76,운봉(국립식량과학원),삼천벼
26,00122024002645,001,2024,0331,R12072,1,86,849,86,25.4,698,82.4,698,642,9,9,002,철원,8,76,철원(국립식량과학원),태봉
27,00122024002646,001,2024,0331,R12079,1,86.2,792,86.2,25.1,653,82.5,653,601,9,9,002,철원,8,76,철원(국립식량과학원),운광
28,00122024002655,001,2024,0330,R12079,1,88.83333333333333,745.7000000000002,88.83333333333333,27.7,622.2,83.43333333333334,622.2,572.4333333333334,9,9,002,운봉,8,76,운봉(국립식량과학원),운광
29,00122024002658,001,2024,0329,R12079,1,92.2,861,92.2,27.6,720,83.7,720,655,9,9,002,상주,8,76,상주(국립식량과학원),운광
30,00122024002669,001,2024,0333,R12079,1,90.6,738,90.6,28.1,600,81.3,600,552,9,9,002,춘천,8,76,춘천(강원특별자치도 농업기술원),운광
31,00122024002674,001,2024,0344,R12079,1,87.8,716,87.8,28.7,589,82.3,589,542,9,9,002,강릉,8,76,강릉(강원특별자치도 농업기술원),운광
32,00122024002683,001,2024,0337,R12079,1,95.6,805.1,95.6,27.1,647.3,80.4,647.3,542.6,9,9,002,제천,8,76,제천(충청북도 농업기술원),운광
33,00122024002706,001,2024,0351,R12079,1,90.67831162281938,745.721385242222,90.67831162281938,27.26007444973544,569.9751820028022,76.50000000000001,569.9751820028022,524.377167442578,9,9,002,안동,8,76,안동(경상북도 농업기술원),운광
34,00122024002647,001,2024,0331,R12080,1,89.5,722,89.5,25.5,592,82.3,592,544,9,9,002,철원,8,76,철원(국립식량과학원),조운
35,00122024002659,001,2024,0329,R12085,1,96.1,833,96.1,25.5,689,82.7,689,634,9,9,002,상주,8,76,상주(국립식량과학원),설레미
36,00122024002675,001,2024,0344,R12086,1,92.1,709,92.1,27.4,578,81.4,578,532,9,9,002,강릉,8,76,강릉(강원특별자치도 농업기술원),오대1호
37,00122024002718,001,2024,0336,R12092,1,90.03556024579383,634.1064814814814,90.03556024579383,23.400000000000002,532.6965053832902,84,532.6965053832902,490.080784952627,9,9,002,진부,8,76,진부(국립식량과학원),한설
38,00122024002673,001,2024,0344,R12093,1,92.4,685,92.4,28,561,82,561,516,9,9,002,강릉,8,76,강릉(강원특별자치도 농업기술원),오륜
39,00122024002686,001,2024,0350,R12122,1,89.7,682.2,89.7,27.4,559.2,82,559.2,514.5,9,9,002,예산,8,76,예산(충청남도 농업기술원),친들
40,00122024002705,001,2024,0351,R12123,1,93.2044807137871,735.5624623951107,93.2044807137871,27.691598092592574,590.541272502413,80.2,590.541272502413,543.29797070222,9,9,002,안동,8,76,안동(경상북도 농업기술원),해담쌀
41,00122024002643,001,2024,0331,R13002,1,84.5,771,84.5,31.5,636,82.5,636,585,9,9,002,철원,8,76,철원(국립식량과학원),오대벼
42,00122024002652,001,2024,0330,R13002,1,91.33333333333334,611.6333333333333,91.33333333333334,31.066666666666666,507.56666666666666,82.98333333333333,507.56666666666666,466.9333333333334,9,9,002,운봉,8,76,운봉(국립식량과학원),오대벼
43,00122024002656,001,2024,0329,R13002,1,89.1,854,89.1,30.8,702,82.3,702,646,9,9,002,상주,8,76,상주(국립식량과학원),오대벼
44,00122024002664,001,2024,0332,R13002,1,73.6,679,73.6,28.1,561,82.7,561,517,9,9,002,화성,8,76,화성(경기도 경기도농업기술원),오대벼
45,00122024002668,001,2024,0333,R13002,1,90.7,693,90.7,29.6,560,80.9,560,516,9,9,002,춘천,8,76,춘천(강원특별자치도 농업기술원),오대벼
46,00122024002672,001,2024,0344,R13002,1,89.8,683,89.8,32.8,554,81.1,554,510,9,9,002,강릉,8,76,강릉(강원특별자치도 농업기술원),오대벼
47,00122024002680,001,2024,0337,R13002,1,96.9,614.4,96.9,30,496.8,80.9,496.8,457.1,9,9,002,제천,8,76,제천(충청북도 농업기술원),오대벼
48,00122024002715,001,2024,0336,R13002,1,91.69606046136705,751.0588931955211,91.69606046136705,27.8,627.3598813522825,83.53333333333333,627.3598813522825,577.1710908440999,9,9,002,진부,8,76,진부(국립식량과학원),오대벼
49,00122024002717,001,2024,0336,R13003,1,83.05515342402485,700.6855081826011,83.05515342402485,30.7,595.1373331180017,84.93333333333334,595.1373331180017,547.5263464685617,9,9,002,진부,8,76,진부(국립식량과학원),진부올벼
50,00122024002661,001,2024,0338,R22009,1,91.2,644.022,91.2,28.1,515.2176,80,515.2176,474.00019199999997,9,9,002,영덕,8,76,영덕(국립식량과학원),화영벼
51,00122024002662,001,2024,0338,R22083,1,90,776.62,90,28.4,622.07262,80.1,622.07262,572.3068104,9,9,002,영덕,8,76,영덕(국립식량과학원),삼덕
52,00122024002660,001,2024,0338,R23004,1,91.7,654.528,91.7,28.7,522.313344,79.8,522.313344,480.52827648000005,9,9,002,영덕,8,76,영덕(국립식량과학원),화성벼
53,00122024002678,001,2024,2325,R32001,1,87.6,667.8,87.6,25.2,554,83,554,509.7,9,9,002,청원,8,76,청원(충청북도 농업기술원),일품벼
54,00122024002708,001,2024,0351,R32001,1,91.69150661005845,819.1048010368359,91.69150661005845,26.72210555449563,664.6593024960926,80.96666666666667,664.6593024960926,611.4865582964052,9,9,002,안동,8,76,안동(경상북도 농업기술원),일품벼
55,00122024002665,001,2024,0332,R32003,1,70.8,637,70.8,27.6,520,81.7,520,479,9,9,002,화성,8,76,화성(경기도 경기도농업기술원),대안벼
56,00122024002670,001,2024,0333,R32003,1,92.7,721,92.7,29.8,589,81.7,589,542,9,9,002,춘천,8,76,춘천(강원특별자치도 농업기술원),대안벼
57,00122024002677,001,2024,2325,R32003,1,84.9,633.9,84.9,27.9,537.8,84.8,537.8,494.8,9,9,002,청원,8,76,청원(충청북도 농업기술원),대안벼
58,00122024002650,001,2024,0343,R32011,1,77.8,701,77.8,24.099999999999998,582,82.9,582,535,9,9,002,계화,8,76,계화(국립식량과학원),남평벼
59,00122024002663,001,2024,0338,R32011,1,87.6,738.787,87.6,27.2,576.992647,78.1,576.992647,530.83323524,9,9,002,영덕,8,76,영덕(국립식량과학원),남평벼
60,00122024002691,001,2024,0326,R32011,1,89.7,712,89.7,26.1,576,80.9,576,530,9,9,002,익산,8,76,익산(전북특별자치도 농업기술원),남평벼
61,00122024002648,001,2024,0343,R32016,1,75.6,639,75.6,31.666666666666668,540,84.5,540,497,9,9,002,계화,8,76,계화(국립식량과학원),신동진
62,00122024002690,001,2024,0326,R32016,1,87.5,711,87.5,32.6,591,83.2,591,544,9,9,002,익산,8,76,익산(전북특별자치도 농업기술원),신동진
63,00122024002651,001,2024,0343,R32068,1,81.9,667,81.9,24.86666666666667,558,83.6,558,513,9,9,002,계화,8,76,계화(국립식량과학원),동진1호
64,00122024002666,001,2024,0332,R32082,1,86.7,795,86.7,25.2,659,82.9,659,607,9,9,002,화성,8,76,화성(경기도 경기도농업기술원),삼광
65,00122024002671,001,2024,0333,R32082,1,92.3,770,92.3,25.6,638,82.8,638,587,9,9,002,춘천,8,76,춘천(강원특별자치도 농업기술원),삼광
66,00122024002679,001,2024,2325,R32082,1,89.1,697.5,89.1,25.3,570.5,81.8,570.5,524.9,9,9,002,청원,8,76,청원(충청북도 농업기술원),삼광
67,00122024002684,001,2024,0350,R32082,1,89.3,642.6,89.3,26.5,528.8,82.3,528.8,486.4,9,9,002,예산,8,76,예산(충청남도 농업기술원),삼광
68,00122024002707,001,2024,0351,R32082,1,93.49339268801026,806.209225276851,93.49339268801026,25.81122130476069,673.6945279672067,83.56666666666666,673.6945279672067,619.7989657298302,9,9,002,안동,8,76,안동(경상북도 농업기술원),삼광
69,00122024002688,001,2024,0350,R32084,1,91,747.5,91,30.5,614.3,82.2,614.3,565.2,9,9,002,예산,8,76,예산(충청남도 농업기술원),새누리
70,00122024002693,001,2024,0326,R32084,1,90.2,733,90.2,27.4,597,81.4,597,549,9,9,002,익산,8,76,익산(전북특별자치도 농업기술원),새누리
71,00122024002687,001,2024,0350,R32093,1,93.4,667.6,93.4,28.1,548.6,82.1,548.6,504.7,9,9,002,예산,8,76,예산(충청남도 농업기술원),새일미
72,00122024002709,001,2024,0351,R32093,1,91.535890372634,696.726405415072,91.535890372634,27.047168194707485,547.6382684011071,78.60000000000001,547.6382684011071,503.82720692901853,9,9,002,안동,8,76,안동(경상북도 농업기술원),새일미
73,00122024002667,001,2024,0332,R33009,1,79.1,747,79.1,24,611,81.8,611,562,9,9,002,화성,8,76,화성(경기도 경기도농업기술원),추청
74,00122024002676,001,2024,2325,R33009,1,86.1,664.1,86.1,25.6,538.6,81.1,538.6,495.5,9,9,002,청원,8,76,청원(충청북도 농업기술원),추청
75,00122024002685,001,2024,0350,R46058,1,84.9,637.4,84.9,27.4,520.4,81.6,520.4,478.8,9,9,002,예산,8,76,예산(충청남도 농업기술원),예찬
76,00122024002689,001,2024,0326,R46058,1,88.3,733,88.3,25.2,592,80.8,592,545,9,9,002,익산,8,76,익산(전북특별자치도 농업기술원),예찬
