areaNm,areaNm_full,cropsSpchcknCode,crpstDsgnRegistId,exam1,exam10,exam11,exam2,exam3,exam4,exam5,exam6,exam7,exam8,exam9,examForm,examinTmrd,exprAreaCode,exprSpchcknCode,exprYear,pajong,rnum,sortSn,spciesCode,spciesNm,srchExaminTmrd,totCnt
나주,나주(전라남도 농업기술원),001,00122017001870,88.9, , ,17.8,3.7,1.9,2017-05-10,130,2017-06-05,,,1,1,0352,002,2017,2017-05-10,1,3,R32006,일미벼,1,76
나주,나주(전라남도 농업기술원),001,00122017001869,88.9, , ,17.2,3.7,2.1,2017-05-10,130,2017-06-05,,,1,1,0352,002,2017,2017-05-10,2,3,R32011,남평벼,1,76
나주,나주(전라남도 농업기술원),001,00122017001866,87, , ,12.8,3.7,2.03,2017-05-10,130,2017-06-05,,,1,1,0352,002,2017,2017-05-10,3,3,R32081,미품,1,76
나주,나주(전라남도 농업기술원),001,00122017001867,91.3, , ,18.1,3.6,2.2,2017-05-10,130,2017-06-05,,,1,1,0352,002,2017,2017-05-10,4,3,R32084,새누리,1,76
나주,나주(전라남도 농업기술원),001,00122017001868,88.2, , ,17.5,4.1,2,2017-05-10,130,2017-06-05,,,1,1,0352,002,2017,2017-05-10,5,3,R32090,호평,1,76
나주,나주(전라남도 농업기술원),001,00122017001865,91, , ,12.5,4,2.04,2017-05-10,130,2017-06-05,,,1,1,0352,002,2017,2017-05-10,6,3,R32092,현품,1,76
대구,대구(경상북도 농업기술원),001,00122017001875,82.3, , ,14.1,3.4,2.7,2017-04-30,130,2017-05-30,,,1,1,0340,002,2017,2017-04-30,7,4,R22009,화영벼,1,76
대구,대구(경상북도 농업기술원),001,00122017001873,85.9, , ,14.4,3.6,2.3,2017-04-30,130,2017-05-30,,,1,1,0340,002,2017,2017-04-30,8,4,R22083,삼덕,1,76
대구,대구(경상북도 농업기술원),001,00122017001874,84.6, , ,12.1,3.4,2.6,2017-04-30,130,2017-05-30,,,1,1,0340,002,2017,2017-04-30,9,4,R32001,일품벼,1,76
대구,대구(경상북도 농업기술원),001,00122017001872,77.9, , ,15.6,4,3.2,2017-04-30,130,2017-05-30,,,1,1,0340,002,2017,2017-04-30,10,4,R32015,새추청,1,76
대구,대구(경상북도 농업기술원),001,00122017001871,83.6, , ,15.2,3.8,2.9,2017-04-30,130,2017-05-30,,,1,1,0340,002,2017,2017-04-30,11,4,R32093,새일미,1,76
진주,진주(경상남도 농업기술원),001,00122017001885,95, , ,17.5,3.4,1.7,2017-05-10,130,2017-06-05,,,1,1,0335,002,2017,2017-05-10,12,6,R22009,화영벼,1,76
진주,진주(경상남도 농업기술원),001,00122017001883,98.8, , ,16,3.6,1.6,2017-05-10,130,2017-06-05,,,1,1,0335,002,2017,2017-05-10,13,6,R32008,동안벼,1,76
진주,진주(경상남도 농업기술원),001,00122017001881,96.8, , ,15.8,3.2,1.6,2017-05-10,130,2017-06-05,,,1,1,0335,002,2017,2017-05-10,14,6,R32068,동진1호,1,76
진주,진주(경상남도 농업기술원),001,00122017001882,88.4, , ,13,3.1,1.7,2017-05-10,130,2017-06-05,,,1,1,0335,002,2017,2017-05-10,15,6,R32069,주남,1,76
진주,진주(경상남도 농업기술원),001,00122017001884,91.5, , ,15.6,3.5,1.8,2017-05-10,130,2017-06-05,,,1,1,0335,002,2017,2017-05-10,16,6,R32093,새일미,1,76
계화,계화(국립식량과학원),001,00122017001822,63.3, , ,11.9,3.9,1.8,2017-04-30,200,2017-05-30,,,1,1,0343,002,2017,2017-04-30,17,8,R11073,새계화,1,76
철원,철원(국립식량과학원),001,00122017001818,72.3,,0,19.5,5.2,2.7,2017-04-20,120,2017-05-20,,,1,1,0331,002,2017,2017-04-20,18,8,R12004,진부벼,1,76
운봉,운봉(국립식량과학원),001,00122017001825,82.3, , ,17.1,3.5,1.7,2017-04-20,130,2017-05-20,,,1,1,0330,002,2017,2017-04-20,19,8,R12004,진부벼,1,76
진부,진부(국립식량과학원),001,00122017001888,67, , ,20,4.8,3.2,2017-04-20,120,2017-05-20,,,1,1,0336,002,2017,2017-04-20,20,8,R12004,진부벼,1,76
상주,상주(국립식량과학원),001,00122017001837,89.1, , ,18.3,4.4,2.9,2017-04-25,130,2017-05-25,,,1,1,0329,002,2017,2017-04-25,21,8,R12005,상주벼,1,76
제천,제천(충청북도 농업기술원),001,00122017001848,93.5, , ,15.8,3,1.9,2017-04-20,130,2017-05-20,,,1,1,0337,002,2017,2017-04-20,22,8,R12005,상주벼,1,76
제천,제천(충청북도 농업기술원),001,00122017001849,92.7, , ,13.9,2.9,1.7,2017-04-20,130,2017-05-20,,,1,1,0337,002,2017,2017-04-20,23,8,R12016,상미,1,76
운봉,운봉(국립식량과학원),001,00122017001824,75.1, , ,13.7,3.2,1.4,2017-04-20,130,2017-05-20,,,1,1,0330,002,2017,2017-04-20,24,8,R12019,삼천벼,1,76
철원,철원(국립식량과학원),001,00122017001817,86, , ,18.1,4.4,2,2017-04-20,120,2017-05-20,,,1,1,0331,002,2017,2017-04-20,25,8,R12072,태봉,1,76
철원,철원(국립식량과학원),001,00122017001816,87.3, , ,15.5,5,2.1,2017-04-20,120,2017-05-20,,,1,1,0331,002,2017,2017-04-20,26,8,R12079,운광,1,76
운봉,운봉(국립식량과학원),001,00122017001823,86.1, , ,11.7,4,1.4,2017-04-20,130,2017-05-20,,,1,1,0330,002,2017,2017-04-20,27,8,R12079,운광,1,76
상주,상주(국립식량과학원),001,00122017001836,90.2, , ,16,4.1,2.2,2017-04-25,130,2017-05-25,,,1,1,0329,002,2017,2017-04-25,28,8,R12079,운광,1,76
춘천,춘천(강원특별자치도 농업기술원),001,00122017001841,93.5, , ,16,3.6,3.2,2017-04-25,130,2017-05-25,,,1,1,0333,002,2017,2017-04-25,29,8,R12079,운광,1,76
강릉,강릉(강원특별자치도 농업기술원),001,00122017001844,97.2, , ,15.4,3.9,3.3,2017-04-20,130,2017-05-20,,,1,1,0344,002,2017,2017-04-20,30,8,R12079,운광,1,76
제천,제천(충청북도 농업기술원),001,00122017001847,93.1, , ,13.2,3.3,1.7,2017-04-20,130,2017-05-20,,,1,1,0337,002,2017,2017-04-20,31,8,R12079,운광,1,76
안동,안동(경상북도 농업기술원),001,00122017001879,76.5, , ,15.2,3.4,1.6,2017-04-20,120,2017-05-20,,,1,1,0351,002,2017,2017-04-20,32,8,R12079,운광,1,76
철원,철원(국립식량과학원),001,00122017001815,83.8, , ,16.8,4.5,2,2017-04-20,120,2017-05-20,,,1,1,0331,002,2017,2017-04-20,33,8,R12080,조운,1,76
상주,상주(국립식량과학원),001,00122017001835,90.6, , ,19,4.1,2.5,2017-04-25,130,2017-05-25,,,1,1,0329,002,2017,2017-04-25,34,8,R12085,설레미,1,76
강릉,강릉(강원특별자치도 농업기술원),001,00122017001843,92.7, , ,16.9,3.7,2.7,2017-04-20,130,2017-05-20,,,1,1,0344,002,2017,2017-04-20,35,8,R12086,오대1호,1,76
진부,진부(국립식량과학원),001,00122017001886,80, , ,20,4.8,2.4,2017-04-20,120,2017-05-20,,,1,1,0336,002,2017,2017-04-20,36,8,R12092,한설,1,76
강릉,강릉(강원특별자치도 농업기술원),001,00122017001845,94.9, , ,16.7,3.9,2.8,2017-04-20,130,2017-05-20,,,1,1,0344,002,2017,2017-04-20,37,8,R12093,오륜,1,76
철원,철원(국립식량과학원),001,00122017001814,89,,0,17.5,4.6,2.3,2017-04-20,120,2017-05-20,,,1,1,0331,002,2017,2017-04-20,38,8,R13002,오대벼,1,76
운봉,운봉(국립식량과학원),001,00122017001826,78.8, , ,13.6,3.3,1.7,2017-04-20,130,2017-05-20,,,1,1,0330,002,2017,2017-04-20,39,8,R13002,오대벼,1,76
화성,화성(경기도 경기도농업기술원),001,00122017001830,95.6, , ,18.1,2.6,2.64,2017-04-20,130,2017-05-20,,,1,1,0332,002,2017,2017-04-20,40,8,R13002,오대벼,1,76
상주,상주(국립식량과학원),001,00122017001838,90.1, , ,18.5,4.1,2.7,2017-04-25,130,2017-05-25,,,1,1,0329,002,2017,2017-04-25,41,8,R13002,오대벼,1,76
춘천,춘천(강원특별자치도 농업기술원),001,00122017001842,96.4, , ,17.5,3.2,3.2,2017-04-25,130,2017-05-25,,,1,1,0333,002,2017,2017-04-25,42,8,R13002,오대벼,1,76
강릉,강릉(강원특별자치도 농업기술원),001,00122017001846,93.2, , ,18.4,3.8,3.3,2017-04-20,130,2017-05-20,,,1,1,0344,002,2017,2017-04-20,43,8,R13002,오대벼,1,76
제천,제천(충청북도 농업기술원),001,00122017001850,93.2, , ,20.1,3.7,2.2,2017-04-20,130,2017-05-20,,,1,1,0337,002,2017,2017-04-20,44,8,R13002,오대벼,1,76
안동,안동(경상북도 농업기술원),001,00122017001880,71.4, , ,14.7,3.4,1.4,2017-04-20,120,2017-05-20,,,1,1,0351,002,2017,2017-04-20,45,8,R13002,오대벼,1,76
진부,진부(국립식량과학원),001,00122017001889,73, , ,16,5,3,2017-04-20,120,2017-05-20,,,1,1,0336,002,2017,2017-04-20,46,8,R13002,오대벼,1,76
진부,진부(국립식량과학원),001,00122017001887,82, , ,17,5,3.3,2017-04-20,120,2017-05-20,,,1,1,0336,002,2017,2017-04-20,47,8,R13003,진부올벼,1,76
영덕,영덕(국립식량과학원),001,00122017001833,83, , ,15.5,3.2,2.5,2017-04-20,130,2017-05-25,,,1,1,0338,002,2017,2017-04-20,48,8,R22009,화영벼,1,76
영덕,영덕(국립식량과학원),001,00122017001832,83.1, , ,14.7,3,2.1,2017-04-20,130,2017-05-25,,,1,1,0338,002,2017,2017-04-20,49,8,R22083,삼덕,1,76
영덕,영덕(국립식량과학원),001,00122017001834,83.2, , ,13.5,2.7,2,2017-04-20,130,2017-05-25,,,1,1,0338,002,2017,2017-04-20,50,8,R23004,화성벼,1,76
춘천,춘천(강원특별자치도 농업기술원),001,00122017001839,80.6, , ,14.8,3.2,2.7,2017-04-25,130,2017-05-25,,,1,1,0333,002,2017,2017-04-25,51,8,R32001,일품벼,1,76
청원,청원(충청북도 농업기술원),001,00122017001852,92, , ,16,2.8,1.9,2017-04-25,130,2017-05-25,,,1,1,2325,002,2017,2017-04-25,52,8,R32001,일품벼,1,76
안동,안동(경상북도 농업기술원),001,00122017001877,93.7, , ,14.7,3.1,1.2,2017-04-20,120,2017-05-20,,,1,1,0351,002,2017,2017-04-20,53,8,R32001,일품벼,1,76
화성,화성(경기도 경기도농업기술원),001,00122017001829,95.8, , ,23.5,3.4,3.55,2017-04-20,130,2017-05-20,,,1,1,0332,002,2017,2017-04-20,54,8,R32003,대안벼,1,76
춘천,춘천(강원특별자치도 농업기술원),001,00122017001840,97.1, , ,19.7,3.4,3.4,2017-04-25,130,2017-05-25,,,1,1,0333,002,2017,2017-04-25,55,8,R32003,대안벼,1,76
청원,청원(충청북도 농업기술원),001,00122017001853,92.5, , ,19,3.1,2,2017-04-25,130,2017-05-25,,,1,1,2325,002,2017,2017-04-25,56,8,R32003,대안벼,1,76
익산,익산(전북특별자치도 농업기술원),001,00122017001864,94.3, , ,15.6,3.9,2.7,2017-04-30,130,2017-05-30,,,1,1,0326,002,2017,2017-04-30,57,8,R32006,일미벼,1,76
계화,계화(국립식량과학원),001,00122017001820,91.8, , ,14.9,4.2,1.9,2017-04-30,150,2017-05-30,,,1,1,0343,002,2017,2017-04-30,58,8,R32011,남평벼,1,76
영덕,영덕(국립식량과학원),001,00122017001831,81.1, , ,13.4,3.1,1.8,2017-04-20,130,2017-05-25,,,1,1,0338,002,2017,2017-04-20,59,8,R32011,남평벼,1,76
예산,예산(충청남도 농업기술원),001,00122017001856,89.7, , ,18.5,4.4,2.5,2017-04-25,130,2017-05-25,,,1,1,0350,002,2017,2017-04-25,60,8,R32011,남평벼,1,76
익산,익산(전북특별자치도 농업기술원),001,00122017001862,95.2, , ,15.2,4,3,2017-04-30,130,2017-05-30,,,1,1,0326,002,2017,2017-04-30,61,8,R32011,남평벼,1,76
안동,안동(경상북도 농업기술원),001,00122017001878,88.6, , ,16.2,3.5,1.5,2017-04-20,120,2017-05-20,,,1,1,0351,002,2017,2017-04-20,62,8,R32015,새추청,1,76
익산,익산(전북특별자치도 농업기술원),001,00122017001863,93.2, , ,16.5,3.9,3.4,2017-04-30,130,2017-05-30,,,1,1,0326,002,2017,2017-04-30,63,8,R32016,신동진,1,76
계화,계화(국립식량과학원),001,00122017001819,84.5, , ,13.2,4.2,1.8,2017-04-30,150,2017-05-30,,,1,1,0343,002,2017,2017-04-30,64,8,R32068,동진1호,1,76
화성,화성(경기도 경기도농업기술원),001,00122017001828,94.2, , ,20,3.1,3.46,2017-04-20,130,2017-05-20,,,1,1,0332,002,2017,2017-04-20,65,8,R32082,삼광,1,76
청원,청원(충청북도 농업기술원),001,00122017001851,92.9, , ,16.8,2.9,1.9,2017-04-25,130,2017-05-25,,,1,1,2325,002,2017,2017-04-25,66,8,R32082,삼광,1,76
예산,예산(충청남도 농업기술원),001,00122017001859,95.4, , ,18.9,4.8,2.1,2017-04-25,130,2017-05-25,,,1,1,0350,002,2017,2017-04-25,67,8,R32082,삼광,1,76
예산,예산(충청남도 농업기술원),001,00122017001855,93.7, , ,19.3,4.3,2.4,2017-04-25,130,2017-05-25,,,1,1,0350,002,2017,2017-04-25,68,8,R32084,새누리,1,76
익산,익산(전북특별자치도 농업기술원),001,00122017001860,95, , ,15.7,4,2.8,2017-04-30,130,2017-05-30,,,1,1,0326,002,2017,2017-04-30,69,8,R32084,새누리,1,76
계화,계화(국립식량과학원),001,00122017001821,81.4, , ,13.4,4.5,2,2017-04-30,150,2017-05-30,,,1,1,0343,002,2017,2017-04-30,70,8,R32088,청호,1,76
예산,예산(충청남도 농업기술원),001,00122017001858,88.4, , ,15.1,4.9,2.5,2017-04-25,130,2017-05-25,,,1,1,0350,002,2017,2017-04-25,71,8,R32091,호품,1,76
익산,익산(전북특별자치도 농업기술원),001,00122017001861,92.7, , ,13,3.9,2.7,2017-04-30,130,2017-05-30,,,1,1,0326,002,2017,2017-04-30,72,8,R32091,호품,1,76
안동,안동(경상북도 농업기술원),001,00122017001876,80.9, , ,15.5,3.2,1.4,2017-04-20,120,2017-05-20,,,1,1,0351,002,2017,2017-04-20,73,8,R32093,새일미,1,76
화성,화성(경기도 경기도농업기술원),001,00122017001827,92.1, , ,21.5,3,3.15,2017-04-20,130,2017-05-20,,,1,1,0332,002,2017,2017-04-20,74,8,R33009,추청,1,76
청원,청원(충청북도 농업기술원),001,00122017001854,93.2, , ,18.1,3,2,2017-04-25,130,2017-05-25,,,1,1,2325,002,2017,2017-04-25,75,8,R33009,추청,1,76
예산,예산(충청남도 농업기술원),001,00122017001857,93.3, , ,20.4,5,2.5,2017-04-25,130,2017-05-25,,,1,1,0350,002,2017,2017-04-25,76,8,R33009,추청,1,76
나주,나주(전라남도 농업기술원),001,00122018001941,88.6, , ,21,3.4,1.77,2018-05-10,130,2018-06-05,,,1,1,0352,002,2018,2018-05-10,1,3,R32006,일미벼,1,75
나주,나주(전라남도 농업기술원),001,00122018001944,88.1, , ,16.3,3.3,1.99,2018-05-10,130,2018-06-05,,,1,1,0352,002,2018,2018-05-10,2,3,R32081,미품,1,75
나주,나주(전라남도 농업기술원),001,00122018001943,90.5, , ,22.1,3.4,2.19,2018-05-10,130,2018-06-05,,,1,1,0352,002,2018,2018-05-10,3,3,R32084,새누리,1,75
나주,나주(전라남도 농업기술원),001,00122018001942,88.6, , ,21.1,3.8,1.94,2018-05-10,130,2018-06-05,,,1,1,0352,002,2018,2018-05-10,4,3,R32090,호평,1,75
나주,나주(전라남도 농업기술원),001,00122018001945,92.8, , ,17.2,3.4,2.14,2018-05-10,130,2018-06-05,,,1,1,0352,002,2018,2018-05-10,5,3,R32092,현품,1,75
대구,대구(경상북도 농업기술원),001,00122018001946,85.7, , ,17.5,3.5,3.3,2018-04-30,130,2018-05-30,,,1,1,0340,002,2018,2018-04-30,6,4,R22009,화영벼,1,75
대구,대구(경상북도 농업기술원),001,00122018001948,94.3, , ,16.4,3.5,2.4,2018-04-30,130,2018-05-30,,,1,1,0340,002,2018,2018-04-30,7,4,R22083,삼덕,1,75
대구,대구(경상북도 농업기술원),001,00122018001947,84.9, , ,14.7,3.7,2.7,2018-04-30,130,2018-05-30,,,1,1,0340,002,2018,2018-04-30,8,4,R32001,일품벼,1,75
대구,대구(경상북도 농업기술원),001,00122018001949,88.3, , ,16.8,3.5,2.5,2018-04-30,130,2018-05-30,,,1,1,0340,002,2018,2018-04-30,9,4,R32082,삼광,1,75
대구,대구(경상북도 농업기술원),001,00122018001950,80.3, , ,16.3,3.7,3,2018-04-30,130,2018-05-30,,,1,1,0340,002,2018,2018-04-30,10,4,R32093,새일미,1,75
진주,진주(경상남도 농업기술원),001,00122018001956,97.9, , ,17.4,4.1,1.67,2018-05-10,130,2018-06-05,,,1,1,0335,002,2018,2018-05-10,11,6,R22009,화영벼,1,75
진주,진주(경상남도 농업기술원),001,00122018001958,98, , ,20.4,4.1,1.69,2018-05-10,130,2018-06-05,,,1,1,0335,002,2018,2018-05-10,12,6,R32008,동안벼,1,75
진주,진주(경상남도 농업기술원),001,00122018001960,95.9, , ,16.4,4.1,1.75,2018-05-10,130,2018-06-05,,,1,1,0335,002,2018,2018-05-10,13,6,R32068,동진1호,1,75
진주,진주(경상남도 농업기술원),001,00122018001959,95.9, , ,13.8,4.1,1.87,2018-05-10,130,2018-06-05,,,1,1,0335,002,2018,2018-05-10,14,6,R32069,주남,1,75
진주,진주(경상남도 농업기술원),001,00122018001957,93.2, , ,16.7,4.1,1.59,2018-05-10,130,2018-06-05,,,1,1,0335,002,2018,2018-05-10,15,6,R32093,새일미,1,75
철원,철원(국립식량과학원),001,00122018001893,70, , ,19.5,4.9,2.9,2018-04-20,120,2018-05-20,,,1,1,0331,002,2018,2018-04-20,16,8,R12004,진부벼,1,75
운봉,운봉(국립식량과학원),001,00122018001901,96.6, , ,13.4,4.4,1.2,2018-04-20,130,2018-05-20,,,1,1,0330,002,2018,2018-04-20,17,8,R12004,진부벼,1,75
진부,진부(국립식량과학원),001,00122018001962,94.7, , ,19.4,4.9,2.2,2018-04-20,120,2018-05-20,,,1,1,0336,002,2018,2018-04-20,18,8,R12004,진부벼,1,75
상주,상주(국립식량과학원),001,00122018001905,92.4, , ,15.1,4.1,1.5,2018-04-25,130,2018-05-25,,,1,1,0329,002,2018,2018-04-25,19,8,R12005,상주벼,1,75
제천,제천(충청북도 농업기술원),001,00122018001929,94, , ,14,3.3,1.7,2018-04-20,130,2018-05-20,,,1,1,0337,002,2018,2018-04-20,20,8,R12005,상주벼,1,75
제천,제천(충청북도 농업기술원),001,00122018001928,93.2, , ,15.3,3,1.8,2018-04-20,130,2018-05-20,,,1,1,0337,002,2018,2018-04-20,21,8,R12016,상미,1,75
운봉,운봉(국립식량과학원),001,00122018001900,95.6, , ,12.4,4.4,1.2,2018-04-20,130,2018-05-20,,,1,1,0330,002,2018,2018-04-20,22,8,R12019,삼천벼,1,75
철원,철원(국립식량과학원),001,00122018001892,84.6, , ,20.8,5,2,2018-04-20,120,2018-05-20,,,1,1,0331,002,2018,2018-04-20,23,8,R12072,태봉,1,75
철원,철원(국립식량과학원),001,00122018001891,83, , ,13.5,4.4,2,2018-04-20,120,2018-05-20,,,1,1,0331,002,2018,2018-04-20,24,8,R12079,운광,1,75
운봉,운봉(국립식량과학원),001,00122018001899,95.6, , ,12.4,4.7,1.4,2018-04-20,130,2018-05-20,,,1,1,0330,002,2018,2018-04-20,25,8,R12079,운광,1,75
상주,상주(국립식량과학원),001,00122018001904,91.1, , ,13.5,4.1,2.1,2018-04-25,130,2018-05-25,,,1,1,0329,002,2018,2018-04-25,26,8,R12079,운광,1,75
춘천,춘천(강원특별자치도 농업기술원),001,00122018001917,84, , ,12.3,3.5,3.6,2018-04-25,130,2018-05-25,,,1,1,0333,002,2018,2018-04-25,27,8,R12079,운광,1,75
강릉,강릉(강원특별자치도 농업기술원),001,00122018001921,95.2, , ,12.2,4,2,2018-04-20,130,2018-05-20,,,1,1,0344,002,2018,2018-04-20,28,8,R12079,운광,1,75
제천,제천(충청북도 농업기술원),001,00122018001930,93.6, , ,13.5,3.2,1.7,2018-04-20,130,2018-05-20,,,1,1,0337,002,2018,2018-04-20,29,8,R12079,운광,1,75
안동,안동(경상북도 농업기술원),001,00122018001952,96.3, , ,13.3,3,1.4,2018-04-20,120,2018-05-20,,,1,1,0351,002,2018,2018-04-20,30,8,R12079,운광,1,75
철원,철원(국립식량과학원),001,00122018001890,90.1,,0,17.7,4.6,1.9,2018-04-20,120,2018-05-20,,,1,1,0331,002,2018,2018-04-20,31,8,R12080,조운,1,75
상주,상주(국립식량과학원),001,00122018001903,93.7, , ,16.1,4,1.8,2018-04-25,130,2018-05-25,,,1,1,0329,002,2018,2018-04-25,32,8,R12085,설레미,1,75
강릉,강릉(강원특별자치도 농업기술원),001,00122018001922,99.6, , ,15.6,3.6,2.2,2018-04-20,130,2018-05-20,,,1,1,0344,002,2018,2018-04-20,33,8,R12086,오대1호,1,75
진부,진부(국립식량과학원),001,00122018001964,94.1, , ,15.2,5.3,1.8,2018-04-20,120,2018-05-20,,,1,1,0336,002,2018,2018-04-20,34,8,R12092,한설,1,75
강릉,강릉(강원특별자치도 농업기술원),001,00122018001920,98.4, , ,14.5,3.6,1.9,2018-04-20,130,2018-05-20,,,1,1,0344,002,2018,2018-04-20,35,8,R12093,오륜,1,75
철원,철원(국립식량과학원),001,00122018001894,83.5, , ,22.2,4.9,2.9,2018-04-20,120,2018-05-20,,,1,1,0331,002,2018,2018-04-20,36,8,R13002,오대벼,1,75
운봉,운봉(국립식량과학원),001,00122018001902,97.4, , ,13.3,4.5,1.7,2018-04-20,130,2018-05-20,,,1,1,0330,002,2018,2018-04-20,37,8,R13002,오대벼,1,75
상주,상주(국립식량과학원),001,00122018001906,91.7, , ,16.4,4.2,2.2,2018-04-25,130,2018-05-25,,,1,1,0329,002,2018,2018-04-25,38,8,R13002,오대벼,1,75
화성,화성(경기도 경기도농업기술원),001,00122018001914,95, , ,16.8,3.2,2.21,2018-04-20,130,2018-05-20,,,1,1,0332,002,2018,2018-04-20,39,8,R13002,오대벼,1,75
춘천,춘천(강원특별자치도 농업기술원),001,00122018001918,85.2, , ,18.2,3.1,3.4,2018-04-25,130,2018-05-25,,,1,1,0333,002,2018,2018-04-25,40,8,R13002,오대벼,1,75
강릉,강릉(강원특별자치도 농업기술원),001,00122018001919,93.6, , ,15.8,3.7,2.3,2018-04-20,130,2018-05-20,,,1,1,0344,002,2018,2018-04-20,41,8,R13002,오대벼,1,75
제천,제천(충청북도 농업기술원),001,00122018001927,93.8, , ,19.3,3.1,1.9,2018-04-20,130,2018-05-20,,,1,1,0337,002,2018,2018-04-20,42,8,R13002,오대벼,1,75
안동,안동(경상북도 농업기술원),001,00122018001951,97.5, , ,12.2,3.1,1.4,2018-04-20,120,2018-05-20,,,1,1,0351,002,2018,2018-04-20,43,8,R13002,오대벼,1,75
진부,진부(국립식량과학원),001,00122018001961,86.1, , ,20.1,4.6,2.5,2018-04-20,120,2018-05-20,,,1,1,0336,002,2018,2018-04-20,44,8,R13002,오대벼,1,75
진부,진부(국립식량과학원),001,00122018001963,95.8, , ,20.8,5.2,2.8,2018-04-20,120,2018-05-20,,,1,1,0336,002,2018,2018-04-20,45,8,R13003,진부올벼,1,75
영덕,영덕(국립식량과학원),001,00122018001909,78.6, , ,12.2,3.3,1.85,2018-04-20,130,2018-05-25,,,1,1,0338,002,2018,2018-04-20,46,8,R22009,화영벼,1,75
영덕,영덕(국립식량과학원),001,00122018001908,80.4, , ,12.9,3.1,1.84,2018-04-20,130,2018-05-25,,,1,1,0338,002,2018,2018-04-20,47,8,R22083,삼덕,1,75
영덕,영덕(국립식량과학원),001,00122018001910,78.9, , ,12.9,3.5,1.61,2018-04-20,130,2018-05-25,,,1,1,0338,002,2018,2018-04-20,48,8,R23004,화성벼,1,75
춘천,춘천(강원특별자치도 농업기술원),001,00122018001915,96.7, , ,13.9,3.1,2.9,2018-04-25,130,2018-05-25,,,1,1,0333,002,2018,2018-04-25,49,8,R32001,일품벼,1,75
청원,청원(충청북도 농업기술원),001,00122018001925,93, , ,16.2,2.8,2,2018-04-25,130,2018-05-25,,,1,1,2325,002,2018,2018-04-25,50,8,R32001,일품벼,1,75
안동,안동(경상북도 농업기술원),001,00122018001954,97.8, , ,9.4,3.1,1.1,2018-04-20,120,2018-05-20,,,1,1,0351,002,2018,2018-04-20,51,8,R32001,일품벼,1,75
화성,화성(경기도 경기도농업기술원),001,00122018001913,96.5, , ,14.6,3.5,2.1,2018-04-20,130,2018-05-20,,,1,1,0332,002,2018,2018-04-20,52,8,R32003,대안벼,1,75
춘천,춘천(강원특별자치도 농업기술원),001,00122018001916,98.6, , ,15.7,3.6,2.9,2018-04-25,130,2018-05-25,,,1,1,0333,002,2018,2018-04-25,53,8,R32003,대안벼,1,75
청원,청원(충청북도 농업기술원),001,00122018001924,93.2, , ,19.2,3,2.1,2018-04-25,130,2018-05-25,,,1,1,2325,002,2018,2018-04-25,54,8,R32003,대안벼,1,75
익산,익산(전북특별자치도 농업기술원),001,00122018001936,93.2, , ,14.7,3.7,2.6,2018-04-30,130,2018-05-30,,,1,1,0326,002,2018,2018-04-30,55,8,R32006,일미벼,1,75
계화,계화(국립식량과학원),001,00122018001896,95.3, , ,19.7,3.8,1.3,2018-04-30,150,2018-05-30,,,1,1,0343,002,2018,2018-04-30,56,8,R32011,남평벼,1,75
영덕,영덕(국립식량과학원),001,00122018001907,80.7, , ,12.9,3.1,1.33,2018-04-20,130,2018-05-25,,,1,1,0338,002,2018,2018-04-20,57,8,R32011,남평벼,1,75
예산,예산(충청남도 농업기술원),001,00122018001934,84.8, , ,19.7,4.4,2,2018-04-25,130,2018-05-25,,,1,1,0350,002,2018,2018-04-25,58,8,R32011,남평벼,1,75
익산,익산(전북특별자치도 농업기술원),001,00122018001938,93.2, , ,14.6,3.9,2.7,2018-04-30,130,2018-05-30,,,1,1,0326,002,2018,2018-04-30,59,8,R32011,남평벼,1,75
안동,안동(경상북도 농업기술원),001,00122018001953,95.3, , ,10.8,2.9,1.2,2018-04-20,120,2018-05-20,,,1,1,0351,002,2018,2018-04-20,60,8,R32015,새추청,1,75
계화,계화(국립식량과학원),001,00122018001898,95.3, , ,22.8,4,1.4,2018-04-30,200,2018-05-30,,,1,1,0343,002,2018,2018-04-30,61,8,R32016,신동진,1,75
익산,익산(전북특별자치도 농업기술원),001,00122018001937,92.3, , ,15.4,3.7,3,2018-04-30,130,2018-05-30,,,1,1,0326,002,2018,2018-04-30,62,8,R32016,신동진,1,75
계화,계화(국립식량과학원),001,00122018001895,93.5, , ,15.5,3.7,1,2018-04-30,150,2018-05-30,,,1,1,0343,002,2018,2018-04-30,63,8,R32068,동진1호,1,75
화성,화성(경기도 경기도농업기술원),001,00122018001912,98.8, , ,16.8,3.1,1.8,2018-04-20,130,2018-05-20,,,1,1,0332,002,2018,2018-04-20,64,8,R32082,삼광,1,75
청원,청원(충청북도 농업기술원),001,00122018001926,93.5, , ,18.2,2.8,2,2018-04-25,130,2018-05-25,,,1,1,2325,002,2018,2018-04-25,65,8,R32082,삼광,1,75
예산,예산(충청남도 농업기술원),001,00122018001931,83.3, , ,22.3,4.5,2.5,2018-04-25,130,2018-05-25,,,1,1,0350,002,2018,2018-04-25,66,8,R32082,삼광,1,75
예산,예산(충청남도 농업기술원),001,00122018001935,79.4, , ,21,4.6,2.5,2018-04-25,130,2018-05-25,,,1,1,0350,002,2018,2018-04-25,67,8,R32084,새누리,1,75
익산,익산(전북특별자치도 농업기술원),001,00122018001940,93, , ,15,4,2.7,2018-04-30,130,2018-05-30,,,1,1,0326,002,2018,2018-04-30,68,8,R32084,새누리,1,75
계화,계화(국립식량과학원),001,00122018001897,95.2, , ,16.5,3.8,1.4,2018-04-30,150,2018-05-30,,,1,1,0343,002,2018,2018-04-30,69,8,R32088,청호,1,75
예산,예산(충청남도 농업기술원),001,00122018001932,89.1, , ,16.6,4.8,2.1,2018-04-25,130,2018-05-25,,,1,1,0350,002,2018,2018-04-25,70,8,R32091,호품,1,75
익산,익산(전북특별자치도 농업기술원),001,00122018001939,89.1, , ,12.8,3.8,2.7,2018-04-30,130,2018-05-30,,,1,1,0326,002,2018,2018-04-30,71,8,R32091,호품,1,75
안동,안동(경상북도 농업기술원),001,00122018001955,98.1, , ,11.6,3.3,1.2,2018-04-20,120,2018-05-20,,,1,1,0351,002,2018,2018-04-20,72,8,R32093,새일미,1,75
화성,화성(경기도 경기도농업기술원),001,00122018001911,98.6, , ,14.8,3.5,2.17,2018-04-20,130,2018-05-20,,,1,1,0332,002,2018,2018-04-20,73,8,R33009,추청,1,75
청원,청원(충청북도 농업기술원),001,00122018001923,94.3, , ,20.7,3,2.1,2018-04-25,130,2018-05-25,,,1,1,2325,002,2018,2018-04-25,74,8,R33009,추청,1,75
예산,예산(충청남도 농업기술원),001,00122018001933,80.2, , ,20,4.8,2.4,2018-04-25,130,2018-05-25,,,1,1,0350,002,2018,2018-04-25,75,8,R33009,추청,1,75
나주,나주(전라남도 농업기술원),001,00122019002250,80.5, , ,15.3,4.1,2.37,2019-05-10,130,2019-06-05,30,14,1,1,0352,002,2019,2019-05-10,1,3,R32006,일미벼,1,75
나주,나주(전라남도 농업기술원),001,00122019002251,86.5, , ,18.2,4.1,2.75,2019-05-10,130,2019-06-05,30,14,1,1,0352,002,2019,2019-05-10,2,3,R32016,신동진,1,75
나주,나주(전라남도 농업기술원),001,00122019002253,77.2, , ,14.8,4.2,2.7,2019-05-10,130,2019-06-05,30,14,1,1,0352,002,2019,2019-05-10,3,3,R32081,미품,1,75
나주,나주(전라남도 농업기술원),001,00122019002254,81.2, , ,12.5,4.3,2.47,2019-05-10,130,2019-06-05,30,14,1,1,0352,002,2019,2019-05-10,4,3,R32092,현품,1,75
나주,나주(전라남도 농업기술원),001,00122019002252,70.7, , ,17,4.7,2.67,2019-05-10,130,2019-06-05,30,14,1,1,0352,002,2019,2019-05-10,5,3,R46054,새청무,1,75
대구,대구(경상북도 농업기술원),001,00122019002255,83.6, , ,16.3,3.7,2.1,2019-04-30,130,2019-05-30,30,14,1,1,0340,002,2019,2019-04-30,6,4,R22009,화영벼,1,75
대구,대구(경상북도 농업기술원),001,00122019002257,90.1, , ,17,3.5,1.9,2019-04-30,130,2019-05-30,30,14,1,1,0340,002,2019,2019-04-30,7,4,R22083,삼덕,1,75
대구,대구(경상북도 농업기술원),001,00122019002256,75.7, , ,12.4,4.1,1.9,2019-04-30,130,2019-05-30,30,14,1,1,0340,002,2019,2019-04-30,8,4,R32001,일품벼,1,75
대구,대구(경상북도 농업기술원),001,00122019002258,87, , ,18.3,3.9,2.1,2019-04-30,130,2019-05-30,30,14,1,1,0340,002,2019,2019-04-30,9,4,R32082,삼광,1,75
대구,대구(경상북도 농업기술원),001,00122019002259,83.8, , ,16.6,3.9,2.3,2019-04-30,130,2019-05-30,30,14,1,1,0340,002,2019,2019-04-30,10,4,R32093,새일미,1,75
진주,진주(경상남도 농업기술원),001,00122019002267,99, , ,18.4,4.1,2.05,2019-05-10,130,2019-06-05,30,14,1,1,0335,002,2019,2019-05-10,11,6,R32008,동안벼,1,75
진주,진주(경상남도 농업기술원),001,00122019002268,98.6, , ,17.9,3.7,1.76,2019-05-10,130,2019-06-05,30,14,1,1,0335,002,2019,2019-05-10,12,6,R32068,동진1호,1,75
진주,진주(경상남도 농업기술원),001,00122019002266,99.4, , ,17.4,3.8,1.55,2019-05-10,130,2019-06-05,30,14,1,1,0335,002,2019,2019-05-10,13,6,R32093,새일미,1,75
진주,진주(경상남도 농업기술원),001,00122019002265,97.8, , ,17.3,3.8,1.6,2019-05-10,130,2019-06-05,30,14,1,1,0335,002,2019,2019-05-10,14,6,R46055,해품,1,75
진주,진주(경상남도 농업기술원),001,00122019002269,97.5, , ,15.9,3.8,1.75,2019-05-10,130,2019-06-05,30,14,1,1,0335,002,2019,2019-05-10,15,6,R46056,영호진미,1,75
철원,철원(국립식량과학원),001,00122019002200,99.07407407407407, , ,25.19937037037037,4.303888888888888,3.1833333333333335,2019-04-20,130,2019-05-20,30,12,1,1,0331,002,2019,2019-04-20,16,8,R12004,진부벼,1,75
운봉,운봉(국립식량과학원),001,00122019002209,87.9, , ,17.4,4.5,1.7,2019-04-20,130,2019-05-20,30,12,1,1,0330,002,2019,2019-04-20,17,8,R12004,진부벼,1,75
진부,진부(국립식량과학원),001,00122019002271,92.6, , ,16.5,3.5,2,2019-04-20,120,2019-05-20,30,12,1,1,0336,002,2019,2019-04-20,18,8,R12004,진부벼,1,75
상주,상주(국립식량과학원),001,00122019002213,93, , ,13.5,4.468333333333333,2.31,2019-04-25,130,2019-05-24,30,12,1,1,0329,002,2019,2019-04-25,19,8,R12005,상주벼,1,75
제천,제천(충청북도 농업기술원),001,00122019002238,93.8, , ,14.4,2.8,2,2019-04-20,130,2019-05-20,30,12,1,1,0337,002,2019,2019-04-20,20,8,R12005,상주벼,1,75
제천,제천(충청북도 농업기술원),001,00122019002237,93, , ,14.1,2.8,2,2019-04-20,130,2019-05-20,30,12,1,1,0337,002,2019,2019-04-20,21,8,R12016,상미,1,75
운봉,운봉(국립식량과학원),001,00122019002210,88.9, , ,12.2,3.8,1.5,2019-04-20,130,2019-05-20,30,12,1,1,0330,002,2019,2019-04-20,22,8,R12019,삼천벼,1,75
철원,철원(국립식량과학원),001,00122019002201,91.09531174961732, , ,24.486296296296292,5.096481481481482,2.85,2019-04-20,130,2019-05-20,30,12,1,1,0331,002,2019,2019-04-20,23,8,R12072,태봉,1,75
철원,철원(국립식량과학원),001,00122019002202,84.52541162667855, , ,17.59,5.041666666666667,2.6299999999999994,2019-04-20,130,2019-05-20,30,12,1,1,0331,002,2019,2019-04-20,24,8,R12079,운광,1,75
운봉,운봉(국립식량과학원),001,00122019002211,95.8, , ,14.7,4.1,1.5,2019-04-20,130,2019-05-20,30,12,1,1,0330,002,2019,2019-04-20,25,8,R12079,운광,1,75
상주,상주(국립식량과학원),001,00122019002214,93.4, , ,12.6,4.286666666666666,2.23,2019-04-25,130,2019-05-24,30,12,1,1,0329,002,2019,2019-04-25,26,8,R12079,운광,1,75
춘천,춘천(강원특별자치도 농업기술원),001,00122019002225,86.6, , ,13.3,4.9,4.2,2019-04-25,130,2019-05-24,30,14,1,1,0333,002,2019,2019-04-25,27,8,R12079,운광,1,75
강릉,강릉(강원특별자치도 농업기술원),001,00122019002230,89.1, , ,13.9,4.7,3.6,2019-04-20,130,2019-05-20,30,12.8,1,1,0344,002,2019,2019-04-20,28,8,R12079,운광,1,75
제천,제천(충청북도 농업기술원),001,00122019002239,93.4, , ,12.8,2.6,1.7,2019-04-20,130,2019-05-20,30,12,1,1,0337,002,2019,2019-04-20,29,8,R12079,운광,1,75
안동,안동(경상북도 농업기술원),001,00122019002261,95.1, , ,7.8,2.6,1.2,2019-04-20,120,2019-05-18,30,14,1,1,0351,002,2019,2019-04-20,30,8,R12079,운광,1,75
철원,철원(국립식량과학원),001,00122019002203,95.09350975753993, , ,22.590000000000003,4.6450000000000005,2.8766666666666665,2019-04-20,130,2019-05-20,30,12,1,1,0331,002,2019,2019-04-20,31,8,R12080,조운,1,75
상주,상주(국립식량과학원),001,00122019002215,91.2, , ,13.8,4.051666666666667,1.96,2019-04-25,130,2019-05-24,30,12,1,1,0329,002,2019,2019-04-25,32,8,R12085,설레미,1,75
강릉,강릉(강원특별자치도 농업기술원),001,00122019002231,94.2, , ,14.8,4.7,3.4,2019-04-20,130,2019-05-20,30,12.8,1,1,0344,002,2019,2019-04-20,33,8,R12086,오대1호,1,75
진부,진부(국립식량과학원),001,00122019002273,93.5, , ,15.1,3.3,1.9,2019-04-20,120,2019-05-20,30,12,1,1,0336,002,2019,2019-04-20,34,8,R12092,한설,1,75
강릉,강릉(강원특별자치도 농업기술원),001,00122019002229,94.4, , ,14.3,4.6,2.9,2019-04-20,130,2019-05-20,30,13.3,1,1,0344,002,2019,2019-04-20,35,8,R12093,오륜,1,75
철원,철원(국립식량과학원),001,00122019002199,96.31473670478756, , ,23.066666666666666,4.929999999999999,3.07,2019-04-20,130,2019-05-20,30,12,1,1,0331,002,2019,2019-04-20,36,8,R13002,오대벼,1,75
운봉,운봉(국립식량과학원),001,00122019002208,91.9, , ,16.5,4.1,1.6,2019-04-20,130,2019-05-20,30,12,1,1,0330,002,2019,2019-04-20,37,8,R13002,오대벼,1,75
상주,상주(국립식량과학원),001,00122019002212,92.4, , ,14.6,4.125000000000001,2.19,2019-04-25,130,2019-05-24,30,12,1,1,0329,002,2019,2019-04-25,38,8,R13002,오대벼,1,75
화성,화성(경기도 경기도농업기술원),001,00122019002220,95.4, , ,14.7,3,1.9,2019-04-20,130,2019-05-20,30,14,1,1,0332,002,2019,2019-04-20,39,8,R13002,오대벼,1,75
춘천,춘천(강원특별자치도 농업기술원),001,00122019002224,87.7, , ,13.2,4.5,4.1,2019-04-25,130,2019-05-24,30,14,1,1,0333,002,2019,2019-04-25,40,8,R13002,오대벼,1,75
강릉,강릉(강원특별자치도 농업기술원),001,00122019002228,89.8, , ,16,4.8,4.3,2019-04-20,130,2019-05-20,30,13,1,1,0344,002,2019,2019-04-20,41,8,R13002,오대벼,1,75
제천,제천(충청북도 농업기술원),001,00122019002236,94, , ,18,3,1.9,2019-04-20,130,2019-05-20,30,12,1,1,0337,002,2019,2019-04-20,42,8,R13002,오대벼,1,75
안동,안동(경상북도 농업기술원),001,00122019002260,95, , ,13,2.7,1.8,2019-04-20,120,2019-05-18,30,14,1,1,0351,002,2019,2019-04-20,43,8,R13002,오대벼,1,75
진부,진부(국립식량과학원),001,00122019002270,91.8, , ,14.8,3.8,2,2019-04-20,120,2019-05-20,30,12,1,1,0336,002,2019,2019-04-20,44,8,R13002,오대벼,1,75
진부,진부(국립식량과학원),001,00122019002272,94.1, , ,14.4,3.4,2.1,2019-04-20,120,2019-05-20,30,12,1,1,0336,002,2019,2019-04-20,45,8,R13003,진부올벼,1,75
영덕,영덕(국립식량과학원),001,00122019002217,81.2, , ,14,3.2,2.06,2019-04-20,130,2019-05-25,30,14,1,1,0338,002,2019,2019-04-20,46,8,R22009,화영벼,1,75
영덕,영덕(국립식량과학원),001,00122019002218,83.5, , ,15.2,3,1.74,2019-04-20,130,2019-05-25,30,14,1,1,0338,002,2019,2019-04-20,47,8,R22083,삼덕,1,75
영덕,영덕(국립식량과학원),001,00122019002216,84.3, , ,15.6,2.9,2.17,2019-04-20,130,2019-05-25,30,14,1,1,0338,002,2019,2019-04-20,48,8,R23004,화성벼,1,75
청원,청원(충청북도 농업기술원),001,00122019002234,93, , ,14.9,3.1,1.9,2019-04-25,130,2019-05-25,30,14,1,1,2325,002,2019,2019-04-25,49,8,R32001,일품벼,1,75
안동,안동(경상북도 농업기술원),001,00122019002263,97.1, , ,8.9,3.1,1.6,2019-04-20,120,2019-05-18,30,14,1,1,0351,002,2019,2019-04-20,50,8,R32001,일품벼,1,75
화성,화성(경기도 경기도농업기술원),001,00122019002221,96.2, , ,14.1,3.8,2.6,2019-04-20,130,2019-05-20,30,14,1,1,0332,002,2019,2019-04-20,51,8,R32003,대안벼,1,75
춘천,춘천(강원특별자치도 농업기술원),001,00122019002226,90.9, , ,14.8,4.9,3.1,2019-04-25,130,2019-05-24,30,14,1,1,0333,002,2019,2019-04-25,52,8,R32003,대안벼,1,75
청원,청원(충청북도 농업기술원),001,00122019002233,93, , ,18.6,3,2.2,2019-04-25,130,2019-05-25,30,14,1,1,2325,002,2019,2019-04-25,53,8,R32003,대안벼,1,75
익산,익산(전북특별자치도 농업기술원),001,00122019002245,93.4, , ,14.7,3.8,2.7,2019-04-30,130,2019-05-30,30,14,1,1,0326,002,2019,2019-04-30,54,8,R32006,일미벼,1,75
계화,계화(국립식량과학원),001,00122019002206,84.5, , ,19.3,4.3,1.7,2019-04-30,130,2019-05-30,30,14,1,1,0343,002,2019,2019-04-30,55,8,R32011,남평벼,1,75
영덕,영덕(국립식량과학원),001,00122019002219,85.3, , ,15.8,2.7,2.33,2019-04-20,130,2019-05-25,30,14,1,1,0338,002,2019,2019-04-20,56,8,R32011,남평벼,1,75
익산,익산(전북특별자치도 농업기술원),001,00122019002247,92.7, , ,14.6,4,2.9,2019-04-30,130,2019-05-30,30,14,1,1,0326,002,2019,2019-04-30,57,8,R32011,남평벼,1,75
안동,안동(경상북도 농업기술원),001,00122019002262,97.4, , ,11.7,3.1,1.8,2019-04-20,120,2019-05-18,30,14,1,1,0351,002,2019,2019-04-20,58,8,R32015,새추청,1,75
계화,계화(국립식량과학원),001,00122019002204,93, , ,21.2,4.4,2.1,2019-04-30,130,2019-05-30,30,14,1,1,0343,002,2019,2019-04-30,59,8,R32016,신동진,1,75
익산,익산(전북특별자치도 농업기술원),001,00122019002246,92.9, , ,15.2,3.8,3.1,2019-04-30,130,2019-05-30,30,14,1,1,0326,002,2019,2019-04-30,60,8,R32016,신동진,1,75
계화,계화(국립식량과학원),001,00122019002207,88.7, , ,19,4.1,1.6,2019-04-30,130,2019-05-30,30,14,1,1,0343,002,2019,2019-04-30,61,8,R32068,동진1호,1,75
화성,화성(경기도 경기도농업기술원),001,00122019002222,96.3, , ,13.6,3.3,2.29,2019-04-20,130,2019-05-20,30,14,1,1,0332,002,2019,2019-04-20,62,8,R32082,삼광,1,75
춘천,춘천(강원특별자치도 농업기술원),001,00122019002227,96.1, , ,12.7,3,2.5,2019-04-25,130,2019-05-24,30,14,1,1,0333,002,2019,2019-04-25,63,8,R32082,삼광,1,75
청원,청원(충청북도 농업기술원),001,00122019002235,93.2, , ,15.6,3,1.9,2019-04-25,130,2019-05-25,30,14,1,1,2325,002,2019,2019-04-25,64,8,R32082,삼광,1,75
예산,예산(충청남도 농업기술원),001,00122019002240,82.4, , ,14.2,4.6,2.8,2019-04-25,130,2019-05-25,30,14,1,1,0350,002,2019,2019-04-25,65,8,R32082,삼광,1,75
예산,예산(충청남도 농업기술원),001,00122019002244,82.9, , ,13.5,4.5,2.8,2019-04-25,130,2019-05-25,30,14,1,1,0350,002,2019,2019-04-25,66,8,R32084,새누리,1,75
익산,익산(전북특별자치도 농업기술원),001,00122019002249,92.9, , ,15.1,3.9,2.9,2019-04-30,130,2019-05-30,30,14,1,1,0326,002,2019,2019-04-30,67,8,R32084,새누리,1,75
계화,계화(국립식량과학원),001,00122019002205,88.3, , ,18.7,4.6,1.7,2019-04-30,130,2019-05-30,30,14,1,1,0343,002,2019,2019-04-30,68,8,R32088,청호,1,75
예산,예산(충청남도 농업기술원),001,00122019002241,74.7, , ,11.7,5,2.9,2019-04-25,130,2019-05-25,30,14,1,1,0350,002,2019,2019-04-25,69,8,R32091,호품,1,75
익산,익산(전북특별자치도 농업기술원),001,00122019002248,88.6, , ,12.8,3.8,2.8,2019-04-30,130,2019-05-30,30,14,1,1,0326,002,2019,2019-04-30,70,8,R32091,호품,1,75
예산,예산(충청남도 농업기술원),001,00122019002243,85.7, , ,12.5,4.9,2.6,2019-04-25,130,2019-05-25,30,14,1,1,0350,002,2019,2019-04-25,71,8,R32093,새일미,1,75
안동,안동(경상북도 농업기술원),001,00122019002264,98.1, , ,12,3,1.7,2019-04-20,120,2019-05-18,30,14,1,1,0351,002,2019,2019-04-20,72,8,R32093,새일미,1,75
화성,화성(경기도 경기도농업기술원),001,00122019002223,98.7, , ,14.2,3.7,2.16,2019-04-20,130,2019-05-20,30,14,1,1,0332,002,2019,2019-04-20,73,8,R33009,추청,1,75
청원,청원(충청북도 농업기술원),001,00122019002232,94, , ,16,3,2,2019-04-25,130,2019-05-25,30,14,1,1,2325,002,2019,2019-04-25,74,8,R33009,추청,1,75
예산,예산(충청남도 농업기술원),001,00122019002242,85.9, , ,12.5,4.7,2.6,2019-04-25,130,2019-05-25,30,14,1,1,0350,002,2019,2019-04-25,75,8,R33009,추청,1,75
나주,나주(전라남도 농업기술원),001,00122020002174,84.5, , ,20.2,4.2,2.08,2020-05-10,130,2020-06-05,30,14,1,1,0352,002,2020,2020-05-10,1,3,R32006,일미벼,1,76
나주,나주(전라남도 농업기술원),001,00122020002175,83.9, , ,22,4.6,2.27,2020-05-10,130,2020-06-05,30,14,1,1,0352,002,2020,2020-05-10,2,3,R32016,신동진,1,76
나주,나주(전라남도 농업기술원),001,00122020002177,84.8, , ,16.7,4,1.83,2020-05-10,130,2020-06-05,30,14,1,1,0352,002,2020,2020-05-10,3,3,R32081,미품,1,76
나주,나주(전라남도 농업기술원),001,00122020002178,87.6, , ,16.6,4.2,2.07,2020-05-10,130,2020-06-05,30,14,1,1,0352,002,2020,2020-05-10,4,3,R32092,현품,1,76
나주,나주(전라남도 농업기술원),001,00122020002179,73.9, , ,21.2,4.6,2.15,2020-05-10,130,2020-06-05,30,14,1,1,0352,002,2020,2020-05-10,5,3,R32093,새일미,1,76
나주,나주(전라남도 농업기술원),001,00122020002176,92.7, , ,19.2,3.9,1.98,2020-05-10,130,2020-06-05,30,14,1,1,0352,002,2020,2020-05-10,6,3,R46054,새청무,1,76
대구,대구(경상북도 농업기술원),001,00122020002180,78.4, , ,12.3,3.7,2.5,2020-04-30,130,2020-05-30,30,14,1,1,0340,002,2020,2020-04-30,7,4,R22009,화영벼,1,76
대구,대구(경상북도 농업기술원),001,00122020002182,94.9, , ,13.7,3.3,1.8,2020-04-30,130,2020-05-30,30,14,1,1,0340,002,2020,2020-04-30,8,4,R22083,삼덕,1,76
대구,대구(경상북도 농업기술원),001,00122020002181,88.3, , ,11.2,3.4,1.9,2020-04-30,130,2020-05-30,30,14,1,1,0340,002,2020,2020-04-30,9,4,R32001,일품벼,1,76
대구,대구(경상북도 농업기술원),001,00122020002183,82.7, , ,15.2,3.4,2.3,2020-04-30,130,2020-05-30,30,14,1,1,0340,002,2020,2020-04-30,10,4,R32082,삼광,1,76
대구,대구(경상북도 농업기술원),001,00122020002184,82.2, , ,12.3,3.3,1.7,2020-04-30,130,2020-05-30,30,14,1,1,0340,002,2020,2020-04-30,11,4,R32093,새일미,1,76
진주,진주(경상남도 농업기술원),001,00122020002192,99.3, , ,21.7,3.9,1.9,2020-05-10,130,2020-06-05,30,14,1,1,0335,002,2020,2020-05-10,12,6,R32008,동안벼,1,76
진주,진주(경상남도 농업기술원),001,00122020002193,97.9, , ,20.1,3.5,2,2020-05-10,130,2020-06-05,30,14,1,1,0335,002,2020,2020-05-10,13,6,R32068,동진1호,1,76
진주,진주(경상남도 농업기술원),001,00122020002191,98.1, , ,22.4,3.7,2,2020-05-10,130,2020-06-05,30,14,1,1,0335,002,2020,2020-05-10,14,6,R32093,새일미,1,76
진주,진주(경상남도 농업기술원),001,00122020002190,98, , ,17.2,3.4,1.8,2020-05-10,130,2020-06-05,30,14,1,1,0335,002,2020,2020-05-10,15,6,R46055,해품,1,76
진주,진주(경상남도 농업기술원),001,00122020002194,98.1, , ,18.9,4,1.8,2020-05-10,130,2020-06-05,30,14,1,1,0335,002,2020,2020-05-10,16,6,R46056,영호진미,1,76
철원,철원(국립식량과학원),001,00122020002124,74.6, , ,22.7,5.1,3.17,2020-04-20,130,2020-05-20,30,12,1,1,0331,002,2020,2020-04-20,17,8,R12004,진부벼,1,76
운봉,운봉(국립식량과학원),001,00122020002133,83.3, , ,21.4,4.2,1.9,2020-04-20,130,2020-05-20,30,12,1,1,0330,002,2020,2020-04-20,18,8,R12004,진부벼,1,76
진부,진부(국립식량과학원),001,00122020002196,94.8, , ,19.9,3.6,2.5,2020-04-20,120,2020-05-20,30,12,1,1,0336,002,2020,2020-04-20,19,8,R12004,진부벼,1,76
상주,상주(국립식량과학원),001,00122020002137,92.3, , ,9.256666666666666,4.244000000000001,1.3,2020-04-25,130,2020-05-24,30,12,1,1,0329,002,2020,2020-04-25,20,8,R12005,상주벼,1,76
제천,제천(충청북도 농업기술원),001,00122020002162,94.1, , ,15.5,3.3,1.9,2020-04-20,130,2020-05-20,30,12,1,1,0337,002,2020,2020-04-20,21,8,R12005,상주벼,1,76
제천,제천(충청북도 농업기술원),001,00122020002161,93.8, , ,15,3.4,2,2020-04-20,130,2020-05-20,30,12,1,1,0337,002,2020,2020-04-20,22,8,R12016,상미,1,76
운봉,운봉(국립식량과학원),001,00122020002134,86.6, , ,16.8,4.4,1.6,2020-04-20,130,2020-05-20,30,12,1,1,0330,002,2020,2020-04-20,23,8,R12019,삼천벼,1,76
철원,철원(국립식량과학원),001,00122020002125,79.5, , ,19.5,4.1,2.42,2020-04-20,130,2020-05-20,30,12,1,1,0331,002,2020,2020-04-20,24,8,R12072,태봉,1,76
철원,철원(국립식량과학원),001,00122020002126,84.3, , ,14.5,4.8,1.98,2020-04-20,130,2020-05-20,30,12,1,1,0331,002,2020,2020-04-20,25,8,R12079,운광,1,76
운봉,운봉(국립식량과학원),001,00122020002135,88.9, , ,16.4,5.1,1.5,2020-04-20,130,2020-05-20,30,12,1,1,0330,002,2020,2020-04-20,26,8,R12079,운광,1,76
상주,상주(국립식량과학원),001,00122020002138,93, , ,8.826666666666666,4.1285,1.21,2020-04-25,130,2020-05-24,30,12,1,1,0329,002,2020,2020-04-25,27,8,R12079,운광,1,76
춘천,춘천(강원특별자치도 농업기술원),001,00122020002149,71.8, , ,12.2,4.8,3.9,2020-04-25,130,2020-05-24,30,14,1,1,0333,002,2020,2020-04-25,28,8,R12079,운광,1,76
강릉,강릉(강원특별자치도 농업기술원),001,00122020002154,86, , ,11.7,4.4,3.4,2020-04-20,130,2020-05-20,30,12.8,1,1,0344,002,2020,2020-04-20,29,8,R12079,운광,1,76
제천,제천(충청북도 농업기술원),001,00122020002163,94.7, , ,13.8,3.8,2.2,2020-04-20,130,2020-05-20,30,12,1,1,0337,002,2020,2020-04-20,30,8,R12079,운광,1,76
안동,안동(경상북도 농업기술원),001,00122020002186,90.6, , ,15.3,3.3,2.3,2020-04-20,120,2020-05-18,30,14,1,1,0351,002,2020,2020-04-20,31,8,R12079,운광,1,76
철원,철원(국립식량과학원),001,00122020002127,88.9, , ,15.3,4.7,1.83,2020-04-20,130,2020-05-20,30,12,1,1,0331,002,2020,2020-04-20,32,8,R12080,조운,1,76
상주,상주(국립식량과학원),001,00122020002139,91.7, , ,12.057166666666665,4.165666666666667,1,2020-04-25,130,2020-05-24,30,12,1,1,0329,002,2020,2020-04-25,33,8,R12085,설레미,1,76
강릉,강릉(강원특별자치도 농업기술원),001,00122020002155,88.2, , ,13.7,3.9,2.8,2020-04-20,130,2020-05-20,30,12.8,1,1,0344,002,2020,2020-04-20,34,8,R12086,오대1호,1,76
진부,진부(국립식량과학원),001,00122020002198,93.2, , ,19,3.4,2,2020-04-20,120,2020-05-20,30,12,1,1,0336,002,2020,2020-04-20,35,8,R12092,한설,1,76
강릉,강릉(강원특별자치도 농업기술원),001,00122020002153,94.8, , ,11,4,3,2020-04-20,130,2020-05-20,30,13.3,1,1,0344,002,2020,2020-04-20,36,8,R12093,오륜,1,76
철원,철원(국립식량과학원),001,00122020002123,84.1, , ,21.1,4.5,3.77,2020-04-20,130,2020-05-20,30,12,1,1,0331,002,2020,2020-04-20,37,8,R13002,오대벼,1,76
운봉,운봉(국립식량과학원),001,00122020002132,84.9, , ,17,4.7,1.8,2020-04-20,130,2020-05-20,30,12,1,1,0330,002,2020,2020-04-20,38,8,R13002,오대벼,1,76
상주,상주(국립식량과학원),001,00122020002136,92, , ,11.9,4.2,1.37,2020-04-25,130,2020-05-24,30,12,1,1,0329,002,2020,2020-04-25,39,8,R13002,오대벼,1,76
화성,화성(경기도 경기도농업기술원),001,00122020002144,95, , ,18.8,3.5,3.2,2020-04-20,130,2020-05-20,30,14,1,1,0332,002,2020,2020-04-20,40,8,R13002,오대벼,1,76
춘천,춘천(강원특별자치도 농업기술원),001,00122020002148,87.5, , ,17.7,4.1,2.9,2020-04-25,130,2020-05-24,30,14,1,1,0333,002,2020,2020-04-25,41,8,R13002,오대벼,1,76
강릉,강릉(강원특별자치도 농업기술원),001,00122020002152,88.9, , ,12.8,4.1,4.2,2020-04-20,130,2020-05-20,30,13,1,1,0344,002,2020,2020-04-20,42,8,R13002,오대벼,1,76
제천,제천(충청북도 농업기술원),001,00122020002160,94.3, , ,16.5,3.2,2.1,2020-04-20,130,2020-05-20,30,12,1,1,0337,002,2020,2020-04-20,43,8,R13002,오대벼,1,76
안동,안동(경상북도 농업기술원),001,00122020002185,97.9, , ,17,3.1,2.3,2020-04-20,120,2020-05-18,30,14,1,1,0351,002,2020,2020-04-20,44,8,R13002,오대벼,1,76
진부,진부(국립식량과학원),001,00122020002195,94.4, , ,21.6,3.4,2.6,2020-04-20,120,2020-05-20,30,12,1,1,0336,002,2020,2020-04-20,45,8,R13002,오대벼,1,76
진부,진부(국립식량과학원),001,00122020002197,95, , ,17.8,3.6,1.8,2020-04-20,120,2020-05-20,30,12,1,1,0336,002,2020,2020-04-20,46,8,R13003,진부올벼,1,76
영덕,영덕(국립식량과학원),001,00122020002141,80.5, , ,12.5,3.1,3.35,2020-04-20,130,2020-05-25,30,14,1,1,0338,002,2020,2020-04-20,47,8,R22009,화영벼,1,76
영덕,영덕(국립식량과학원),001,00122020002142,82.4, , ,12.7,2.8,3.04,2020-04-20,130,2020-05-25,30,14,1,1,0338,002,2020,2020-04-20,48,8,R22083,삼덕,1,76
영덕,영덕(국립식량과학원),001,00122020002140,82.7, , ,14.4,3.1,3.69,2020-04-20,130,2020-05-25,30,14,1,1,0338,002,2020,2020-04-20,49,8,R23004,화성벼,1,76
청원,청원(충청북도 농업기술원),001,00122020002158,92.7, , ,16.3,3.3,1.9,2020-04-25,130,2020-05-25,30,14,1,1,2325,002,2020,2020-04-25,50,8,R32001,일품벼,1,76
안동,안동(경상북도 농업기술원),001,00122020002188,97.8, , ,12.9,3.1,1.6,2020-04-20,120,2020-05-18,30,14,1,1,0351,002,2020,2020-04-20,51,8,R32001,일품벼,1,76
화성,화성(경기도 경기도농업기술원),001,00122020002145,92.2, , ,23,3.1,2.8,2020-04-20,130,2020-05-20,30,14,1,1,0332,002,2020,2020-04-20,52,8,R32003,대안벼,1,76
춘천,춘천(강원특별자치도 농업기술원),001,00122020002150,92.7, , ,16.7,4.3,2.9,2020-04-25,130,2020-05-24,30,14,1,1,0333,002,2020,2020-04-25,53,8,R32003,대안벼,1,76
청원,청원(충청북도 농업기술원),001,00122020002157,93, , ,18.7,3.4,2.3,2020-04-25,130,2020-05-25,30,14,1,1,2325,002,2020,2020-04-25,54,8,R32003,대안벼,1,76
익산,익산(전북특별자치도 농업기술원),001,00122020002169,90.8, , ,14.5,3.9,2.6,2020-04-30,130,2020-05-30,30,14,1,1,0326,002,2020,2020-04-30,55,8,R32006,일미벼,1,76
계화,계화(국립식량과학원),001,00122020002130,83.8, , ,18.7,4.1,1.7,2020-04-30,130,2020-05-30,30,14,1,1,0343,002,2020,2020-04-30,56,8,R32011,남평벼,1,76
영덕,영덕(국립식량과학원),001,00122020002143,84.3, , ,14,2.6,3.08,2020-04-20,130,2020-05-25,30,14,1,1,0338,002,2020,2020-04-20,57,8,R32011,남평벼,1,76
익산,익산(전북특별자치도 농업기술원),001,00122020002171,94.3, , ,14.5,3.9,2.8,2020-04-30,130,2020-05-30,30,14,1,1,0326,002,2020,2020-04-30,58,8,R32011,남평벼,1,76
안동,안동(경상북도 농업기술원),001,00122020002187,97.2, , ,17.8,3.2,2.2,2020-04-20,120,2020-05-18,30,14,1,1,0351,002,2020,2020-04-20,59,8,R32015,새추청,1,76
계화,계화(국립식량과학원),001,00122020002128,90.1, , ,18,4.5,1.9,2020-04-30,130,2020-05-30,30,14,1,1,0343,002,2020,2020-04-30,60,8,R32016,신동진,1,76
익산,익산(전북특별자치도 농업기술원),001,00122020002170,90.7, , ,16.1,3.8,3,2020-04-30,130,2020-05-30,30,14,1,1,0326,002,2020,2020-04-30,61,8,R32016,신동진,1,76
계화,계화(국립식량과학원),001,00122020002131,85.3, , ,15.8,4.4,1.7,2020-04-30,130,2020-05-30,30,14,1,1,0343,002,2020,2020-04-30,62,8,R32068,동진1호,1,76
화성,화성(경기도 경기도농업기술원),001,00122020002146,87.7, , ,18.5,3,2.6,2020-04-20,130,2020-05-20,30,14,1,1,0332,002,2020,2020-04-20,63,8,R32082,삼광,1,76
춘천,춘천(강원특별자치도 농업기술원),001,00122020002151,97.1, , ,15.5,4,2.3,2020-04-25,130,2020-05-24,30,14,1,1,0333,002,2020,2020-04-25,64,8,R32082,삼광,1,76
청원,청원(충청북도 농업기술원),001,00122020002159,93.8, , ,16.7,3.6,2,2020-04-25,130,2020-05-25,30,14,1,1,2325,002,2020,2020-04-25,65,8,R32082,삼광,1,76
예산,예산(충청남도 농업기술원),001,00122020002164,85.5, , ,23.1,4.1,2.58,2020-04-25,130,2020-05-25,30,14,1,1,0350,002,2020,2020-04-25,66,8,R32082,삼광,1,76
예산,예산(충청남도 농업기술원),001,00122020002168,86.9, , ,19.8,3.9,2.34,2020-04-25,130,2020-05-25,30,14,1,1,0350,002,2020,2020-04-25,67,8,R32084,새누리,1,76
익산,익산(전북특별자치도 농업기술원),001,00122020002173,94.4, , ,14.6,3.8,2.8,2020-04-30,130,2020-05-30,30,14,1,1,0326,002,2020,2020-04-30,68,8,R32084,새누리,1,76
계화,계화(국립식량과학원),001,00122020002129,83.1, , ,18.7,4.7,1.9,2020-04-30,130,2020-05-30,30,14,1,1,0343,002,2020,2020-04-30,69,8,R32088,청호,1,76
예산,예산(충청남도 농업기술원),001,00122020002165,87.9, , ,15.7,4.2,2.5,2020-04-25,130,2020-05-25,30,14,1,1,0350,002,2020,2020-04-25,70,8,R32091,호품,1,76
익산,익산(전북특별자치도 농업기술원),001,00122020002172,89.8, , ,12.8,3.9,2.7,2020-04-30,130,2020-05-30,30,14,1,1,0326,002,2020,2020-04-30,71,8,R32091,호품,1,76
예산,예산(충청남도 농업기술원),001,00122020002167,94.1, , ,22.8,5.4,2.4,2020-04-25,130,2020-05-25,30,14,1,1,0350,002,2020,2020-04-25,72,8,R32093,새일미,1,76
안동,안동(경상북도 농업기술원),001,00122020002189,96.4, , ,18,3.2,2.1,2020-04-20,120,2020-05-18,30,14,1,1,0351,002,2020,2020-04-20,73,8,R32093,새일미,1,76
화성,화성(경기도 경기도농업기술원),001,00122020002147,96.7, , ,17.7,3,2.1,2020-04-20,130,2020-05-20,30,14,1,1,0332,002,2020,2020-04-20,74,8,R33009,추청,1,76
청원,청원(충청북도 농업기술원),001,00122020002156,94.5, , ,16.9,3.3,2,2020-04-25,130,2020-05-25,30,14,1,1,2325,002,2020,2020-04-25,75,8,R33009,추청,1,76
예산,예산(충청남도 농업기술원),001,00122020002166,85.5, , ,20.5,4.2,2.48,2020-04-25,130,2020-05-25,30,14,1,1,0350,002,2020,2020-04-25,76,8,R33009,추청,1,76
나주,나주(전라남도 농업기술원),001,00122021002365,81.4, , ,19.7,3.1,1.74,2021-05-10,130,2021-06-05,30,14,1,1,0352,002,2021,2021-05-10,1,3,R32006,일미벼,1,76
나주,나주(전라남도 농업기술원),001,00122021002366,89.8, , ,18.6,3.2,1.94,2021-05-10,130,2021-06-05,30,14,1,1,0352,002,2021,2021-05-10,2,3,R32016,신동진,1,76
나주,나주(전라남도 농업기술원),001,00122021002368,97.2, , ,14.3,2.6,1.34,2021-05-10,130,2021-06-05,30,14,1,1,0352,002,2021,2021-05-10,3,3,R32081,미품,1,76
나주,나주(전라남도 농업기술원),001,00122021002369,96, , ,15.6,2.9,1.82,2021-05-10,130,2021-06-05,30,14,1,1,0352,002,2021,2021-05-10,4,3,R32092,현품,1,76
나주,나주(전라남도 농업기술원),001,00122021002370,94, , ,18.5,3.1,1.56,2021-05-10,130,2021-06-05,30,14,1,1,0352,002,2021,2021-05-10,5,3,R32093,새일미,1,76
나주,나주(전라남도 농업기술원),001,00122021002367,91.9, , ,18.2,2.9,1.88,2021-05-10,130,2021-06-05,30,14,1,1,0352,002,2021,2021-05-10,6,3,R46054,새청무,1,76
대구,대구(경상북도 농업기술원),001,00122021002371,71.1, , ,13.3,3.3,2.4,2021-04-30,130,2021-05-30,30,14,1,1,0340,002,2021,2021-04-30,7,4,R22009,화영벼,1,76
대구,대구(경상북도 농업기술원),001,00122021002373,86.6, , ,12.7,3,1.6,2021-04-30,130,2021-05-30,30,14,1,1,0340,002,2021,2021-04-30,8,4,R22083,삼덕,1,76
대구,대구(경상북도 농업기술원),001,00122021002372,88.4, , ,12.1,3.2,1.9,2021-04-30,130,2021-05-30,30,14,1,1,0340,002,2021,2021-04-30,9,4,R32001,일품벼,1,76
대구,대구(경상북도 농업기술원),001,00122021002374,86.6, , ,13.1,3,1.8,2021-04-30,130,2021-05-30,30,14,1,1,0340,002,2021,2021-04-30,10,4,R32082,삼광,1,76
대구,대구(경상북도 농업기술원),001,00122021002375,88.6, , ,13.2,3.3,1.7,2021-04-30,130,2021-05-30,30,14,1,1,0340,002,2021,2021-04-30,11,4,R32093,새일미,1,76
진주,진주(경상남도 농업기술원),001,00122021002383,98.9, , ,18.3,3.9,1.7,2021-05-10,130,2021-06-05,30,14,1,1,0335,002,2021,2021-05-10,12,6,R32008,동안벼,1,76
진주,진주(경상남도 농업기술원),001,00122021002384,99.5, , ,17.8,3.7,1.6,2021-05-10,130,2021-06-05,30,14,1,1,0335,002,2021,2021-05-10,13,6,R32068,동진1호,1,76
진주,진주(경상남도 농업기술원),001,00122021002382,98.6, , ,17.5,3.8,1.6,2021-05-10,130,2021-06-05,30,14,1,1,0335,002,2021,2021-05-10,14,6,R32093,새일미,1,76
진주,진주(경상남도 농업기술원),001,00122021002381,99.1, , ,16.6,3.5,1.6,2021-05-10,130,2021-06-05,30,14,1,1,0335,002,2021,2021-05-10,15,6,R46055,해품,1,76
진주,진주(경상남도 농업기술원),001,00122021002385,98.5, , ,15,3.7,1.5,2021-05-10,130,2021-06-05,30,14,1,1,0335,002,2021,2021-05-10,16,6,R46056,영호진미,1,76
철원,철원(국립식량과학원),001,00122021002315,91.2, , ,22.4,4.3,2.4,2021-04-20,130,2021-05-20,30,12,1,1,0331,002,2021,2021-04-20,17,8,R12004,진부벼,1,76
운봉,운봉(국립식량과학원),001,00122021002324,95.3, , ,22.5,4.9,2.1,2021-04-20,130,2021-05-20,30,12,1,1,0330,002,2021,2021-04-20,18,8,R12004,진부벼,1,76
진부,진부(국립식량과학원),001,00122021002387,92.5, , ,16.2,4.2,1.9,2021-04-20,120,2021-05-20,30,12,1,1,0336,002,2021,2021-04-20,19,8,R12004,진부벼,1,76
상주,상주(국립식량과학원),001,00122021002328,91.3, , ,15.9,4.1,2.1,2021-04-25,130,2021-05-24,30,12,1,1,0329,002,2021,2021-04-25,20,8,R12005,상주벼,1,76
제천,제천(충청북도 농업기술원),001,00122021002353,94.8, , ,15.3,3.7,2.6,2021-04-20,130,2021-05-20,30,12,1,1,0337,002,2021,2021-04-20,21,8,R12005,상주벼,1,76
제천,제천(충청북도 농업기술원),001,00122021002352,94, , ,14.3,4,2.7,2021-04-20,130,2021-05-20,30,12,1,1,0337,002,2021,2021-04-20,22,8,R12016,상미,1,76
운봉,운봉(국립식량과학원),001,00122021002325,84, , ,18.1,4.7,1.6,2021-04-20,130,2021-05-20,30,12,1,1,0330,002,2021,2021-04-20,23,8,R12019,삼천벼,1,76
철원,철원(국립식량과학원),001,00122021002316,84.2, , ,24.4,4.6,2.9,2021-04-20,130,2021-05-20,30,12,1,1,0331,002,2021,2021-04-20,24,8,R12072,태봉,1,76
철원,철원(국립식량과학원),001,00122021002317,89.9, , ,16.9,5,2.4,2021-04-20,130,2021-05-20,30,12,1,1,0331,002,2021,2021-04-20,25,8,R12079,운광,1,76
운봉,운봉(국립식량과학원),001,00122021002326,96.9, , ,16,4.9,1.6,2021-04-20,130,2021-05-20,30,12,1,1,0330,002,2021,2021-04-20,26,8,R12079,운광,1,76
상주,상주(국립식량과학원),001,00122021002329,91, , ,14.4,4.2,1.8,2021-04-25,130,2021-05-24,30,12,1,1,0329,002,2021,2021-04-25,27,8,R12079,운광,1,76
춘천,춘천(강원특별자치도 농업기술원),001,00122021002340,57, , ,14.6,4.3,3.4,2021-04-25,130,2021-05-24,30,14,1,1,0333,002,2021,2021-04-25,28,8,R12079,운광,1,76
강릉,강릉(강원특별자치도 농업기술원),001,00122021002345,64.4, , ,12.4,4.3,3.1,2021-04-20,130,2021-05-20,30,12.8,1,1,0344,002,2021,2021-04-20,29,8,R12079,운광,1,76
제천,제천(충청북도 농업기술원),001,00122021002354,95, , ,12.7,4,2.6,2021-04-20,130,2021-05-20,30,12,1,1,0337,002,2021,2021-04-20,30,8,R12079,운광,1,76
안동,안동(경상북도 농업기술원),001,00122021002377,82.9, , ,13.1,3.1,2.5,2021-04-20,120,2021-05-18,30,14,1,1,0351,002,2021,2021-04-20,31,8,R12079,운광,1,76
철원,철원(국립식량과학원),001,00122021002318,96.4, , ,23,4.4,2.4,2021-04-20,130,2021-05-20,30,12,1,1,0331,002,2021,2021-04-20,32,8,R12080,조운,1,76
상주,상주(국립식량과학원),001,00122021002330,90, , ,17.4,4,1.7,2021-04-25,130,2021-05-24,30,12,1,1,0329,002,2021,2021-04-25,33,8,R12085,설레미,1,76
강릉,강릉(강원특별자치도 농업기술원),001,00122021002346,95.4, , ,13.7,4,2.7,2021-04-20,130,2021-05-20,30,12.8,1,1,0344,002,2021,2021-04-20,34,8,R12086,오대1호,1,76
진부,진부(국립식량과학원),001,00122021002389,95.3, , ,17.5,3.8,2,2021-04-20,120,2021-05-20,30,12,1,1,0336,002,2021,2021-04-20,35,8,R12092,한설,1,76
강릉,강릉(강원특별자치도 농업기술원),001,00122021002344,99, , ,16.2,4,2.4,2021-04-20,130,2021-05-20,30,13.3,1,1,0344,002,2021,2021-04-20,36,8,R12093,오륜,1,76
철원,철원(국립식량과학원),001,00122021002314,93.9, , ,22.1,4.1,2.38,2021-04-20,130,2021-05-20,30,12,1,1,0331,002,2021,2021-04-20,37,8,R13002,오대벼,1,76
운봉,운봉(국립식량과학원),001,00122021002323,98.9, , ,20.9,4.6,1.8,2021-04-20,130,2021-05-20,30,12,1,1,0330,002,2021,2021-04-20,38,8,R13002,오대벼,1,76
상주,상주(국립식량과학원),001,00122021002327,91.7, , ,17.8,4.4,2.1,2021-04-25,130,2021-05-24,30,12,1,1,0329,002,2021,2021-04-25,39,8,R13002,오대벼,1,76
화성,화성(경기도 경기도농업기술원),001,00122021002335,98.8, , ,20.9,3.4,3.05,2021-04-20,130,2021-05-20,30,14,1,1,0332,002,2021,2021-04-20,40,8,R13002,오대벼,1,76
춘천,춘천(강원특별자치도 농업기술원),001,00122021002339,89.8, , ,18.9,3.8,3.2,2021-04-25,130,2021-05-24,30,14,1,1,0333,002,2021,2021-04-25,41,8,R13002,오대벼,1,76
강릉,강릉(강원특별자치도 농업기술원),001,00122021002343,92.5, , ,14.1,3.8,2.7,2021-04-20,130,2021-05-20,30,13,1,1,0344,002,2021,2021-04-20,42,8,R13002,오대벼,1,76
제천,제천(충청북도 농업기술원),001,00122021002351,94.6, , ,15.7,3.9,2.7,2021-04-20,130,2021-05-20,30,12,1,1,0337,002,2021,2021-04-20,43,8,R13002,오대벼,1,76
안동,안동(경상북도 농업기술원),001,00122021002376,84.2, , ,19.2,3.1,2.5,2021-04-20,120,2021-05-18,30,14,1,1,0351,002,2021,2021-04-20,44,8,R13002,오대벼,1,76
진부,진부(국립식량과학원),001,00122021002386,95.1, , ,16.5,4.7,2.3,2021-04-20,120,2021-05-20,30,12,1,1,0336,002,2021,2021-04-20,45,8,R13002,오대벼,1,76
진부,진부(국립식량과학원),001,00122021002388,93.9, , ,19.2,4.4,2.3,2021-04-20,120,2021-05-20,30,12,1,1,0336,002,2021,2021-04-20,46,8,R13003,진부올벼,1,76
영덕,영덕(국립식량과학원),001,00122021002332,80.3, , ,13.4,3.6,2.68,2021-04-20,130,2021-05-25,30,14,1,1,0338,002,2021,2021-04-20,47,8,R22009,화영벼,1,76
영덕,영덕(국립식량과학원),001,00122021002333,81.8, , ,13.3,3.7,2.21,2021-04-20,130,2021-05-25,30,14,1,1,0338,002,2021,2021-04-20,48,8,R22083,삼덕,1,76
영덕,영덕(국립식량과학원),001,00122021002331,81, , ,14.1,3.6,2.58,2021-04-20,130,2021-05-25,30,14,1,1,0338,002,2021,2021-04-20,49,8,R23004,화성벼,1,76
청원,청원(충청북도 농업기술원),001,00122021002349,93, , ,14.9,3.4,2.2,2021-04-25,130,2021-05-25,30,14,1,1,2325,002,2021,2021-04-25,50,8,R32001,일품벼,1,76
안동,안동(경상북도 농업기술원),001,00122021002379,92.3, , ,15.1,3,1.9,2021-04-20,120,2021-05-18,30,14,1,1,0351,002,2021,2021-04-20,51,8,R32001,일품벼,1,76
화성,화성(경기도 경기도농업기술원),001,00122021002336,97.9, , ,19.8,3,2.74,2021-04-20,130,2021-05-20,30,14,1,1,0332,002,2021,2021-04-20,52,8,R32003,대안벼,1,76
춘천,춘천(강원특별자치도 농업기술원),001,00122021002341,95.8, , ,19.4,4.1,2.8,2021-04-25,130,2021-05-24,30,14,1,1,0333,002,2021,2021-04-25,53,8,R32003,대안벼,1,76
청원,청원(충청북도 농업기술원),001,00122021002348,93.5, , ,17.5,3.7,2.5,2021-04-25,130,2021-05-25,30,14,1,1,2325,002,2021,2021-04-25,54,8,R32003,대안벼,1,76
계화,계화(국립식량과학원),001,00122021002321,80.6, , ,27,4.6,2.1,2021-04-30,130,2021-05-30,30,14,1,1,0343,002,2021,2021-04-30,55,8,R32011,남평벼,1,76
영덕,영덕(국립식량과학원),001,00122021002334,82.5, , ,14.6,3.5,2.61,2021-04-20,130,2021-05-25,30,14,1,1,0338,002,2021,2021-04-20,56,8,R32011,남평벼,1,76
익산,익산(전북특별자치도 농업기술원),001,00122021002362,93.4, , ,14.5,3.9,2.8,2021-04-30,130,2021-05-30,30,14,1,1,0326,002,2021,2021-04-30,57,8,R32011,남평벼,1,76
안동,안동(경상북도 농업기술원),001,00122021002378,91.7, , ,17,2.6,1.9,2021-04-20,120,2021-05-18,30,14,1,1,0351,002,2021,2021-04-20,58,8,R32015,새추청,1,76
계화,계화(국립식량과학원),001,00122021002319,81, , ,25.2,5.1,2.5,2021-04-30,130,2021-05-30,30,14,1,1,0343,002,2021,2021-04-30,59,8,R32016,신동진,1,76
익산,익산(전북특별자치도 농업기술원),001,00122021002361,90.2, , ,16.1,3.7,3,2021-04-30,130,2021-05-30,30,14,1,1,0326,002,2021,2021-04-30,60,8,R32016,신동진,1,76
계화,계화(국립식량과학원),001,00122021002322,83, , ,25.1,4.5,1.9,2021-04-30,130,2021-05-30,30,14,1,1,0343,002,2021,2021-04-30,61,8,R32068,동진1호,1,76
화성,화성(경기도 경기도농업기술원),001,00122021002337,94.3, , ,19.4,3.5,3.2,2021-04-20,130,2021-05-20,30,14,1,1,0332,002,2021,2021-04-20,62,8,R32082,삼광,1,76
춘천,춘천(강원특별자치도 농업기술원),001,00122021002342,93.9, , ,17.5,4,2.6,2021-04-25,130,2021-05-24,30,14,1,1,0333,002,2021,2021-04-25,63,8,R32082,삼광,1,76
청원,청원(충청북도 농업기술원),001,00122021002350,94, , ,17.7,3.4,2.4,2021-04-25,130,2021-05-25,30,14,1,1,2325,002,2021,2021-04-25,64,8,R32082,삼광,1,76
예산,예산(충청남도 농업기술원),001,00122021002355,90.8, , ,18.2,3.4,1.8,2021-04-25,130,2021-05-25,30,14,1,1,0350,002,2021,2021-04-25,65,8,R32082,삼광,1,76
예산,예산(충청남도 농업기술원),001,00122021002359,94.3, , ,20.3,3.3,2.1,2021-04-25,130,2021-05-25,30,14,1,1,0350,002,2021,2021-04-25,66,8,R32084,새누리,1,76
익산,익산(전북특별자치도 농업기술원),001,00122021002364,95.5, , ,14.8,3.7,2.7,2021-04-30,130,2021-05-30,30,14,1,1,0326,002,2021,2021-04-30,67,8,R32084,새누리,1,76
계화,계화(국립식량과학원),001,00122021002320,79.1, , ,28.8,4.8,2.5,2021-04-30,130,2021-05-30,30,14,1,1,0343,002,2021,2021-04-30,68,8,R32088,청호,1,76
예산,예산(충청남도 농업기술원),001,00122021002356,91.3, , ,15.5,3.3,1.9,2021-04-25,130,2021-05-25,30,14,1,1,0350,002,2021,2021-04-25,69,8,R32091,호품,1,76
익산,익산(전북특별자치도 농업기술원),001,00122021002363,87.8, , ,13,3.8,2.7,2021-04-30,130,2021-05-30,30,14,1,1,0326,002,2021,2021-04-30,70,8,R32091,호품,1,76
예산,예산(충청남도 농업기술원),001,00122021002358,95.1, , ,17.9,3.5,1.8,2021-04-25,130,2021-05-25,30,14,1,1,0350,002,2021,2021-04-25,71,8,R32093,새일미,1,76
안동,안동(경상북도 농업기술원),001,00122021002380,94.1, , ,18.8,3.4,2.1,2021-04-20,120,2021-05-18,30,14,1,1,0351,002,2021,2021-04-20,72,8,R32093,새일미,1,76
화성,화성(경기도 경기도농업기술원),001,00122021002338,98.7, , ,18,3,2.14,2021-04-20,130,2021-05-20,30,14,1,1,0332,002,2021,2021-04-20,73,8,R33009,추청,1,76
청원,청원(충청북도 농업기술원),001,00122021002347,94.8, , ,16.5,3.7,2.2,2021-04-25,130,2021-05-25,30,14,1,1,2325,002,2021,2021-04-25,74,8,R33009,추청,1,76
예산,예산(충청남도 농업기술원),001,00122021002357,95.7, , ,17.2,3.5,1.5,2021-04-25,130,2021-05-25,30,14,1,1,0350,002,2021,2021-04-25,75,8,R33009,추청,1,76
익산,익산(전북특별자치도 농업기술원),001,00122021002360,95.1, , ,13.8,3.8,2.7,2021-04-30,130,2021-05-30,30,14,1,1,0326,002,2021,2021-04-30,76,8,R46058,예찬,1,76
나주,나주(전라남도 농업기술원),001,00122022002465,81.4, , ,19.7,3.1,1.74,2022-05-10,130,2022-06-05,,,1,1,0352,002,2022,19.7,1,3,R32006,일미벼,1,76
나주,나주(전라남도 농업기술원),001,00122022002466,89.8, , ,18.6,3.2,1.94,2022-05-10,130,2022-06-05,,,1,1,0352,002,2022,18.6,2,3,R32016,신동진,1,76
나주,나주(전라남도 농업기술원),001,00122022002468,97.2, , ,14.3,2.6,1.34,2022-05-10,130,2022-06-05,,,1,1,0352,002,2022,14.3,3,3,R32081,미품,1,76
나주,나주(전라남도 농업기술원),001,00122022002469,96, , ,15.6,2.9,1.82,2022-05-10,130,2022-06-05,,,1,1,0352,002,2022,15.6,4,3,R32092,현품,1,76
나주,나주(전라남도 농업기술원),001,00122022002470,94, , ,18.5,3.1,1.56,2022-05-10,130,2022-06-05,,,1,1,0352,002,2022,18.5,5,3,R32093,새일미,1,76
나주,나주(전라남도 농업기술원),001,00122022002467,91.9, , ,18.2,2.9,1.88,2022-05-10,130,2022-06-05,,,1,1,0352,002,2022,18.2,6,3,R46054,새청무,1,76
대구,대구(경상북도 농업기술원),001,00122022002471,71.1, , ,13.3,3.3,2.4,2022-04-30,130,2022-05-30,,,1,1,0340,002,2022,13.3,7,4,R22009,화영벼,1,76
대구,대구(경상북도 농업기술원),001,00122022002473,86.6, , ,12.7,3,1.6,2022-04-30,130,2022-05-30,,,1,1,0340,002,2022,12.7,8,4,R22083,삼덕,1,76
대구,대구(경상북도 농업기술원),001,00122022002472,88.4, , ,12.1,3.2,1.9,2022-04-30,130,2022-05-30,,,1,1,0340,002,2022,12.1,9,4,R32001,일품벼,1,76
대구,대구(경상북도 농업기술원),001,00122022002474,86.6, , ,13.1,3,1.8,2022-04-30,130,2022-05-30,,,1,1,0340,002,2022,13.1,10,4,R32082,삼광,1,76
대구,대구(경상북도 농업기술원),001,00122022002475,88.6, , ,13.2,3.3,1.7,2022-04-30,130,2022-05-30,,,1,1,0340,002,2022,13.2,11,4,R32093,새일미,1,76
진주,진주(경상남도 농업기술원),001,00122022002483,98.9, , ,18.3,3.9,1.7,2022-05-10,130,2022-06-05,,,1,1,0335,002,2022,18.3,12,6,R32008,동안벼,1,76
진주,진주(경상남도 농업기술원),001,00122022002484,99.5, , ,17.8,3.7,1.6,2022-05-10,130,2022-06-05,,,1,1,0335,002,2022,17.8,13,6,R32068,동진1호,1,76
진주,진주(경상남도 농업기술원),001,00122022002482,98.6, , ,17.5,3.8,1.6,2022-05-10,130,2022-06-05,,,1,1,0335,002,2022,17.5,14,6,R32093,새일미,1,76
진주,진주(경상남도 농업기술원),001,00122022002481,99.1, , ,16.6,3.5,1.6,2022-05-10,130,2022-06-05,,,1,1,0335,002,2022,16.6,15,6,R46055,해품,1,76
진주,진주(경상남도 농업기술원),001,00122022002485,98.5, , ,15,3.7,1.5,2022-05-10,130,2022-06-05,,,1,1,0335,002,2022,15,16,6,R46056,영호진미,1,76
철원,철원(국립식량과학원),001,00122022002415,91.2, , ,22.4,4.3,2.4,2022-04-20,130,2022-05-20,,,1,1,0331,002,2022,22.4,17,8,R12004,진부벼,1,76
운봉,운봉(국립식량과학원),001,00122022002424,95.3, , ,22.5,4.9,2.1,2022-04-20,130,2022-05-20,,,1,1,0330,002,2022,22.5,18,8,R12004,진부벼,1,76
진부,진부(국립식량과학원),001,00122022002487,92.5, , ,16.2,4.2,1.9,2022-04-20,120,2022-05-20,,,1,1,0336,002,2022,16.2,19,8,R12004,진부벼,1,76
상주,상주(국립식량과학원),001,00122022002428,91.3, , ,15.9,4.1,2.1,2022-04-25,130,2022-05-24,,,1,1,0329,002,2022,15.9,20,8,R12005,상주벼,1,76
제천,제천(충청북도 농업기술원),001,00122022002453,94.8, , ,15.3,3.7,2.6,2022-04-20,130,2022-05-20,,,1,1,0337,002,2022,15.3,21,8,R12005,상주벼,1,76
제천,제천(충청북도 농업기술원),001,00122022002452,94, , ,14.3,4,2.7,2022-04-20,130,2022-05-20,,,1,1,0337,002,2022,14.3,22,8,R12016,상미,1,76
운봉,운봉(국립식량과학원),001,00122022002425,84, , ,18.1,4.7,1.6,2022-04-20,130,2022-05-20,,,1,1,0330,002,2022,18.1,23,8,R12019,삼천벼,1,76
철원,철원(국립식량과학원),001,00122022002416,84.2, , ,24.4,4.6,2.9,2022-04-20,130,2022-05-20,,,1,1,0331,002,2022,24.4,24,8,R12072,태봉,1,76
철원,철원(국립식량과학원),001,00122022002417,89.9, , ,16.9,5,2.4,2022-04-20,130,2022-05-20,,,1,1,0331,002,2022,16.9,25,8,R12079,운광,1,76
운봉,운봉(국립식량과학원),001,00122022002426,96.9, , ,16,4.9,1.6,2022-04-20,130,2022-05-20,,,1,1,0330,002,2022,16,26,8,R12079,운광,1,76
상주,상주(국립식량과학원),001,00122022002429,91, , ,14.4,4.2,1.8,2022-04-25,130,2022-05-24,,,1,1,0329,002,2022,14.4,27,8,R12079,운광,1,76
춘천,춘천(강원특별자치도 농업기술원),001,00122022002440,57, , ,14.6,4.3,3.4,2022-04-25,130,2022-05-24,,,1,1,0333,002,2022,14.6,28,8,R12079,운광,1,76
강릉,강릉(강원특별자치도 농업기술원),001,00122022002445,64.4, , ,12.4,4.3,3.1,2022-04-20,130,2022-05-20,,,1,1,0344,002,2022,12.4,29,8,R12079,운광,1,76
제천,제천(충청북도 농업기술원),001,00122022002454,95, , ,12.7,4,2.6,2022-04-20,130,2022-05-20,,,1,1,0337,002,2022,12.7,30,8,R12079,운광,1,76
안동,안동(경상북도 농업기술원),001,00122022002477,82.9, , ,13.1,3.1,2.5,2022-04-20,120,2022-05-18,,,1,1,0351,002,2022,13.1,31,8,R12079,운광,1,76
철원,철원(국립식량과학원),001,00122022002418,96.4, , ,23,4.4,2.4,2022-04-20,130,2022-05-20,,,1,1,0331,002,2022,23,32,8,R12080,조운,1,76
상주,상주(국립식량과학원),001,00122022002430,90, , ,17.4,4,1.7,2022-04-25,130,2022-05-24,,,1,1,0329,002,2022,17.4,33,8,R12085,설레미,1,76
강릉,강릉(강원특별자치도 농업기술원),001,00122022002446,95.4, , ,13.7,4,2.7,2022-04-20,130,2022-05-20,,,1,1,0344,002,2022,13.7,34,8,R12086,오대1호,1,76
진부,진부(국립식량과학원),001,00122022002489,95.3, , ,17.5,3.8,2,2022-04-20,120,2022-05-20,,,1,1,0336,002,2022,17.5,35,8,R12092,한설,1,76
강릉,강릉(강원특별자치도 농업기술원),001,00122022002444,99, , ,16.2,4,2.4,2022-04-20,130,2022-05-20,,,1,1,0344,002,2022,16.2,36,8,R12093,오륜,1,76
철원,철원(국립식량과학원),001,00122022002414,93.9, , ,22.1,4.1,2.38,2022-04-20,130,2022-05-20,,,1,1,0331,002,2022,22.1,37,8,R13002,오대벼,1,76
운봉,운봉(국립식량과학원),001,00122022002423,98.9, , ,20.9,4.6,1.8,2022-04-20,130,2022-05-20,,,1,1,0330,002,2022,20.9,38,8,R13002,오대벼,1,76
상주,상주(국립식량과학원),001,00122022002427,91.7, , ,17.8,4.4,2.1,2022-04-25,130,2022-05-24,,,1,1,0329,002,2022,17.8,39,8,R13002,오대벼,1,76
화성,화성(경기도 경기도농업기술원),001,00122022002435,98.8, , ,20.9,3.4,3.05,2022-04-20,130,2022-05-20,,,1,1,0332,002,2022,20.9,40,8,R13002,오대벼,1,76
춘천,춘천(강원특별자치도 농업기술원),001,00122022002439,89.8, , ,18.9,3.8,3.2,2022-04-25,130,2022-05-24,,,1,1,0333,002,2022,18.9,41,8,R13002,오대벼,1,76
강릉,강릉(강원특별자치도 농업기술원),001,00122022002443,92.5, , ,14.1,3.8,2.7,2022-04-20,130,2022-05-20,,,1,1,0344,002,2022,14.1,42,8,R13002,오대벼,1,76
제천,제천(충청북도 농업기술원),001,00122022002451,94.6, , ,15.7,3.9,2.7,2022-04-20,130,2022-05-20,,,1,1,0337,002,2022,15.7,43,8,R13002,오대벼,1,76
안동,안동(경상북도 농업기술원),001,00122022002476,84.2, , ,19.2,3.1,2.5,2022-04-20,120,2022-05-18,,,1,1,0351,002,2022,19.2,44,8,R13002,오대벼,1,76
진부,진부(국립식량과학원),001,00122022002486,95.1, , ,16.5,4.7,2.3,2022-04-20,120,2022-05-20,,,1,1,0336,002,2022,16.5,45,8,R13002,오대벼,1,76
진부,진부(국립식량과학원),001,00122022002488,93.9, , ,19.2,4.4,2.3,2022-04-20,120,2022-05-20,,,1,1,0336,002,2022,19.2,46,8,R13003,진부올벼,1,76
영덕,영덕(국립식량과학원),001,00122022002432,80.3, , ,13.4,3.6,2.68,2022-04-20,130,2022-05-25,,,1,1,0338,002,2022,13.4,47,8,R22009,화영벼,1,76
영덕,영덕(국립식량과학원),001,00122022002433,81.8, , ,13.3,3.7,2.21,2022-04-20,130,2022-05-25,,,1,1,0338,002,2022,13.3,48,8,R22083,삼덕,1,76
영덕,영덕(국립식량과학원),001,00122022002431,81, , ,14.1,3.6,2.58,2022-04-20,130,2022-05-25,,,1,1,0338,002,2022,14.1,49,8,R23004,화성벼,1,76
청원,청원(충청북도 농업기술원),001,00122022002449,93, , ,14.9,3.4,2.2,2022-04-25,130,2022-05-25,,,1,1,2325,002,2022,14.9,50,8,R32001,일품벼,1,76
안동,안동(경상북도 농업기술원),001,00122022002479,92.3, , ,15.1,3,1.9,2022-04-20,120,2022-05-18,,,1,1,0351,002,2022,15.1,51,8,R32001,일품벼,1,76
화성,화성(경기도 경기도농업기술원),001,00122022002436,97.9, , ,19.8,3,2.74,2022-04-20,130,2022-05-20,,,1,1,0332,002,2022,19.8,52,8,R32003,대안벼,1,76
춘천,춘천(강원특별자치도 농업기술원),001,00122022002441,95.8, , ,19.4,4.1,2.8,2022-04-25,130,2022-05-24,,,1,1,0333,002,2022,19.4,53,8,R32003,대안벼,1,76
청원,청원(충청북도 농업기술원),001,00122022002448,93.5, , ,17.5,3.7,2.5,2022-04-25,130,2022-05-25,,,1,1,2325,002,2022,17.5,54,8,R32003,대안벼,1,76
계화,계화(국립식량과학원),001,00122022002421,80.6, , ,27,4.6,2.1,2022-05-02,130,2022-05-30,,,1,1,0343,002,2022,27,55,8,R32011,남평벼,1,76
영덕,영덕(국립식량과학원),001,00122022002434,82.5, , ,14.6,3.5,2.61,2022-04-20,130,2022-05-25,,,1,1,0338,002,2022,14.6,56,8,R32011,남평벼,1,76
익산,익산(전북특별자치도 농업기술원),001,00122022002462,93.4, , ,14.5,3.9,2.8,2022-04-30,130,2022-05-30,,,1,1,0326,002,2022,14.5,57,8,R32011,남평벼,1,76
안동,안동(경상북도 농업기술원),001,00122022002478,91.7, , ,17,2.6,1.9,2022-04-20,120,2022-05-18,,,1,1,0351,002,2022,17,58,8,R32015,새추청,1,76
계화,계화(국립식량과학원),001,00122022002419,81, , ,25.2,5.1,2.5,2022-04-30,130,2022-05-30,,,1,1,0343,002,2022,25.2,59,8,R32016,신동진,1,76
익산,익산(전북특별자치도 농업기술원),001,00122022002461,90.2, , ,16.1,3.7,3,2022-04-30,130,2022-05-30,,,1,1,0326,002,2022,16.1,60,8,R32016,신동진,1,76
계화,계화(국립식량과학원),001,00122022002422,83, , ,25.1,4.5,1.9,2022-05-03,130,2022-05-30,,,1,1,0343,002,2022,25.1,61,8,R32068,동진1호,1,76
화성,화성(경기도 경기도농업기술원),001,00122022002437,94.3, , ,19.4,3.5,3.2,2022-04-20,130,2022-05-20,,,1,1,0332,002,2022,19.4,62,8,R32082,삼광,1,76
춘천,춘천(강원특별자치도 농업기술원),001,00122022002442,93.9, , ,17.5,4,2.6,2022-04-25,130,2022-05-24,,,1,1,0333,002,2022,17.5,63,8,R32082,삼광,1,76
청원,청원(충청북도 농업기술원),001,00122022002450,94, , ,17.7,3.4,2.4,2022-04-25,130,2022-05-25,,,1,1,2325,002,2022,17.7,64,8,R32082,삼광,1,76
예산,예산(충청남도 농업기술원),001,00122022002455,90.8, , ,18.2,3.4,1.8,2022-04-25,130,2022-05-25,,,1,1,0350,002,2022,18.2,65,8,R32082,삼광,1,76
예산,예산(충청남도 농업기술원),001,00122022002459,94.3, , ,20.3,3.3,2.1,2022-04-25,130,2022-05-25,,,1,1,0350,002,2022,20.3,66,8,R32084,새누리,1,76
익산,익산(전북특별자치도 농업기술원),001,00122022002464,95.5, , ,14.8,3.7,2.7,2022-04-30,130,2022-05-30,,,1,1,0326,002,2022,14.8,67,8,R32084,새누리,1,76
계화,계화(국립식량과학원),001,00122022002420,79.1, , ,28.8,4.8,2.5,2022-05-01,130,2022-05-30,,,1,1,0343,002,2022,28.8,68,8,R32088,청호,1,76
예산,예산(충청남도 농업기술원),001,00122022002456,91.3, , ,15.5,3.3,1.9,2022-04-25,130,2022-05-25,,,1,1,0350,002,2022,15.5,69,8,R32091,호품,1,76
익산,익산(전북특별자치도 농업기술원),001,00122022002463,87.8, , ,13,3.8,2.7,2022-04-30,130,2022-05-30,,,1,1,0326,002,2022,13,70,8,R32091,호품,1,76
예산,예산(충청남도 농업기술원),001,00122022002458,95.1, , ,17.9,3.5,1.8,2022-04-25,130,2022-05-25,,,1,1,0350,002,2022,17.9,71,8,R32093,새일미,1,76
안동,안동(경상북도 농업기술원),001,00122022002480,94.1, , ,18.8,3.4,2.1,2022-04-20,120,2022-05-18,,,1,1,0351,002,2022,18.8,72,8,R32093,새일미,1,76
화성,화성(경기도 경기도농업기술원),001,00122022002438,98.7, , ,18,3,2.14,2022-04-20,130,2022-05-20,,,1,1,0332,002,2022,18,73,8,R33009,추청,1,76
청원,청원(충청북도 농업기술원),001,00122022002447,94.8, , ,16.5,3.7,2.2,2022-04-25,130,2022-05-25,,,1,1,2325,002,2022,16.5,74,8,R33009,추청,1,76
예산,예산(충청남도 농업기술원),001,00122022002457,95.7, , ,17.2,3.5,1.5,2022-04-25,130,2022-05-25,,,1,1,0350,002,2022,17.2,75,8,R33009,추청,1,76
익산,익산(전북특별자치도 농업기술원),001,00122022002460,95.1, , ,13.8,3.8,2.7,2022-04-30,130,2022-05-30,,,1,1,0326,002,2022,13.8,76,8,R46058,예찬,1,76
나주,나주(전라남도 농업기술원),001,00122023002559,68.4, , ,17.9,3.9,2.21,2023-05-10,130,2022-06-05,,,1,1,0352,002,2023,17.9,1,3,R32006,일미벼,1,76
나주,나주(전라남도 농업기술원),001,00122023002560,77.6, , ,19.3,5.1,2.17,2023-05-10,130,2022-06-05,,,1,1,0352,002,2023,19.3,2,3,R32016,신동진,1,76
나주,나주(전라남도 농업기술원),001,00122023002562,85.6, , ,19.6,4.2,2.14,2023-05-10,130,2022-06-05,,,1,1,0352,002,2023,19.6,3,3,R32081,미품,1,76
나주,나주(전라남도 농업기술원),001,00122023002563,90.9, , ,19,4,2.01,2023-05-10,130,2022-06-05,,,1,1,0352,002,2023,19,4,3,R32092,현품,1,76
나주,나주(전라남도 농업기술원),001,00122023002564,84.7, , ,19.2,5.2,2.05,2023-05-10,130,2022-06-05,,,1,1,0352,002,2023,19.2,5,3,R32093,새일미,1,76
나주,나주(전라남도 농업기술원),001,00122023002561,93.4, , ,19.1,3.6,2.23,2023-05-10,130,2022-06-05,,,1,1,0352,002,2023,19.1,6,3,R46054,새청무,1,76
대구,대구(경상북도 농업기술원),001,00122023002565,87.2, , ,17.9,2.8,2.2,2023-04-30,130,2022-05-30,,,1,1,0340,002,2023,17.9,7,4,R22009,화영벼,1,76
대구,대구(경상북도 농업기술원),001,00122023002567,90.9, , ,17.6,2.7,2.4,2023-04-30,130,2022-05-30,,,1,1,0340,002,2023,17.6,8,4,R22083,삼덕,1,76
대구,대구(경상북도 농업기술원),001,00122023002566,97.9, , ,16,2.6,2,2023-04-30,130,2022-05-30,,,1,1,0340,002,2023,16,9,4,R32001,일품벼,1,76
대구,대구(경상북도 농업기술원),001,00122023002568,92.4, , ,17.5,3,2.1,2023-04-30,130,2022-05-30,,,1,1,0340,002,2023,17.5,10,4,R32082,삼광,1,76
대구,대구(경상북도 농업기술원),001,00122023002569,91.2, , ,18.7,3,2.4,2023-04-30,130,2022-05-30,,,1,1,0340,002,2023,18.7,11,4,R32093,새일미,1,76
진주,진주(경상남도 농업기술원),001,00122023002577,99.04076738609115, , ,22.56833333333334,4.028333333333333,1.8733333333333333,2023-05-10,130,2022-06-05,,,1,1,0335,002,2023,22.56833333333334,12,6,R32008,동안벼,1,76
진주,진주(경상남도 농업기술원),001,00122023002578,98.09782608695651, , ,18.758333333333336,4.233333333333333,2.143333333333333,2023-05-10,130,2022-06-05,,,1,1,0335,002,2023,18.758333333333336,13,6,R32068,동진1호,1,76
진주,진주(경상남도 농업기술원),001,00122023002576,97.4293059125964, , ,20.71166666666667,4.0249999999999995,1.6966666666666665,2023-05-10,130,2022-06-05,,,1,1,0335,002,2023,20.71166666666667,14,6,R32093,새일미,1,76
진주,진주(경상남도 농업기술원),001,00122023002575,98.25000000000001, , ,15.305000000000001,4.045,1.4333333333333333,2023-05-10,130,2022-06-05,,,1,1,0335,002,2023,15.305000000000001,15,6,R46055,해품,1,76
진주,진주(경상남도 농업기술원),001,00122023002579,99.52267303102624, , ,15.788333333333334,4.026666666666666,1.6933333333333333,2023-05-10,130,2022-06-05,,,1,1,0335,002,2023,15.788333333333334,16,6,R46056,영호진미,1,76
계화,계화(국립식량과학원),001,00122023002514,95, , ,25.3,5,2,2023-05-01,130,2023-05-25,,,1,1,0343,002,2023,25.3,17,8,R10123,참동진,1,76
익산,익산(전북특별자치도 농업기술원),001,00122023002557,92.7, , ,16.6,4.1,3.5,2023-04-30,130,2022-05-30,,,1,1,0326,002,2023,16.6,18,8,R10123,참동진,1,76
철원,철원(국립식량과학원),001,00122023002509,91.68618266978922, , ,18.227254901960787,4.218333333333333,1.95,2023-04-20,130,2023-05-20,,,1,1,0331,002,2023,18.227254901960787,19,8,R12004,진부벼,1,76
운봉,운봉(국립식량과학원),001,00122023002518,80.6, , ,21.7,4.4,2.3,2023-04-20,130,2023-05-20,,,1,1,0330,002,2023,21.7,20,8,R12004,진부벼,1,76
진부,진부(국립식량과학원),001,00122023002581,91.01125905618646, , ,15.963492063492063,4.46031746031746,2.42,2023-04-20,120,2022-05-20,,,1,1,0336,002,2023,15.963492063492063,21,8,R12004,진부벼,1,76
상주,상주(국립식량과학원),001,00122023002522,90.03194949393344, , ,17.026666666666667,4.071666666666666,2.3,2023-04-25,130,2023-05-25,,,1,1,0329,002,2023,17.026666666666667,22,8,R12005,상주벼,1,76
제천,제천(충청북도 농업기술원),001,00122023002547,94.1, , ,16.4,3.3,2,2023-04-20,130,2023-06-05,,,1,1,0337,002,2023,16.4,23,8,R12005,상주벼,1,76
제천,제천(충청북도 농업기술원),001,00122023002546,93.6, , ,14.9,3.4,2,2023-04-20,130,2023-06-05,,,1,1,0337,002,2023,14.9,24,8,R12016,상미,1,76
운봉,운봉(국립식량과학원),001,00122023002519,92.7, , ,17.6,4.5,1.7,2023-04-20,130,2023-05-20,,,1,1,0330,002,2023,17.6,25,8,R12019,삼천벼,1,76
철원,철원(국립식량과학원),001,00122023002510,85.72954822954823, , ,16.36222222222222,4.2683333333333335,1.755,2023-04-20,130,2023-05-20,,,1,1,0331,002,2023,16.36222222222222,26,8,R12072,태봉,1,76
철원,철원(국립식량과학원),001,00122023002511,87.50514244324847, , ,14.306501547987615,4.5183333333333335,2.29,2023-04-20,130,2023-05-20,,,1,1,0331,002,2023,14.306501547987615,27,8,R12079,운광,1,76
운봉,운봉(국립식량과학원),001,00122023002520,92.6, , ,17.7,5,1.8,2023-04-20,130,2023-05-25,,,1,1,0330,002,2023,17.7,28,8,R12079,운광,1,76
상주,상주(국립식량과학원),001,00122023002523,87.58576051779933, , ,14.485,4.078333333333334,2.43,2023-04-25,130,2023-05-25,,,1,1,0329,002,2023,14.485,29,8,R12079,운광,1,76
춘천,춘천(강원특별자치도 농업기술원),001,00122023002534,91, , ,11,4.3,2.8,2023-04-25,130,2023-06-05,,,1,1,0333,002,2023,11,30,8,R12079,운광,1,76
강릉,강릉(강원특별자치도 농업기술원),001,00122023002539,92.1, , ,12.1,4.2,2.6,2023-04-20,130,2023-05-30,,,1,1,0344,002,2023,12.1,31,8,R12079,운광,1,76
제천,제천(충청북도 농업기술원),001,00122023002548,94.7, , ,14.9,3.3,2,2023-04-20,130,2023-06-05,,,1,1,0337,002,2023,14.9,32,8,R12079,운광,1,76
안동,안동(경상북도 농업기술원),001,00122023002571,96.4, , ,13.3,2.7,1.8,2023-04-20,120,2022-05-18,,,1,1,0351,002,2023,13.3,33,8,R12079,운광,1,76
철원,철원(국립식량과학원),001,00122023002512,91.49274462513233, , ,16.824298245614034,4.113333333333333,1.9333333333333333,2023-04-20,130,2023-05-25,,,1,1,0331,002,2023,16.824298245614034,34,8,R12080,조운,1,76
상주,상주(국립식량과학원),001,00122023002524,94.77777777777777, , ,19.252666666666666,4.04,2.58,2023-04-25,130,2023-05-25,,,1,1,0329,002,2023,19.252666666666666,35,8,R12085,설레미,1,76
강릉,강릉(강원특별자치도 농업기술원),001,00122023002540,86.3, , ,13.9,4.2,2.7,2023-04-20,130,2023-05-30,,,1,1,0344,002,2023,13.9,36,8,R12086,오대1호,1,76
강릉,강릉(강원특별자치도 농업기술원),001,00122023002538,94.5, , ,15.7,4,2.3,2023-04-20,130,2023-05-30,,,1,1,0344,002,2023,15.7,37,8,R12093,오륜,1,76
예산,예산(충청남도 농업기술원),001,00122023002551,75.9, , ,14.5,3.5,1.96,2023-04-25,130,2016-05-20,,,1,1,0350,002,2023,14.5,38,8,R12122,친들,1,76
안동,안동(경상북도 농업기술원),001,00122023002570,95.5, , ,13.9,3,2.1,2023-04-20,120,2022-05-18,,,1,1,0351,002,2023,13.9,39,8,R12123,해담쌀,1,76
철원,철원(국립식량과학원),001,00122023002508,90.76426282690492, , ,15.911666666666667,4.17,2.17,2023-04-20,130,2023-05-20,,,1,1,0331,002,2023,15.911666666666667,40,8,R13002,오대벼,1,76
운봉,운봉(국립식량과학원),001,00122023002517,99.5, , ,20.8,4.4,2.1,2023-04-20,130,2023-05-20,,,1,1,0330,002,2023,20.8,41,8,R13002,오대벼,1,76
상주,상주(국립식량과학원),001,00122023002521,90.48332629801604, , ,17.643333333333334,4.081666666666666,2.44,2023-04-25,130,2023-05-25,,,1,1,0329,002,2023,17.643333333333334,42,8,R13002,오대벼,1,76
화성,화성(경기도 경기도농업기술원),001,00122023002529,94.5, , ,13.9,3.2,2.1,2023-04-20,130,2023-05-30,,,1,1,0332,002,2023,13.9,43,8,R13002,오대벼,1,76
춘천,춘천(강원특별자치도 농업기술원),001,00122023002533,94.7, , ,13.7,4.2,2.9,2023-04-25,130,2023-06-05,,,1,1,0333,002,2023,13.7,44,8,R13002,오대벼,1,76
강릉,강릉(강원특별자치도 농업기술원),001,00122023002537,92.4, , ,14.1,3.9,2.9,2023-04-20,130,2023-05-30,,,1,1,0344,002,2023,14.1,45,8,R13002,오대벼,1,76
제천,제천(충청북도 농업기술원),001,00122023002545,93.8, , ,17.9,3,2.3,2023-04-20,130,2023-05-18,,,1,1,0337,002,2023,17.9,46,8,R13002,오대벼,1,76
진부,진부(국립식량과학원),001,00122023002580,94.80967239902871, , ,15.966666666666666,4.131746031746032,2.813333333333333,2023-04-20,120,2022-05-20,,,1,1,0336,002,2023,15.966666666666666,47,8,R13002,오대벼,1,76
진부,진부(국립식량과학원),001,00122023002582,92.25172595840202, , ,17.14761904761905,4.241269841269842,2.4933333333333336,2023-04-20,120,2022-05-20,,,1,1,0336,002,2023,17.14761904761905,48,8,R13003,진부올벼,1,76
영덕,영덕(국립식량과학원),001,00122023002526,85.1, , ,13.1,3.8,1.65,2023-04-20,130,2023-05-30,,,1,1,0338,002,2023,13.1,49,8,R22009,화영벼,1,76
영덕,영덕(국립식량과학원),001,00122023002527,81.1, , ,11.9,3.7,1.65,2023-04-20,130,2023-05-30,,,1,1,0338,002,2023,11.9,50,8,R22083,삼덕,1,76
영덕,영덕(국립식량과학원),001,00122023002525,93.4, , ,14.2,3.5,2.23,2023-04-20,130,2023-05-30,,,1,1,0338,002,2023,14.2,51,8,R23004,화성벼,1,76
청원,청원(충청북도 농업기술원),001,00122023002543,93.6, , ,13.5,3,2.3,2023-04-25,130,2023-05-18,,,1,1,2325,002,2023,13.5,52,8,R32001,일품벼,1,76
안동,안동(경상북도 농업기술원),001,00122023002573,98.7, , ,15.3,2.8,1.9,2023-04-20,120,2022-05-18,,,1,1,0351,002,2023,15.3,53,8,R32001,일품벼,1,76
화성,화성(경기도 경기도농업기술원),001,00122023002530,92.3, , ,14.4,3.8,1.8,2023-04-20,130,2023-06-05,,,1,1,0332,002,2023,14.4,54,8,R32003,대안벼,1,76
춘천,춘천(강원특별자치도 농업기술원),001,00122023002535,93.9, , ,17,4.2,2.9,2023-04-25,130,2023-06-05,,,1,1,0333,002,2023,17,55,8,R32003,대안벼,1,76
청원,청원(충청북도 농업기술원),001,00122023002542,93.2, , ,20.7,3.2,2.8,2023-04-25,130,2023-05-18,,,1,1,2325,002,2023,20.7,56,8,R32003,대안벼,1,76
계화,계화(국립식량과학원),001,00122023002515,96.4, , ,21.5,4.8,1.7,2023-05-02,130,2023-05-25,,,1,1,0343,002,2023,21.5,57,8,R32011,남평벼,1,76
영덕,영덕(국립식량과학원),001,00122023002528,78.6, , ,11.4,3.7,1.36,2023-04-20,130,2023-05-30,,,1,1,0338,002,2023,11.4,58,8,R32011,남평벼,1,76
익산,익산(전북특별자치도 농업기술원),001,00122023002556,94, , ,14.9,4.2,3.3,2023-04-30,130,2022-05-30,,,1,1,0326,002,2023,14.9,59,8,R32011,남평벼,1,76
계화,계화(국립식량과학원),001,00122023002513,98.4, , ,24.9,5.1,2,2023-04-30,130,2023-05-25,,,1,1,0343,002,2023,24.9,60,8,R32016,신동진,1,76
익산,익산(전북특별자치도 농업기술원),001,00122023002555,93.9, , ,16.2,4,3.5,2023-04-30,130,2022-05-30,,,1,1,0326,002,2023,16.2,61,8,R32016,신동진,1,76
계화,계화(국립식량과학원),001,00122023002516,100, , ,20.6,4.8,1.6,2023-05-03,130,2023-05-20,,,1,1,0343,002,2023,20.6,62,8,R32068,동진1호,1,76
화성,화성(경기도 경기도농업기술원),001,00122023002531,94.9, , ,13.2,3.5,1.9,2023-04-20,130,2023-06-05,,,1,1,0332,002,2023,13.2,63,8,R32082,삼광,1,76
춘천,춘천(강원특별자치도 농업기술원),001,00122023002536,95.6, , ,14.5,4.2,2.5,2023-04-25,130,2023-05-30,,,1,1,0333,002,2023,14.5,64,8,R32082,삼광,1,76
청원,청원(충청북도 농업기술원),001,00122023002544,94.1, , ,13.9,3.1,2,2023-04-25,130,2023-05-18,,,1,1,2325,002,2023,13.9,65,8,R32082,삼광,1,76
예산,예산(충청남도 농업기술원),001,00122023002549,83.9, , ,18.6,3.6,2.302,2023-04-25,130,2023-06-05,,,1,1,0350,002,2023,18.6,66,8,R32082,삼광,1,76
안동,안동(경상북도 농업기술원),001,00122023002572,95.6, , ,15.6,2.9,2.2,2023-04-20,120,2022-05-18,,,1,1,0351,002,2023,15.6,67,8,R32082,삼광,1,76
예산,예산(충청남도 농업기술원),001,00122023002553,85.6, , ,18.1,3.7,2.486,2023-04-25,130,2016-05-20,,,1,1,0350,002,2023,18.1,68,8,R32084,새누리,1,76
익산,익산(전북특별자치도 농업기술원),001,00122023002558,95.2, , ,15.3,4.1,3.2,2023-04-30,130,2022-05-30,,,1,1,0326,002,2023,15.3,69,8,R32084,새누리,1,76
예산,예산(충청남도 농업기술원),001,00122023002552,86.2, , ,18.2,3.7,2.282,2023-04-25,130,2016-05-20,,,1,1,0350,002,2023,18.2,70,8,R32093,새일미,1,76
안동,안동(경상북도 농업기술원),001,00122023002574,88.8, , ,15.1,3.1,2,2023-04-20,120,2022-05-18,,,1,1,0351,002,2023,15.1,71,8,R32093,새일미,1,76
화성,화성(경기도 경기도농업기술원),001,00122023002532,95.8, , ,12.2,3.5,1.8,2023-04-20,130,2023-06-05,,,1,1,0332,002,2023,12.2,72,8,R33009,추청,1,76
청원,청원(충청북도 농업기술원),001,00122023002541,94.5, , ,13.7,3,2,2023-04-25,130,2023-05-18,,,1,1,2325,002,2023,13.7,73,8,R33009,추청,1,76
진부,진부(국립식량과학원),001,00122023002583,93.16509380968431, , ,16.41746031746032,4.123809523809524,2.07,2023-04-20,120,2022-05-20,,,1,1,0336,002,2023,16.41746031746032,74,8,R46057,한설,1,76
예산,예산(충청남도 농업기술원),001,00122023002550,84, , ,15.1,3.5,2.034,2023-04-25,130,2023-06-05,,,1,1,0350,002,2023,15.1,75,8,R46058,예찬,1,76
익산,익산(전북특별자치도 농업기술원),001,00122023002554,95.9, , ,13.5,3.8,3.1,2023-04-30,130,2016-05-20,,,1,1,0326,002,2023,13.5,76,8,R46058,예찬,1,76
나주,나주(전라남도 농업기술원),001,00122024002694,94.6, , ,15.1,3.8,1.78,2024-05-10,130,2024-06-05,,,1,1,0352,002,2024,15.1,1,3,R32006,일미벼,1,76
나주,나주(전라남도 농업기술원),001,00122024002695,82.5, , ,15.1,2.6,1.47,2024-05-10,130,2024-06-05,,,1,1,0352,002,2024,15.1,2,3,R32016,신동진,1,76
나주,나주(전라남도 농업기술원),001,00122024002697,89.5, , ,12.9,3.3,1.61,2024-05-10,130,2024-06-05,,,1,1,0352,002,2024,12.9,3,3,R32081,미품,1,76
나주,나주(전라남도 농업기술원),001,00122024002698,82.5, , ,13.8,4,2.29,2024-05-10,130,2024-06-05,,,1,1,0352,002,2024,13.8,4,3,R32092,현품,1,76
나주,나주(전라남도 농업기술원),001,00122024002699,93.4, , ,16,3.9,1.76,2024-05-10,130,2024-06-05,,,1,1,0352,002,2024,16,5,3,R32093,새일미,1,76
나주,나주(전라남도 농업기술원),001,00122024002696,92, , ,13,3.3,1.79,2024-05-10,130,2024-06-05,,,1,1,0352,002,2024,13,6,3,R46054,새청무,1,76
대구,대구(경상북도 농업기술원),001,00122024002700,83, , ,15.1,2.6,2.4,2024-04-30,130,2024-05-30,,,1,1,0340,002,2024,15.1,7,4,R22009,화영벼,1,76
대구,대구(경상북도 농업기술원),001,00122024002702,89.7, , ,15.7,2.7,2.3,2024-04-30,130,2024-05-30,,,1,1,0340,002,2024,15.7,8,4,R22083,삼덕,1,76
대구,대구(경상북도 농업기술원),001,00122024002701,91, , ,13.2,2.9,2.2,2024-04-30,130,2024-05-30,,,1,1,0340,002,2024,13.2,9,4,R32001,일품벼,1,76
대구,대구(경상북도 농업기술원),001,00122024002703,89.1, , ,17.8,2.7,2.3,2024-04-30,130,2024-05-30,,,1,1,0340,002,2024,17.8,10,4,R32082,삼광,1,76
대구,대구(경상북도 농업기술원),001,00122024002704,91.2, , ,18.2,2.8,2.3,2024-04-30,130,2024-05-30,,,1,1,0340,002,2024,18.2,11,4,R32093,새일미,1,76
진주,진주(경상남도 농업기술원),001,00122024002712,98.15789473684211, , ,14.331666666666669,3.0116666666666667,1.8733333333333333,2024-05-10,130,2024-06-05,,,1,1,0335,002,2024,14.331666666666669,12,6,R32008,동안벼,1,76
진주,진주(경상남도 농업기술원),001,00122024002713,97.67981438515082, , ,14.680000000000001,3.4716666666666662,2.143333333333333,2024-05-10,130,2024-06-05,,,1,1,0335,002,2024,14.680000000000001,13,6,R32068,동진1호,1,76
진주,진주(경상남도 농업기술원),001,00122024002711,99.52153110047848, , ,14.617500000000001,3.153333333333333,1.7133333333333336,2024-05-10,130,2024-06-05,,,1,1,0335,002,2024,14.617500000000001,14,6,R32093,새일미,1,76
진주,진주(경상남도 농업기술원),001,00122024002710,98.86877828054298, , ,13.971929824561405,3.0383333333333327,1.6933333333333334,2024-05-10,130,2024-06-05,,,1,1,0335,002,2024,13.971929824561405,15,6,R46055,해품,1,76
진주,진주(경상남도 농업기술원),001,00122024002714,95.49295774647888, , ,14.436666666666667,3.1449999999999996,1.5200000000000002,2024-05-10,130,2024-06-05,,,1,1,0335,002,2024,14.436666666666667,16,6,R46056,영호진미,1,76
계화,계화(국립식량과학원),001,00122024002649,92.2, , ,20.7,4.3,1.7,2024-04-30,130,2024-05-30,,,1,1,0343,002,2024,20.7,17,8,R10123,참동진,1,76
익산,익산(전북특별자치도 농업기술원),001,00122024002692,94.1, , ,16.3,3.9,3.7,2024-04-30,130,2024-05-30,,,1,1,0326,002,2024,16.3,18,8,R10123,참동진,1,76
철원,철원(국립식량과학원),001,00122024002644,86.7, , ,16.7,4.9,2.15,2024-04-20,130,2024-05-20,,,1,1,0331,002,2024,16.7,19,8,R12004,진부벼,1,76
운봉,운봉(국립식량과학원),001,00122024002653,92.5, , ,19.5,3.8,1.4,2024-04-20,130,2024-05-20,,,1,1,0330,002,2024,19.5,20,8,R12004,진부벼,1,76
진부,진부(국립식량과학원),001,00122024002716,97.22116298981705, , ,15.834920634920636,4.514285714285713,2.8466666666666662,2024-04-20,120,2024-05-20,,,1,1,0336,002,2024,15.834920634920636,21,8,R12004,진부벼,1,76
상주,상주(국립식량과학원),001,00122024002657,89.3, , ,11.023499999999999,4.1049999999999995,1.14,2024-04-25,130,2024-05-24,,,1,1,0329,002,2024,11.023499999999999,22,8,R12005,상주벼,1,76
제천,제천(충청북도 농업기술원),001,00122024002682,93.8, , ,20.4,2.8,2.5,2024-04-20,130,2024-05-20,,,1,1,0337,002,2024,20.4,23,8,R12005,상주벼,1,76
제천,제천(충청북도 농업기술원),001,00122024002681,94.2, , ,18.6,2.7,2.3,2024-04-20,130,2024-05-20,,,1,1,0337,002,2024,18.6,24,8,R12016,상미,1,76
운봉,운봉(국립식량과학원),001,00122024002654,97.4, , ,17.5,3.3,1.3,2024-04-20,130,2024-05-20,,,1,1,0330,002,2024,17.5,25,8,R12019,삼천벼,1,76
철원,철원(국립식량과학원),001,00122024002645,84.3, , ,16.7,4.9,2.01,2024-04-20,130,2024-05-20,,,1,1,0331,002,2024,16.7,26,8,R12072,태봉,1,76
철원,철원(국립식량과학원),001,00122024002646,80.8, , ,13.3,4.9,1.74,2024-04-20,130,2024-05-20,,,1,1,0331,002,2024,13.3,27,8,R12079,운광,1,76
운봉,운봉(국립식량과학원),001,00122024002655,96, , ,15.8,3.9,1.4,2024-04-20,130,2024-05-20,,,1,1,0330,002,2024,15.8,28,8,R12079,운광,1,76
상주,상주(국립식량과학원),001,00122024002658,85, , ,10.278333333333334,4.083333333333333,1.02,2024-04-25,130,2024-05-24,,,1,1,0329,002,2024,10.278333333333334,29,8,R12079,운광,1,76
춘천,춘천(강원특별자치도 농업기술원),001,00122024002669,97.2, , ,9.7,3.7,2.5,2024-04-25,130,2024-05-24,,,1,1,0333,002,2024,9.7,30,8,R12079,운광,1,76
강릉,강릉(강원특별자치도 농업기술원),001,00122024002674,94.1, , ,15,4,2.6,2024-04-20,130,2024-05-20,,,1,1,0344,002,2024,15,31,8,R12079,운광,1,76
제천,제천(충청북도 농업기술원),001,00122024002683,93.7, , ,16.5,3.4,2.3,2024-04-20,130,2024-05-20,,,1,1,0337,002,2024,16.5,32,8,R12079,운광,1,76
안동,안동(경상북도 농업기술원),001,00122024002706,75.1, , ,13.8,3.1,3,2024-04-20,120,2024-05-18,,,1,1,0351,002,2024,13.8,33,8,R12079,운광,1,76
철원,철원(국립식량과학원),001,00122024002647,86.3, , ,15.7,4.9,1.62,2024-04-20,130,2024-05-20,,,1,1,0331,002,2024,15.7,34,8,R12080,조운,1,76
상주,상주(국립식량과학원),001,00122024002659,88.7, , ,13.229999999999999,4.1,1.18,2024-04-25,130,2024-05-24,,,1,1,0329,002,2024,13.229999999999999,35,8,R12085,설레미,1,76
강릉,강릉(강원특별자치도 농업기술원),001,00122024002675,93.2, , ,17.1,3.8,2.6,2024-04-20,130,2024-05-20,,,1,1,0344,002,2024,17.1,36,8,R12086,오대1호,1,76
진부,진부(국립식량과학원),001,00122024002718,97.18717203034747, , ,14.776190476190479,4.0698412698412705,2.3433333333333333,2024-04-20,120,2024-05-20,,,1,1,0336,002,2024,14.776190476190479,37,8,R12092,한설,1,76
강릉,강릉(강원특별자치도 농업기술원),001,00122024002673,95.6, , ,16.6,4.1,2.9,2024-04-20,130,2024-05-20,,,1,1,0344,002,2024,16.6,38,8,R12093,오륜,1,76
예산,예산(충청남도 농업기술원),001,00122024002686,92.2711750942206, , ,13.6,4.3,2.384,2024-04-25,130,2024-05-25,,,1,1,0350,002,2024,13.6,39,8,R12122,친들,1,76
안동,안동(경상북도 농업기술원),001,00122024002705,85.8, , ,14.6,3.2,2.7,2024-04-20,120,2024-05-18,,,1,1,0351,002,2024,14.6,40,8,R12123,해담쌀,1,76
철원,철원(국립식량과학원),001,00122024002643,83.8, , ,14.7,5,1.89,2024-04-20,130,2024-05-20,,,1,1,0331,002,2024,14.7,41,8,R13002,오대벼,1,76
운봉,운봉(국립식량과학원),001,00122024002652,97.8, , ,20.2,3.4,1.6,2024-04-20,130,2024-05-20,,,1,1,0330,002,2024,20.2,42,8,R13002,오대벼,1,76
상주,상주(국립식량과학원),001,00122024002656,89.7, , ,13.073333333333332,4.153333333333333,1.53,2024-04-25,130,2024-05-24,,,1,1,0329,002,2024,13.073333333333332,43,8,R13002,오대벼,1,76
화성,화성(경기도 경기도농업기술원),001,00122024002664,94.1, , ,14.4,2.4,2.1,2024-04-20,130,2024-05-20,,,1,1,0332,002,2024,14.4,44,8,R13002,오대벼,1,76
춘천,춘천(강원특별자치도 농업기술원),001,00122024002668,92.8, , ,12.2,3.8,2.9,2024-04-25,130,2024-05-24,,,1,1,0333,002,2024,12.2,45,8,R13002,오대벼,1,76
강릉,강릉(강원특별자치도 농업기술원),001,00122024002672,93, , ,16.3,4.1,3.3,2024-04-20,130,2024-05-20,,,1,1,0344,002,2024,16.3,46,8,R13002,오대벼,1,76
제천,제천(충청북도 농업기술원),001,00122024002680,94.6, , ,22.1,2.4,2.7,2024-04-20,130,2024-05-20,,,1,1,0337,002,2024,22.1,47,8,R13002,오대벼,1,76
진부,진부(국립식량과학원),001,00122024002715,95.3709084880058, , ,15.239682539682539,4.222222222222222,2.82,2024-04-20,120,2024-05-20,,,1,1,0336,002,2024,15.239682539682539,48,8,R13002,오대벼,1,76
진부,진부(국립식량과학원),001,00122024002717,98.52976896985002, , ,14.298412698412697,4.266666666666667,2.6066666666666665,2024-04-20,120,2024-05-20,,,1,1,0336,002,2024,14.298412698412697,49,8,R13003,진부올벼,1,76
영덕,영덕(국립식량과학원),001,00122024002661,95.91161121983039, , ,15.499999999999998,3.1533333333333338,1.906666666666667,2024-04-20,130,2024-05-25,,,1,1,0338,002,2024,15.499999999999998,50,8,R22009,화영벼,1,76
영덕,영덕(국립식량과학원),001,00122024002662,95.96501035196688, , ,15.066666666666668,3.133333333333334,2.1033333333333335,2024-04-20,130,2024-05-25,,,1,1,0338,002,2024,15.066666666666668,51,8,R22083,삼덕,1,76
영덕,영덕(국립식량과학원),001,00122024002660,95.55399937752878, , ,16.366666666666667,2.7866666666666666,2.3499999999999996,2024-04-20,130,2024-05-25,,,1,1,0338,002,2024,16.366666666666667,52,8,R23004,화성벼,1,76
청원,청원(충청북도 농업기술원),001,00122024002678,93.1, , ,19.9,2.8,2.5,2024-04-25,130,2024-05-25,,,1,1,2325,002,2024,19.9,53,8,R32001,일품벼,1,76
안동,안동(경상북도 농업기술원),001,00122024002708,93, , ,13.4,2.7,2.2,2024-04-20,120,2024-05-18,,,1,1,0351,002,2024,13.4,54,8,R32001,일품벼,1,76
화성,화성(경기도 경기도농업기술원),001,00122024002665,92.9, , ,15.4,2.6,2.6,2024-04-20,130,2024-05-20,,,1,1,0332,002,2024,15.4,55,8,R32003,대안벼,1,76
춘천,춘천(강원특별자치도 농업기술원),001,00122024002670,93.6, , ,16,4,2.8,2024-04-25,130,2024-05-24,,,1,1,0333,002,2024,16,56,8,R32003,대안벼,1,76
청원,청원(충청북도 농업기술원),001,00122024002677,92.8, , ,23.7,2.7,2.6,2024-04-25,130,2024-05-25,,,1,1,2325,002,2024,23.7,57,8,R32003,대안벼,1,76
계화,계화(국립식량과학원),001,00122024002650,98, , ,19.4,3.7,1.5,2024-04-30,130,2024-05-30,,,1,1,0343,002,2024,19.4,58,8,R32011,남평벼,1,76
영덕,영덕(국립식량과학원),001,00122024002663,96.3723497529093, , ,17.366666666666664,2.9,1.9250000000000003,2024-04-20,130,2024-05-25,,,1,1,0338,002,2024,17.366666666666664,59,8,R32011,남평벼,1,76
익산,익산(전북특별자치도 농업기술원),001,00122024002691,92.9, , ,14,3.9,3.3,2024-04-30,130,2024-05-30,,,1,1,0326,002,2024,14,60,8,R32011,남평벼,1,76
계화,계화(국립식량과학원),001,00122024002648,98.1, , ,19.4,4.1,1.9,2024-04-30,130,2024-05-30,,,1,1,0343,002,2024,19.4,61,8,R32016,신동진,1,76
익산,익산(전북특별자치도 농업기술원),001,00122024002690,95.3, , ,15.7,3.8,3.5,2024-04-30,130,2024-05-30,,,1,1,0326,002,2024,15.7,62,8,R32016,신동진,1,76
계화,계화(국립식량과학원),001,00122024002651,97.6, , ,19.3,3.8,1.8,2024-04-30,130,2024-05-30,,,1,1,0343,002,2024,19.3,63,8,R32068,동진1호,1,76
화성,화성(경기도 경기도농업기술원),001,00122024002666,94.9, , ,13.9,2.7,2.2,2024-04-20,130,2024-05-20,,,1,1,0332,002,2024,13.9,64,8,R32082,삼광,1,76
춘천,춘천(강원특별자치도 농업기술원),001,00122024002671,96.6, , ,14.5,3.7,2.4,2024-04-25,130,2024-05-24,,,1,1,0333,002,2024,14.5,65,8,R32082,삼광,1,76
청원,청원(충청북도 농업기술원),001,00122024002679,93.4, , ,22.9,3,1.9,2024-04-25,130,2024-05-25,,,1,1,2325,002,2024,22.9,66,8,R32082,삼광,1,76
예산,예산(충청남도 농업기술원),001,00122024002684,96.91358024691358, , ,17.3,4.3,2.472,2024-04-25,130,2024-05-25,,,1,1,0350,002,2024,17.3,67,8,R32082,삼광,1,76
안동,안동(경상북도 농업기술원),001,00122024002707,89.5, , ,16.6,2.6,2.2,2024-04-20,120,2024-05-18,,,1,1,0351,002,2024,16.6,68,8,R32082,삼광,1,76
예산,예산(충청남도 농업기술원),001,00122024002688,94.52898942940539, , ,17.3,4.5,2.508,2024-04-25,130,2024-05-25,,,1,1,0350,002,2024,17.3,69,8,R32084,새누리,1,76
익산,익산(전북특별자치도 농업기술원),001,00122024002693,94.2, , ,15.4,3.7,3.5,2024-04-30,130,2024-05-30,,,1,1,0326,002,2024,15.4,70,8,R32084,새누리,1,76
예산,예산(충청남도 농업기술원),001,00122024002687,98.75, , ,19.1,4.3,2.862,2024-04-25,130,2024-05-25,,,1,1,0350,002,2024,19.1,71,8,R32093,새일미,1,76
안동,안동(경상북도 농업기술원),001,00122024002709,84.6, , ,15.4,3,2.5,2024-04-20,120,2024-05-18,,,1,1,0351,002,2024,15.4,72,8,R32093,새일미,1,76
화성,화성(경기도 경기도농업기술원),001,00122024002667,94.6, , ,12.9,2.8,2.1,2024-04-20,130,2024-05-20,,,1,1,0332,002,2024,12.9,73,8,R33009,추청,1,76
청원,청원(충청북도 농업기술원),001,00122024002676,93.9, , ,20.8,3,1.9,2024-04-25,130,2024-05-25,,,1,1,2325,002,2024,20.8,74,8,R33009,추청,1,76
예산,예산(충청남도 농업기술원),001,00122024002685,90.26627103041699, , ,14.6,4.6,2.54,2024-04-25,130,2024-05-25,,,1,1,0350,002,2024,14.6,75,8,R46058,예찬,1,76
익산,익산(전북특별자치도 농업기술원),001,00122024002689,96.3, , ,13.6,3.6,3.3,2024-04-30,130,2024-05-30,,,1,1,0326,002,2024,13.6,76,8,R46058,예찬,1,76
