areaNm,areaNm_full,cropsSpchcknCode,crpstDsgnRegistId,exam1,exam2,exam3,exam4,exam5,exam6,exam7,examForm,examinTmrd,exprAreaCode,exprSpchcknCode,exprYear,pajong,rnum,sortSn,spciesCode,spciesNm,srchExaminTmrd,totCnt
나주,나주(전라남도 농업기술원),001,00122017001870, , , , ,103.5,17,405,1,6,0352,002,2017,2017-05-10,1,3,R32006,일미벼,6,76
나주,나주(전라남도 농업기술원),001,00122017001869, , , , ,103.8,16.8,400,1,6,0352,002,2017,2017-05-10,2,3,R32011,남평벼,6,76
나주,나주(전라남도 농업기술원),001,00122017001866, , , , ,96.1,18.8,447,1,6,0352,002,2017,2017-05-10,3,3,R32081,미품,6,76
나주,나주(전라남도 농업기술원),001,00122017001867, , , , ,117.8,16,381,1,6,0352,002,2017,2017-05-10,4,3,R32084,새누리,6,76
나주,나주(전라남도 농업기술원),001,00122017001868, , , , ,116.1,19.1,455,1,6,0352,002,2017,2017-05-10,5,3,R32090,호평,6,76
나주,나주(전라남도 농업기술원),001,00122017001865, , , , ,87.9,18.6,443,1,6,0352,002,2017,2017-05-10,6,3,R32092,현품,6,76
대구,대구(경상북도 농업기술원),001,00122017001875, , , , ,10.95,17,404.6,1,6,0340,002,2017,2017-04-30,7,4,R22009,화영벼,6,76
대구,대구(경상북도 농업기술원),001,00122017001873, , , , ,99.6,16.1,383.2,1,6,0340,002,2017,2017-04-30,8,4,R22083,삼덕,6,76
대구,대구(경상북도 농업기술원),001,00122017001874, , , , ,94.6,16.1,383.2,1,6,0340,002,2017,2017-04-30,9,4,R32001,일품벼,6,76
대구,대구(경상북도 농업기술원),001,00122017001872, , , , ,98.3,18.3,435.5,1,6,0340,002,2017,2017-04-30,10,4,R32015,새추청,6,76
대구,대구(경상북도 농업기술원),001,00122017001871, , , , ,97.7,16.2,385.6,1,6,0340,002,2017,2017-04-30,11,4,R32093,새일미,6,76
진주,진주(경상남도 농업기술원),001,00122017001885,16.1,383,81.6,31253,102.7,17.4,414.1,1,6,0335,002,2017,2017-05-10,12,6,R22009,화영벼,6,76
진주,진주(경상남도 농업기술원),001,00122017001883,15,357,75.7,27025,102.6,16.6,392.7,1,6,0335,002,2017,2017-05-10,13,6,R32008,동안벼,6,76
진주,진주(경상남도 농업기술원),001,00122017001881,14,333,93.3,31069,108.4,13.8,328.4,1,6,0335,002,2017,2017-05-10,14,6,R32068,동진1호,6,76
진주,진주(경상남도 농업기술원),001,00122017001882,13.2,314,91.9,28857,89.6,15.4,366.5,1,6,0335,002,2017,2017-05-10,15,6,R32069,주남,6,76
진주,진주(경상남도 농업기술원),001,00122017001884,12.7,302,92.6,27965,102.2,15.1,359.3,1,6,0335,002,2017,2017-05-10,16,6,R32093,새일미,6,76
계화,계화(국립식량과학원),001,00122017001822, , , , ,88.7,14.3,341,1,6,0343,002,2017,2017-04-30,17,8,R11073,새계화,6,76
철원,철원(국립식량과학원),001,00122017001818,15.2,423,78.8,33299,,,,1,6,0331,002,2017,2017-04-20,18,8,R12004,진부벼,6,76
운봉,운봉(국립식량과학원),001,00122017001825,18.3,507,72.7,36859, , , ,1,6,0330,002,2017,2017-04-20,19,8,R12004,진부벼,6,76
진부,진부(국립식량과학원),001,00122017001888,18.5,514.3,68.7,35332, , , ,1,6,0336,002,2017,2017-04-20,20,8,R12004,진부벼,6,76
상주,상주(국립식량과학원),001,00122017001837,16,444.8,98.4,43783, , , ,1,6,0329,002,2017,2017-04-25,21,8,R12005,상주벼,6,76
제천,제천(충청북도 농업기술원),001,00122017001848,16.7,464.3,85.3,39601, , , ,1,6,0337,002,2017,2017-04-20,22,8,R12005,상주벼,6,76
제천,제천(충청북도 농업기술원),001,00122017001849,16,444.8,80.3,35717, , , ,1,6,0337,002,2017,2017-04-20,23,8,R12016,상미,6,76
운봉,운봉(국립식량과학원),001,00122017001824,18.7,519,79.9,41468, , , ,1,6,0330,002,2017,2017-04-20,24,8,R12019,삼천벼,6,76
철원,철원(국립식량과학원),001,00122017001817,15.6,434,78,33827,,,,1,6,0331,002,2017,2017-04-20,25,8,R12072,태봉,6,76
철원,철원(국립식량과학원),001,00122017001816,17.2,478,87.2,41696,,,,1,6,0331,002,2017,2017-04-20,26,8,R12079,운광,6,76
운봉,운봉(국립식량과학원),001,00122017001823,17.5,487,120.5,58684, , , ,1,6,0330,002,2017,2017-04-20,27,8,R12079,운광,6,76
상주,상주(국립식량과학원),001,00122017001836,16.1,447.6,108.3,48552, , , ,1,6,0329,002,2017,2017-04-25,28,8,R12079,운광,6,76
춘천,춘천(강원특별자치도 농업기술원),001,00122017001841,12.8,324.4,10.35,33578, , , ,1,6,0333,002,2017,2017-04-25,29,8,R12079,운광,6,76
강릉,강릉(강원특별자치도 농업기술원),001,00122017001844,15.7,397.2,121.6,48301, , , ,1,6,0344,002,2017,2017-04-20,30,8,R12079,운광,6,76
제천,제천(충청북도 농업기술원),001,00122017001847,15.4,428.1,94.5,40457, , , ,1,6,0337,002,2017,2017-04-20,31,8,R12079,운광,6,76
안동,안동(경상북도 농업기술원),001,00122017001879,14.9,353.4,103.7,36649, , , ,1,6,0351,002,2017,2017-04-20,32,8,R12079,운광,6,76
철원,철원(국립식량과학원),001,00122017001815,18.9,526,70.1,36846,,,,1,6,0331,002,2017,2017-04-20,33,8,R12080,조운,6,76
상주,상주(국립식량과학원),001,00122017001835,17.6,489.3,84.8,41493, , , ,1,6,0329,002,2017,2017-04-25,34,8,R12085,설레미,6,76
강릉,강릉(강원특별자치도 농업기술원),001,00122017001843,15.2,395.2,101.1,39955, , , ,1,6,0344,002,2017,2017-04-20,35,8,R12086,오대1호,6,76
진부,진부(국립식량과학원),001,00122017001886,16.5,458.7,78.7,36100, , , ,1,6,0336,002,2017,2017-04-20,36,8,R12092,한설,6,76
강릉,강릉(강원특별자치도 농업기술원),001,00122017001845,14.7,376.3,101.5,38196, , , ,1,6,0344,002,2017,2017-04-20,37,8,R12093,오륜,6,76
철원,철원(국립식량과학원),001,00122017001814,15.9,442,75.2,33187,,,,1,6,0331,002,2017,2017-04-20,38,8,R13002,오대벼,6,76
운봉,운봉(국립식량과학원),001,00122017001826,19,527,75.2,39630, , , ,1,6,0330,002,2017,2017-04-20,39,8,R13002,오대벼,6,76
화성,화성(경기도 경기도농업기술원),001,00122017001830,14.5,345.2,79.5,27446, , , ,1,6,0332,002,2017,2017-04-20,40,8,R13002,오대벼,6,76
상주,상주(국립식량과학원),001,00122017001838,16.7,464.3,84.4,39128, , , ,1,6,0329,002,2017,2017-04-25,41,8,R13002,오대벼,6,76
춘천,춘천(강원특별자치도 농업기술원),001,00122017001842,12.9,340.4,80.5,27401, , , ,1,6,0333,002,2017,2017-04-25,42,8,R13002,오대벼,6,76
강릉,강릉(강원특별자치도 농업기술원),001,00122017001846,14.8,378.9,91.9,34819, , , ,1,6,0344,002,2017,2017-04-20,43,8,R13002,오대벼,6,76
제천,제천(충청북도 농업기술원),001,00122017001850,15.5,430.9,76.2,32835, , , ,1,6,0337,002,2017,2017-04-20,44,8,R13002,오대벼,6,76
안동,안동(경상북도 농업기술원),001,00122017001880,18.2,434,65.1,28256, , , ,1,6,0351,002,2017,2017-04-20,45,8,R13002,오대벼,6,76
진부,진부(국립식량과학원),001,00122017001889,18,500.4,69,34528, , , ,1,6,0336,002,2017,2017-04-20,46,8,R13002,오대벼,6,76
진부,진부(국립식량과학원),001,00122017001887,20.8,578.2,59.2,34229, , , ,1,6,0336,002,2017,2017-04-20,47,8,R13003,진부올벼,6,76
영덕,영덕(국립식량과학원),001,00122017001833, , , , ,99.7,18.4,437.9,1,6,0338,002,2017,2017-04-20,48,8,R22009,화영벼,6,76
영덕,영덕(국립식량과학원),001,00122017001832, , , , ,99.9,18.1,430.8,1,6,0338,002,2017,2017-04-20,49,8,R22083,삼덕,6,76
영덕,영덕(국립식량과학원),001,00122017001834, , , , ,99.8,19.7,468.9,1,6,0338,002,2017,2017-04-20,50,8,R23004,화성벼,6,76
춘천,춘천(강원특별자치도 농업기술원),001,00122017001839, , , , ,89.4,12.8,327.4,1,6,0333,002,2017,2017-04-25,51,8,R32001,일품벼,6,76
청원,청원(충청북도 농업기술원),001,00122017001852, , , , ,86.4,16.9,402.2,1,6,2325,002,2017,2017-04-25,52,8,R32001,일품벼,6,76
안동,안동(경상북도 농업기술원),001,00122017001877, , , , ,97.6,16.9,402.2,1,6,0351,002,2017,2017-04-20,53,8,R32001,일품벼,6,76
화성,화성(경기도 경기도농업기술원),001,00122017001829,15,357.1,95.5,34107, , , ,1,6,0332,002,2017,2017-04-20,54,8,R32003,대안벼,6,76
춘천,춘천(강원특별자치도 농업기술원),001,00122017001840, , , , ,92.6,13.9,379.8,1,6,0333,002,2017,2017-04-25,55,8,R32003,대안벼,6,76
청원,청원(충청북도 농업기술원),001,00122017001853, , , , ,86.6,18.8,447.4,1,6,2325,002,2017,2017-04-25,56,8,R32003,대안벼,6,76
익산,익산(전북특별자치도 농업기술원),001,00122017001864, , , , ,101.9,15.1,359.4,1,6,0326,002,2017,2017-04-30,57,8,R32006,일미벼,6,76
계화,계화(국립식량과학원),001,00122017001820, , , , ,90,12.6,299,1,6,0343,002,2017,2017-04-30,58,8,R32011,남평벼,6,76
영덕,영덕(국립식량과학원),001,00122017001831, , , , ,92.1,19.3,459.3,1,6,0338,002,2017,2017-04-20,59,8,R32011,남평벼,6,76
예산,예산(충청남도 농업기술원),001,00122017001856, , , , ,107.8,16.4,390.3,1,6,0350,002,2017,2017-04-25,60,8,R32011,남평벼,6,76
익산,익산(전북특별자치도 농업기술원),001,00122017001862, , , , ,102.9,14.9,354.6,1,6,0326,002,2017,2017-04-30,61,8,R32011,남평벼,6,76
안동,안동(경상북도 농업기술원),001,00122017001878, , , , ,103.9,24.6,584.7,1,6,0351,002,2017,2017-04-20,62,8,R32015,새추청,6,76
익산,익산(전북특별자치도 농업기술원),001,00122017001863, , , , ,111.3,13,309.4,1,6,0326,002,2017,2017-04-30,63,8,R32016,신동진,6,76
계화,계화(국립식량과학원),001,00122017001819, , , , ,103.9,12.4,294,1,6,0343,002,2017,2017-04-30,64,8,R32068,동진1호,6,76
화성,화성(경기도 경기도농업기술원),001,00122017001828, , , , ,119.4,13.6,323.8,1,6,0332,002,2017,2017-04-20,65,8,R32082,삼광,6,76
청원,청원(충청북도 농업기술원),001,00122017001851, , , , ,92.6,18,428.4,1,6,2325,002,2017,2017-04-25,66,8,R32082,삼광,6,76
예산,예산(충청남도 농업기술원),001,00122017001859, , , , ,115.9,17.3,411.7,1,6,0350,002,2017,2017-04-25,67,8,R32082,삼광,6,76
예산,예산(충청남도 농업기술원),001,00122017001855, , , , ,112.9,16.2,385.6,1,6,0350,002,2017,2017-04-25,68,8,R32084,새누리,6,76
익산,익산(전북특별자치도 농업기술원),001,00122017001860, , , , ,110.1,14.5,345.1,1,6,0326,002,2017,2017-04-30,69,8,R32084,새누리,6,76
계화,계화(국립식량과학원),001,00122017001821, , , , ,94,13.7,327,1,6,0343,002,2017,2017-04-30,70,8,R32088,청호,6,76
예산,예산(충청남도 농업기술원),001,00122017001858, , , , ,97.5,17,404.6,1,6,0350,002,2017,2017-04-25,71,8,R32091,호품,6,76
익산,익산(전북특별자치도 농업기술원),001,00122017001861, , , , ,94.3,14.9,354.6,1,6,0326,002,2017,2017-04-30,72,8,R32091,호품,6,76
안동,안동(경상북도 농업기술원),001,00122017001876, , , , ,99,16.9,402.2,1,6,0351,002,2017,2017-04-20,73,8,R32093,새일미,6,76
화성,화성(경기도 경기도농업기술원),001,00122017001827, , , , ,120.8,17.5,416.7,1,6,0332,002,2017,2017-04-20,74,8,R33009,추청,6,76
청원,청원(충청북도 농업기술원),001,00122017001854, , , , ,90,19.5,464.1,1,6,2325,002,2017,2017-04-25,75,8,R33009,추청,6,76
예산,예산(충청남도 농업기술원),001,00122017001857, , , , ,112.5,21.6,514.1,1,6,0350,002,2017,2017-04-25,76,8,R33009,추청,6,76
나주,나주(전라남도 농업기술원),001,00122018001941, , , , ,92.3,15.2,362,1,6,0352,002,2018,2018-05-10,1,3,R32006,일미벼,6,75
나주,나주(전라남도 농업기술원),001,00122018001944, , , , ,86.7,20,476,1,6,0352,002,2018,2018-05-10,2,3,R32081,미품,6,75
나주,나주(전라남도 농업기술원),001,00122018001943, , , , ,100.6,15.5,369,1,6,0352,002,2018,2018-05-10,3,3,R32084,새누리,6,75
나주,나주(전라남도 농업기술원),001,00122018001942, , , , ,98.7,18.5,440,1,6,0352,002,2018,2018-05-10,4,3,R32090,호평,6,75
나주,나주(전라남도 농업기술원),001,00122018001945, , , , ,79.8,18.5,440,1,6,0352,002,2018,2018-05-10,5,3,R32092,현품,6,75
대구,대구(경상북도 농업기술원),001,00122018001946, , , , ,103.9,15.1,359.4,1,6,0340,002,2018,2018-04-30,6,4,R22009,화영벼,6,75
대구,대구(경상북도 농업기술원),001,00122018001948, , , , ,97.9,16.1,383.2,1,6,0340,002,2018,2018-04-30,7,4,R22083,삼덕,6,75
대구,대구(경상북도 농업기술원),001,00122018001947, , , , ,105.8,16.6,395.1,1,6,0340,002,2018,2018-04-30,8,4,R32001,일품벼,6,75
대구,대구(경상북도 농업기술원),001,00122018001949, , , , ,106.7,16.7,397.5,1,6,0340,002,2018,2018-04-30,9,4,R32082,삼광,6,75
대구,대구(경상북도 농업기술원),001,00122018001950, , , , ,105.1,15.8,376,1,6,0340,002,2018,2018-04-30,10,4,R32093,새일미,6,75
진주,진주(경상남도 농업기술원),001,00122018001956, , , , ,93.1,14.9,354.62,1,6,0335,002,2018,2018-05-10,11,6,R22009,화영벼,6,75
진주,진주(경상남도 농업기술원),001,00122018001958, , , , ,95.9,16.5,392.7,1,6,0335,002,2018,2018-05-10,12,6,R32008,동안벼,6,75
진주,진주(경상남도 농업기술원),001,00122018001960, , , , ,101.3,14.4,342.72,1,6,0335,002,2018,2018-05-10,13,6,R32068,동진1호,6,75
진주,진주(경상남도 농업기술원),001,00122018001959, , , , ,81.8,14.4,342.72,1,6,0335,002,2018,2018-05-10,14,6,R32069,주남,6,75
진주,진주(경상남도 농업기술원),001,00122018001957, , , , ,86.1,14.4,342.72,1,6,0335,002,2018,2018-05-10,15,6,R32093,새일미,6,75
철원,철원(국립식량과학원),001,00122018001893,16.1,462.3,71.3,32959, , , ,1,6,0331,002,2018,2018-04-20,16,8,R12004,진부벼,6,75
운봉,운봉(국립식량과학원),001,00122018001901,21.3,593,81.4,48215, , , ,1,6,0330,002,2018,2018-04-20,17,8,R12004,진부벼,6,75
진부,진부(국립식량과학원),001,00122018001962,18.4,480,70,33600, , , ,1,6,0336,002,2018,2018-04-20,18,8,R12004,진부벼,6,75
상주,상주(국립식량과학원),001,00122018001905,15.6,434,100,43175, , , ,1,6,0329,002,2018,2018-04-25,19,8,R12005,상주벼,6,75
제천,제천(충청북도 농업기술원),001,00122018001929,15.6,433.7,90.7,39335, , , ,1,6,0337,002,2018,2018-04-20,20,8,R12005,상주벼,6,75
제천,제천(충청북도 농업기술원),001,00122018001928,15.4,428.1,79.5,34036, , , ,1,6,0337,002,2018,2018-04-20,21,8,R12016,상미,6,75
운봉,운봉(국립식량과학원),001,00122018001900,21.4,596,77,45879, , , ,1,6,0330,002,2018,2018-04-20,22,8,R12019,삼천벼,6,75
철원,철원(국립식량과학원),001,00122018001892,16.5,424.3,80.7,34244, , , ,1,6,0331,002,2018,2018-04-20,23,8,R12072,태봉,6,75
철원,철원(국립식량과학원),001,00122018001891,16.3,454.1,90,40872, , , ,1,6,0331,002,2018,2018-04-20,24,8,R12079,운광,6,75
운봉,운봉(국립식량과학원),001,00122018001899,17.9,497,118.6,58914, , , ,1,6,0330,002,2018,2018-04-20,25,8,R12079,운광,6,75
상주,상주(국립식량과학원),001,00122018001904,15,417,112,46509, , , ,1,6,0329,002,2018,2018-04-25,26,8,R12079,운광,6,75
춘천,춘천(강원특별자치도 농업기술원),001,00122018001917,14.2,368.5,106.5,39245, , , ,1,6,0333,002,2018,2018-04-25,27,8,R12079,운광,6,75
강릉,강릉(강원특별자치도 농업기술원),001,00122018001921,15.1,370.1,122.9,45485, , , ,1,6,0344,002,2018,2018-04-20,28,8,R12079,운광,6,75
제천,제천(충청북도 농업기술원),001,00122018001930,14.5,403.1,103.1,41560, , , ,1,6,0337,002,2018,2018-04-20,29,8,R12079,운광,6,75
안동,안동(경상북도 농업기술원),001,00122018001952,15.6,371,76.5,28338, , , ,1,6,0351,002,2018,2018-04-20,30,8,R12079,운광,6,75
철원,철원(국립식량과학원),001,00122018001890,18.1,501.8,58.7,29476, , , ,1,6,0331,002,2018,2018-04-20,31,8,R12080,조운,6,75
상주,상주(국립식량과학원),001,00122018001903,17.2,478,77,36857, , , ,1,6,0329,002,2018,2018-04-25,32,8,R12085,설레미,6,75
강릉,강릉(강원특별자치도 농업기술원),001,00122018001922,14.1,345.6,108.5,37496, , , ,1,6,0344,002,2018,2018-04-20,33,8,R12086,오대1호,6,75
진부,진부(국립식량과학원),001,00122018001964,15.4,512,73,37376, , , ,1,6,0336,002,2018,2018-04-20,34,8,R12092,한설,6,75
강릉,강릉(강원특별자치도 농업기술원),001,00122018001920,16.2,397.1,108.7,43160, , , ,1,6,0344,002,2018,2018-04-20,35,8,R12093,오륜,6,75
철원,철원(국립식량과학원),001,00122018001894,16.4,458.9,71.2,32653, , , ,1,6,0331,002,2018,2018-04-20,36,8,R13002,오대벼,6,75
운봉,운봉(국립식량과학원),001,00122018001902,19.4,540,75.3,40688, , , ,1,6,0330,002,2018,2018-04-20,37,8,R13002,오대벼,6,75
상주,상주(국립식량과학원),001,00122018001906,15.5,431,76,32574, , , ,1,6,0329,002,2018,2018-04-25,38,8,R13002,오대벼,6,75
화성,화성(경기도 경기도농업기술원),001,00122018001914,14,333.3,84.7,28233, , , ,1,6,0332,002,2018,2018-04-20,39,8,R13002,오대벼,6,75
춘천,춘천(강원특별자치도 농업기술원),001,00122018001918,14.1,357.9,70.6,25268, , , ,1,6,0333,002,2018,2018-04-25,40,8,R13002,오대벼,6,75
강릉,강릉(강원특별자치도 농업기술원),001,00122018001919,13.8,335.8,95.5,32066, , , ,1,6,0344,002,2018,2018-04-20,41,8,R13002,오대벼,6,75
제천,제천(충청북도 농업기술원),001,00122018001927,14.6,405.9,77.6,31496, , , ,1,6,0337,002,2018,2018-04-20,42,8,R13002,오대벼,6,75
안동,안동(경상북도 농업기술원),001,00122018001951,15.2,361,61.2,22073, , , ,1,6,0351,002,2018,2018-04-20,43,8,R13002,오대벼,6,75
진부,진부(국립식량과학원),001,00122018001961,16.8,466,68.7,32014, , , ,1,6,0336,002,2018,2018-04-20,44,8,R13002,오대벼,6,75
진부,진부(국립식량과학원),001,00122018001963,22.5,489,73,35697, , , ,1,6,0336,002,2018,2018-04-20,45,8,R13003,진부올벼,6,75
영덕,영덕(국립식량과학원),001,00122018001909, , , , ,95.1,17.5,417,1,6,0338,002,2018,2018-04-20,46,8,R22009,화영벼,6,75
영덕,영덕(국립식량과학원),001,00122018001908, , , , ,97.8,16.3,388,1,6,0338,002,2018,2018-04-20,47,8,R22083,삼덕,6,75
영덕,영덕(국립식량과학원),001,00122018001910, , , , ,99.9,17.1,407,1,6,0338,002,2018,2018-04-20,48,8,R23004,화성벼,6,75
춘천,춘천(강원특별자치도 농업기술원),001,00122018001915, , , , ,93.3,15.4,400.2,1,6,0333,002,2018,2018-04-25,49,8,R32001,일품벼,6,75
청원,청원(충청북도 농업기술원),001,00122018001925, , , , ,83,16,380.8,1,6,2325,002,2018,2018-04-25,50,8,R32001,일품벼,6,75
안동,안동(경상북도 농업기술원),001,00122018001954, , , , ,95.3,16.7,396.3,1,6,0351,002,2018,2018-04-20,51,8,R32001,일품벼,6,75
화성,화성(경기도 경기도농업기술원),001,00122018001913,15.7,373.8,83.7,31287, , , ,1,6,0332,002,2018,2018-04-20,52,8,R32003,대안벼,6,75
춘천,춘천(강원특별자치도 농업기술원),001,00122018001916, , , , ,91.9,14.9,393.3,1,6,0333,002,2018,2018-04-25,53,8,R32003,대안벼,6,75
청원,청원(충청북도 농업기술원),001,00122018001924, , , , ,84,17,404.6,1,6,2325,002,2018,2018-04-25,54,8,R32003,대안벼,6,75
익산,익산(전북특별자치도 농업기술원),001,00122018001936, , , , ,98.5,14.6,347.5,1,6,0326,002,2018,2018-04-30,55,8,R32006,일미벼,6,75
계화,계화(국립식량과학원),001,00122018001896, , , , ,80,12.5,298,1,6,0343,002,2018,2018-04-30,56,8,R32011,남평벼,6,75
영덕,영덕(국립식량과학원),001,00122018001907, , , , ,88.7,16.4,390,1,6,0338,002,2018,2018-04-20,57,8,R32011,남평벼,6,75
예산,예산(충청남도 농업기술원),001,00122018001934, , , , ,104.7,17,404.6,1,6,0350,002,2018,2018-04-25,58,8,R32011,남평벼,6,75
익산,익산(전북특별자치도 농업기술원),001,00122018001938, , , , ,96.9,14.6,347.5,1,6,0326,002,2018,2018-04-30,59,8,R32011,남평벼,6,75
안동,안동(경상북도 농업기술원),001,00122018001953, , , , ,101.3,20.5,486.7,1,6,0351,002,2018,2018-04-20,60,8,R32015,새추청,6,75
계화,계화(국립식량과학원),001,00122018001898, , , , ,96,11.5,273,1,6,0343,002,2018,2018-04-30,61,8,R32016,신동진,6,75
익산,익산(전북특별자치도 농업기술원),001,00122018001937, , , , ,106.6,13,309.4,1,6,0326,002,2018,2018-04-30,62,8,R32016,신동진,6,75
계화,계화(국립식량과학원),001,00122018001895, , , , ,95.7,11.2,267,1,6,0343,002,2018,2018-04-30,63,8,R32068,동진1호,6,75
화성,화성(경기도 경기도농업기술원),001,00122018001912, , , , ,108.9,15.2,361.9,1,6,0332,002,2018,2018-04-20,64,8,R32082,삼광,6,75
청원,청원(충청북도 농업기술원),001,00122018001926, , , , ,88.3,17.2,409.4,1,6,2325,002,2018,2018-04-25,65,8,R32082,삼광,6,75
예산,예산(충청남도 농업기술원),001,00122018001931, , , , ,102.5,14.2,338,1,6,0350,002,2018,2018-04-25,66,8,R32082,삼광,6,75
예산,예산(충청남도 농업기술원),001,00122018001935, , , , ,106.8,14.4,342.7,1,6,0350,002,2018,2018-04-25,67,8,R32084,새누리,6,75
익산,익산(전북특별자치도 농업기술원),001,00122018001940, , , , ,107.8,14.4,342.7,1,6,0326,002,2018,2018-04-30,68,8,R32084,새누리,6,75
계화,계화(국립식량과학원),001,00122018001897, , , , ,83,12.9,308,1,6,0343,002,2018,2018-04-30,69,8,R32088,청호,6,75
예산,예산(충청남도 농업기술원),001,00122018001932, , , , ,99.3,13.4,318.9,1,6,0350,002,2018,2018-04-25,70,8,R32091,호품,6,75
익산,익산(전북특별자치도 농업기술원),001,00122018001939, , , , ,92.1,14.7,349.9,1,6,0326,002,2018,2018-04-30,71,8,R32091,호품,6,75
안동,안동(경상북도 농업기술원),001,00122018001955, , , , ,97.1,16.3,388.7,1,6,0351,002,2018,2018-04-20,72,8,R32093,새일미,6,75
화성,화성(경기도 경기도농업기술원),001,00122018001911, , , , ,110,19.8,471.4,1,6,0332,002,2018,2018-04-20,73,8,R33009,추청,6,75
청원,청원(충청북도 농업기술원),001,00122018001923, , , , ,86.1,17.2,409.4,1,6,2325,002,2018,2018-04-25,74,8,R33009,추청,6,75
예산,예산(충청남도 농업기술원),001,00122018001933, , , , ,108.7,19.2,457,1,6,0350,002,2018,2018-04-25,75,8,R33009,추청,6,75
나주,나주(전라남도 농업기술원),001,00122019002250,,,,,,,,1,,0352,002,2019,2019-05-10,1,3,R32006,일미벼,6,75
나주,나주(전라남도 농업기술원),001,00122019002251,,,,,,,,1,,0352,002,2019,2019-05-10,2,3,R32016,신동진,6,75
나주,나주(전라남도 농업기술원),001,00122019002253,,,,,,,,1,,0352,002,2019,2019-05-10,3,3,R32081,미품,6,75
나주,나주(전라남도 농업기술원),001,00122019002254,,,,,,,,1,,0352,002,2019,2019-05-10,4,3,R32092,현품,6,75
나주,나주(전라남도 농업기술원),001,00122019002252,,,,,,,,1,,0352,002,2019,2019-05-10,5,3,R46054,새청무,6,75
대구,대구(경상북도 농업기술원),001,00122019002255,,,,,,,,1,,0340,002,2019,2019-04-30,6,4,R22009,화영벼,6,75
대구,대구(경상북도 농업기술원),001,00122019002257,,,,,,,,1,,0340,002,2019,2019-04-30,7,4,R22083,삼덕,6,75
대구,대구(경상북도 농업기술원),001,00122019002256,,,,,,,,1,,0340,002,2019,2019-04-30,8,4,R32001,일품벼,6,75
대구,대구(경상북도 농업기술원),001,00122019002258,,,,,,,,1,,0340,002,2019,2019-04-30,9,4,R32082,삼광,6,75
대구,대구(경상북도 농업기술원),001,00122019002259,,,,,,,,1,,0340,002,2019,2019-04-30,10,4,R32093,새일미,6,75
진주,진주(경상남도 농업기술원),001,00122019002267,,,,,,,,1,,0335,002,2019,2019-05-10,11,6,R32008,동안벼,6,75
진주,진주(경상남도 농업기술원),001,00122019002268,,,,,,,,1,,0335,002,2019,2019-05-10,12,6,R32068,동진1호,6,75
진주,진주(경상남도 농업기술원),001,00122019002266,,,,,,,,1,,0335,002,2019,2019-05-10,13,6,R32093,새일미,6,75
진주,진주(경상남도 농업기술원),001,00122019002265,,,,,,,,1,,0335,002,2019,2019-05-10,14,6,R46055,해품,6,75
진주,진주(경상남도 농업기술원),001,00122019002269,,,,,,,,1,,0335,002,2019,2019-05-10,15,6,R46056,영호진미,6,75
철원,철원(국립식량과학원),001,00122019002200,,,,,,,,1,,0331,002,2019,2019-04-20,16,8,R12004,진부벼,6,75
운봉,운봉(국립식량과학원),001,00122019002209,,,,,,,,1,,0330,002,2019,2019-04-20,17,8,R12004,진부벼,6,75
진부,진부(국립식량과학원),001,00122019002271,,,,,,,,1,,0336,002,2019,2019-04-20,18,8,R12004,진부벼,6,75
상주,상주(국립식량과학원),001,00122019002213,,,,,,,,1,,0329,002,2019,2019-04-25,19,8,R12005,상주벼,6,75
제천,제천(충청북도 농업기술원),001,00122019002238,,,,,,,,1,,0337,002,2019,2019-04-20,20,8,R12005,상주벼,6,75
제천,제천(충청북도 농업기술원),001,00122019002237,,,,,,,,1,,0337,002,2019,2019-04-20,21,8,R12016,상미,6,75
운봉,운봉(국립식량과학원),001,00122019002210,,,,,,,,1,,0330,002,2019,2019-04-20,22,8,R12019,삼천벼,6,75
철원,철원(국립식량과학원),001,00122019002201,,,,,,,,1,,0331,002,2019,2019-04-20,23,8,R12072,태봉,6,75
철원,철원(국립식량과학원),001,00122019002202,,,,,,,,1,,0331,002,2019,2019-04-20,24,8,R12079,운광,6,75
운봉,운봉(국립식량과학원),001,00122019002211,,,,,,,,1,,0330,002,2019,2019-04-20,25,8,R12079,운광,6,75
상주,상주(국립식량과학원),001,00122019002214,,,,,,,,1,,0329,002,2019,2019-04-25,26,8,R12079,운광,6,75
춘천,춘천(강원특별자치도 농업기술원),001,00122019002225,,,,,,,,1,,0333,002,2019,2019-04-25,27,8,R12079,운광,6,75
강릉,강릉(강원특별자치도 농업기술원),001,00122019002230,,,,,,,,1,,0344,002,2019,2019-04-20,28,8,R12079,운광,6,75
제천,제천(충청북도 농업기술원),001,00122019002239,,,,,,,,1,,0337,002,2019,2019-04-20,29,8,R12079,운광,6,75
안동,안동(경상북도 농업기술원),001,00122019002261,,,,,,,,1,,0351,002,2019,2019-04-20,30,8,R12079,운광,6,75
철원,철원(국립식량과학원),001,00122019002203,,,,,,,,1,,0331,002,2019,2019-04-20,31,8,R12080,조운,6,75
상주,상주(국립식량과학원),001,00122019002215,,,,,,,,1,,0329,002,2019,2019-04-25,32,8,R12085,설레미,6,75
강릉,강릉(강원특별자치도 농업기술원),001,00122019002231,,,,,,,,1,,0344,002,2019,2019-04-20,33,8,R12086,오대1호,6,75
진부,진부(국립식량과학원),001,00122019002273,,,,,,,,1,,0336,002,2019,2019-04-20,34,8,R12092,한설,6,75
강릉,강릉(강원특별자치도 농업기술원),001,00122019002229,,,,,,,,1,,0344,002,2019,2019-04-20,35,8,R12093,오륜,6,75
철원,철원(국립식량과학원),001,00122019002199,,,,,,,,1,,0331,002,2019,2019-04-20,36,8,R13002,오대벼,6,75
운봉,운봉(국립식량과학원),001,00122019002208,,,,,,,,1,,0330,002,2019,2019-04-20,37,8,R13002,오대벼,6,75
상주,상주(국립식량과학원),001,00122019002212,,,,,,,,1,,0329,002,2019,2019-04-25,38,8,R13002,오대벼,6,75
화성,화성(경기도 경기도농업기술원),001,00122019002220,,,,,,,,1,,0332,002,2019,2019-04-20,39,8,R13002,오대벼,6,75
춘천,춘천(강원특별자치도 농업기술원),001,00122019002224,,,,,,,,1,,0333,002,2019,2019-04-25,40,8,R13002,오대벼,6,75
강릉,강릉(강원특별자치도 농업기술원),001,00122019002228,,,,,,,,1,,0344,002,2019,2019-04-20,41,8,R13002,오대벼,6,75
제천,제천(충청북도 농업기술원),001,00122019002236,,,,,,,,1,,0337,002,2019,2019-04-20,42,8,R13002,오대벼,6,75
안동,안동(경상북도 농업기술원),001,00122019002260,,,,,,,,1,,0351,002,2019,2019-04-20,43,8,R13002,오대벼,6,75
진부,진부(국립식량과학원),001,00122019002270,,,,,,,,1,,0336,002,2019,2019-04-20,44,8,R13002,오대벼,6,75
진부,진부(국립식량과학원),001,00122019002272,,,,,,,,1,,0336,002,2019,2019-04-20,45,8,R13003,진부올벼,6,75
영덕,영덕(국립식량과학원),001,00122019002217,,,,,,,,1,,0338,002,2019,2019-04-20,46,8,R22009,화영벼,6,75
영덕,영덕(국립식량과학원),001,00122019002218,,,,,,,,1,,0338,002,2019,2019-04-20,47,8,R22083,삼덕,6,75
영덕,영덕(국립식량과학원),001,00122019002216,,,,,,,,1,,0338,002,2019,2019-04-20,48,8,R23004,화성벼,6,75
청원,청원(충청북도 농업기술원),001,00122019002234,,,,,,,,1,,2325,002,2019,2019-04-25,49,8,R32001,일품벼,6,75
안동,안동(경상북도 농업기술원),001,00122019002263,,,,,,,,1,,0351,002,2019,2019-04-20,50,8,R32001,일품벼,6,75
화성,화성(경기도 경기도농업기술원),001,00122019002221,,,,,,,,1,,0332,002,2019,2019-04-20,51,8,R32003,대안벼,6,75
춘천,춘천(강원특별자치도 농업기술원),001,00122019002226,,,,,,,,1,,0333,002,2019,2019-04-25,52,8,R32003,대안벼,6,75
청원,청원(충청북도 농업기술원),001,00122019002233,,,,,,,,1,,2325,002,2019,2019-04-25,53,8,R32003,대안벼,6,75
익산,익산(전북특별자치도 농업기술원),001,00122019002245,,,,,,,,1,,0326,002,2019,2019-04-30,54,8,R32006,일미벼,6,75
계화,계화(국립식량과학원),001,00122019002206,,,,,,,,1,,0343,002,2019,2019-04-30,55,8,R32011,남평벼,6,75
영덕,영덕(국립식량과학원),001,00122019002219,,,,,,,,1,,0338,002,2019,2019-04-20,56,8,R32011,남평벼,6,75
익산,익산(전북특별자치도 농업기술원),001,00122019002247,,,,,,,,1,,0326,002,2019,2019-04-30,57,8,R32011,남평벼,6,75
안동,안동(경상북도 농업기술원),001,00122019002262,,,,,,,,1,,0351,002,2019,2019-04-20,58,8,R32015,새추청,6,75
계화,계화(국립식량과학원),001,00122019002204,,,,,,,,1,,0343,002,2019,2019-04-30,59,8,R32016,신동진,6,75
익산,익산(전북특별자치도 농업기술원),001,00122019002246,,,,,,,,1,,0326,002,2019,2019-04-30,60,8,R32016,신동진,6,75
계화,계화(국립식량과학원),001,00122019002207,,,,,,,,1,,0343,002,2019,2019-04-30,61,8,R32068,동진1호,6,75
화성,화성(경기도 경기도농업기술원),001,00122019002222,,,,,,,,1,,0332,002,2019,2019-04-20,62,8,R32082,삼광,6,75
춘천,춘천(강원특별자치도 농업기술원),001,00122019002227,,,,,,,,1,,0333,002,2019,2019-04-25,63,8,R32082,삼광,6,75
청원,청원(충청북도 농업기술원),001,00122019002235,,,,,,,,1,,2325,002,2019,2019-04-25,64,8,R32082,삼광,6,75
예산,예산(충청남도 농업기술원),001,00122019002240,,,,,,,,1,,0350,002,2019,2019-04-25,65,8,R32082,삼광,6,75
예산,예산(충청남도 농업기술원),001,00122019002244,,,,,,,,1,,0350,002,2019,2019-04-25,66,8,R32084,새누리,6,75
익산,익산(전북특별자치도 농업기술원),001,00122019002249,,,,,,,,1,,0326,002,2019,2019-04-30,67,8,R32084,새누리,6,75
계화,계화(국립식량과학원),001,00122019002205,,,,,,,,1,,0343,002,2019,2019-04-30,68,8,R32088,청호,6,75
예산,예산(충청남도 농업기술원),001,00122019002241,,,,,,,,1,,0350,002,2019,2019-04-25,69,8,R32091,호품,6,75
익산,익산(전북특별자치도 농업기술원),001,00122019002248,,,,,,,,1,,0326,002,2019,2019-04-30,70,8,R32091,호품,6,75
예산,예산(충청남도 농업기술원),001,00122019002243,,,,,,,,1,,0350,002,2019,2019-04-25,71,8,R32093,새일미,6,75
안동,안동(경상북도 농업기술원),001,00122019002264,,,,,,,,1,,0351,002,2019,2019-04-20,72,8,R32093,새일미,6,75
화성,화성(경기도 경기도농업기술원),001,00122019002223,,,,,,,,1,,0332,002,2019,2019-04-20,73,8,R33009,추청,6,75
청원,청원(충청북도 농업기술원),001,00122019002232,,,,,,,,1,,2325,002,2019,2019-04-25,74,8,R33009,추청,6,75
예산,예산(충청남도 농업기술원),001,00122019002242,,,,,,,,1,,0350,002,2019,2019-04-25,75,8,R33009,추청,6,75
나주,나주(전라남도 농업기술원),001,00122020002174,,,,,,,,1,,0352,002,2020,2020-05-10,1,3,R32006,일미벼,6,76
나주,나주(전라남도 농업기술원),001,00122020002175,,,,,,,,1,,0352,002,2020,2020-05-10,2,3,R32016,신동진,6,76
나주,나주(전라남도 농업기술원),001,00122020002177,,,,,,,,1,,0352,002,2020,2020-05-10,3,3,R32081,미품,6,76
나주,나주(전라남도 농업기술원),001,00122020002178,,,,,,,,1,,0352,002,2020,2020-05-10,4,3,R32092,현품,6,76
나주,나주(전라남도 농업기술원),001,00122020002179,,,,,,,,1,,0352,002,2020,2020-05-10,5,3,R32093,새일미,6,76
나주,나주(전라남도 농업기술원),001,00122020002176,,,,,,,,1,,0352,002,2020,2020-05-10,6,3,R46054,새청무,6,76
대구,대구(경상북도 농업기술원),001,00122020002180,,,,,,,,1,,0340,002,2020,2020-04-30,7,4,R22009,화영벼,6,76
대구,대구(경상북도 농업기술원),001,00122020002182,,,,,,,,1,,0340,002,2020,2020-04-30,8,4,R22083,삼덕,6,76
대구,대구(경상북도 농업기술원),001,00122020002181,,,,,,,,1,,0340,002,2020,2020-04-30,9,4,R32001,일품벼,6,76
대구,대구(경상북도 농업기술원),001,00122020002183,,,,,,,,1,,0340,002,2020,2020-04-30,10,4,R32082,삼광,6,76
대구,대구(경상북도 농업기술원),001,00122020002184,,,,,,,,1,,0340,002,2020,2020-04-30,11,4,R32093,새일미,6,76
진주,진주(경상남도 농업기술원),001,00122020002192,,,,,,,,1,,0335,002,2020,2020-05-10,12,6,R32008,동안벼,6,76
진주,진주(경상남도 농업기술원),001,00122020002193,,,,,,,,1,,0335,002,2020,2020-05-10,13,6,R32068,동진1호,6,76
진주,진주(경상남도 농업기술원),001,00122020002191,,,,,,,,1,,0335,002,2020,2020-05-10,14,6,R32093,새일미,6,76
진주,진주(경상남도 농업기술원),001,00122020002190,,,,,,,,1,,0335,002,2020,2020-05-10,15,6,R46055,해품,6,76
진주,진주(경상남도 농업기술원),001,00122020002194,,,,,,,,1,,0335,002,2020,2020-05-10,16,6,R46056,영호진미,6,76
철원,철원(국립식량과학원),001,00122020002124,,,,,,,,1,,0331,002,2020,2020-04-20,17,8,R12004,진부벼,6,76
운봉,운봉(국립식량과학원),001,00122020002133,,,,,,,,1,,0330,002,2020,2020-04-20,18,8,R12004,진부벼,6,76
진부,진부(국립식량과학원),001,00122020002196,,,,,,,,1,,0336,002,2020,2020-04-20,19,8,R12004,진부벼,6,76
상주,상주(국립식량과학원),001,00122020002137,,,,,,,,1,,0329,002,2020,2020-04-25,20,8,R12005,상주벼,6,76
제천,제천(충청북도 농업기술원),001,00122020002162,,,,,,,,1,,0337,002,2020,2020-04-20,21,8,R12005,상주벼,6,76
제천,제천(충청북도 농업기술원),001,00122020002161,,,,,,,,1,,0337,002,2020,2020-04-20,22,8,R12016,상미,6,76
운봉,운봉(국립식량과학원),001,00122020002134,,,,,,,,1,,0330,002,2020,2020-04-20,23,8,R12019,삼천벼,6,76
철원,철원(국립식량과학원),001,00122020002125,,,,,,,,1,,0331,002,2020,2020-04-20,24,8,R12072,태봉,6,76
철원,철원(국립식량과학원),001,00122020002126,,,,,,,,1,,0331,002,2020,2020-04-20,25,8,R12079,운광,6,76
운봉,운봉(국립식량과학원),001,00122020002135,,,,,,,,1,,0330,002,2020,2020-04-20,26,8,R12079,운광,6,76
상주,상주(국립식량과학원),001,00122020002138,,,,,,,,1,,0329,002,2020,2020-04-25,27,8,R12079,운광,6,76
춘천,춘천(강원특별자치도 농업기술원),001,00122020002149,,,,,,,,1,,0333,002,2020,2020-04-25,28,8,R12079,운광,6,76
강릉,강릉(강원특별자치도 농업기술원),001,00122020002154,,,,,,,,1,,0344,002,2020,2020-04-20,29,8,R12079,운광,6,76
제천,제천(충청북도 농업기술원),001,00122020002163,,,,,,,,1,,0337,002,2020,2020-04-20,30,8,R12079,운광,6,76
안동,안동(경상북도 농업기술원),001,00122020002186,,,,,,,,1,,0351,002,2020,2020-04-20,31,8,R12079,운광,6,76
철원,철원(국립식량과학원),001,00122020002127,,,,,,,,1,,0331,002,2020,2020-04-20,32,8,R12080,조운,6,76
상주,상주(국립식량과학원),001,00122020002139,,,,,,,,1,,0329,002,2020,2020-04-25,33,8,R12085,설레미,6,76
강릉,강릉(강원특별자치도 농업기술원),001,00122020002155,,,,,,,,1,,0344,002,2020,2020-04-20,34,8,R12086,오대1호,6,76
진부,진부(국립식량과학원),001,00122020002198,,,,,,,,1,,0336,002,2020,2020-04-20,35,8,R12092,한설,6,76
강릉,강릉(강원특별자치도 농업기술원),001,00122020002153,,,,,,,,1,,0344,002,2020,2020-04-20,36,8,R12093,오륜,6,76
철원,철원(국립식량과학원),001,00122020002123,,,,,,,,1,,0331,002,2020,2020-04-20,37,8,R13002,오대벼,6,76
운봉,운봉(국립식량과학원),001,00122020002132,,,,,,,,1,,0330,002,2020,2020-04-20,38,8,R13002,오대벼,6,76
상주,상주(국립식량과학원),001,00122020002136,,,,,,,,1,,0329,002,2020,2020-04-25,39,8,R13002,오대벼,6,76
화성,화성(경기도 경기도농업기술원),001,00122020002144,,,,,,,,1,,0332,002,2020,2020-04-20,40,8,R13002,오대벼,6,76
춘천,춘천(강원특별자치도 농업기술원),001,00122020002148,,,,,,,,1,,0333,002,2020,2020-04-25,41,8,R13002,오대벼,6,76
강릉,강릉(강원특별자치도 농업기술원),001,00122020002152,,,,,,,,1,,0344,002,2020,2020-04-20,42,8,R13002,오대벼,6,76
제천,제천(충청북도 농업기술원),001,00122020002160,,,,,,,,1,,0337,002,2020,2020-04-20,43,8,R13002,오대벼,6,76
안동,안동(경상북도 농업기술원),001,00122020002185,,,,,,,,1,,0351,002,2020,2020-04-20,44,8,R13002,오대벼,6,76
진부,진부(국립식량과학원),001,00122020002195,,,,,,,,1,,0336,002,2020,2020-04-20,45,8,R13002,오대벼,6,76
진부,진부(국립식량과학원),001,00122020002197,,,,,,,,1,,0336,002,2020,2020-04-20,46,8,R13003,진부올벼,6,76
영덕,영덕(국립식량과학원),001,00122020002141,,,,,,,,1,,0338,002,2020,2020-04-20,47,8,R22009,화영벼,6,76
영덕,영덕(국립식량과학원),001,00122020002142,,,,,,,,1,,0338,002,2020,2020-04-20,48,8,R22083,삼덕,6,76
영덕,영덕(국립식량과학원),001,00122020002140,,,,,,,,1,,0338,002,2020,2020-04-20,49,8,R23004,화성벼,6,76
청원,청원(충청북도 농업기술원),001,00122020002158,,,,,,,,1,,2325,002,2020,2020-04-25,50,8,R32001,일품벼,6,76
안동,안동(경상북도 농업기술원),001,00122020002188,,,,,,,,1,,0351,002,2020,2020-04-20,51,8,R32001,일품벼,6,76
화성,화성(경기도 경기도농업기술원),001,00122020002145,,,,,,,,1,,0332,002,2020,2020-04-20,52,8,R32003,대안벼,6,76
춘천,춘천(강원특별자치도 농업기술원),001,00122020002150,,,,,,,,1,,0333,002,2020,2020-04-25,53,8,R32003,대안벼,6,76
청원,청원(충청북도 농업기술원),001,00122020002157,,,,,,,,1,,2325,002,2020,2020-04-25,54,8,R32003,대안벼,6,76
익산,익산(전북특별자치도 농업기술원),001,00122020002169,,,,,,,,1,,0326,002,2020,2020-04-30,55,8,R32006,일미벼,6,76
계화,계화(국립식량과학원),001,00122020002130,,,,,,,,1,,0343,002,2020,2020-04-30,56,8,R32011,남평벼,6,76
영덕,영덕(국립식량과학원),001,00122020002143,,,,,,,,1,,0338,002,2020,2020-04-20,57,8,R32011,남평벼,6,76
익산,익산(전북특별자치도 농업기술원),001,00122020002171,,,,,,,,1,,0326,002,2020,2020-04-30,58,8,R32011,남평벼,6,76
안동,안동(경상북도 농업기술원),001,00122020002187,,,,,,,,1,,0351,002,2020,2020-04-20,59,8,R32015,새추청,6,76
계화,계화(국립식량과학원),001,00122020002128,,,,,,,,1,,0343,002,2020,2020-04-30,60,8,R32016,신동진,6,76
익산,익산(전북특별자치도 농업기술원),001,00122020002170,,,,,,,,1,,0326,002,2020,2020-04-30,61,8,R32016,신동진,6,76
계화,계화(국립식량과학원),001,00122020002131,,,,,,,,1,,0343,002,2020,2020-04-30,62,8,R32068,동진1호,6,76
화성,화성(경기도 경기도농업기술원),001,00122020002146,,,,,,,,1,,0332,002,2020,2020-04-20,63,8,R32082,삼광,6,76
춘천,춘천(강원특별자치도 농업기술원),001,00122020002151,,,,,,,,1,,0333,002,2020,2020-04-25,64,8,R32082,삼광,6,76
청원,청원(충청북도 농업기술원),001,00122020002159,,,,,,,,1,,2325,002,2020,2020-04-25,65,8,R32082,삼광,6,76
예산,예산(충청남도 농업기술원),001,00122020002164,,,,,,,,1,,0350,002,2020,2020-04-25,66,8,R32082,삼광,6,76
예산,예산(충청남도 농업기술원),001,00122020002168,,,,,,,,1,,0350,002,2020,2020-04-25,67,8,R32084,새누리,6,76
익산,익산(전북특별자치도 농업기술원),001,00122020002173,,,,,,,,1,,0326,002,2020,2020-04-30,68,8,R32084,새누리,6,76
계화,계화(국립식량과학원),001,00122020002129,,,,,,,,1,,0343,002,2020,2020-04-30,69,8,R32088,청호,6,76
예산,예산(충청남도 농업기술원),001,00122020002165,,,,,,,,1,,0350,002,2020,2020-04-25,70,8,R32091,호품,6,76
익산,익산(전북특별자치도 농업기술원),001,00122020002172,,,,,,,,1,,0326,002,2020,2020-04-30,71,8,R32091,호품,6,76
예산,예산(충청남도 농업기술원),001,00122020002167,,,,,,,,1,,0350,002,2020,2020-04-25,72,8,R32093,새일미,6,76
안동,안동(경상북도 농업기술원),001,00122020002189,,,,,,,,1,,0351,002,2020,2020-04-20,73,8,R32093,새일미,6,76
화성,화성(경기도 경기도농업기술원),001,00122020002147,,,,,,,,1,,0332,002,2020,2020-04-20,74,8,R33009,추청,6,76
청원,청원(충청북도 농업기술원),001,00122020002156,,,,,,,,1,,2325,002,2020,2020-04-25,75,8,R33009,추청,6,76
예산,예산(충청남도 농업기술원),001,00122020002166,,,,,,,,1,,0350,002,2020,2020-04-25,76,8,R33009,추청,6,76
나주,나주(전라남도 농업기술원),001,00122021002365, , , , ,103,12.1,288,1,6,0352,002,2021,2021-05-10,1,3,R32006,일미벼,6,76
나주,나주(전라남도 농업기술원),001,00122021002366, , , , ,109.7,11,262,1,6,0352,002,2021,2021-05-10,2,3,R32016,신동진,6,76
나주,나주(전라남도 농업기술원),001,00122021002368, , , , ,87.5,14.1,336,1,6,0352,002,2021,2021-05-10,3,3,R32081,미품,6,76
나주,나주(전라남도 농업기술원),001,00122021002369, , , , ,89.3,13.6,324,1,6,0352,002,2021,2021-05-10,4,3,R32092,현품,6,76
나주,나주(전라남도 농업기술원),001,00122021002370, , , , ,104.9,12.2,290,1,6,0352,002,2021,2021-05-10,5,3,R32093,새일미,6,76
나주,나주(전라남도 농업기술원),001,00122021002367, , , , ,101.7,14,333,1,6,0352,002,2021,2021-05-10,6,3,R46054,새청무,6,76
대구,대구(경상북도 농업기술원),001,00122021002371, , , , ,97.3,16.5,392.7,1,6,0340,002,2021,2021-04-30,7,4,R22009,화영벼,6,76
대구,대구(경상북도 농업기술원),001,00122021002373, , , , ,98.6,16.1,383.2,1,6,0340,002,2021,2021-04-30,8,4,R22083,삼덕,6,76
대구,대구(경상북도 농업기술원),001,00122021002372, , , , ,94.4,16.2,385.6,1,6,0340,002,2021,2021-04-30,9,4,R32001,일품벼,6,76
대구,대구(경상북도 농업기술원),001,00122021002374, , , , ,100.8,16.5,392.7,1,6,0340,002,2021,2021-04-30,10,4,R32082,삼광,6,76
대구,대구(경상북도 농업기술원),001,00122021002375, , , , ,99.1,16.2,385.6,1,6,0340,002,2021,2021-04-30,11,4,R32093,새일미,6,76
진주,진주(경상남도 농업기술원),001,00122021002383, , , , ,107.1,16.8,399.84000000000003,1,6,0335,002,2021,2021-05-10,12,6,R32008,동안벼,6,76
진주,진주(경상남도 농업기술원),001,00122021002384, , , , ,113.9,15.8,376.04,1,6,0335,002,2021,2021-05-10,13,6,R32068,동진1호,6,76
진주,진주(경상남도 농업기술원),001,00122021002382, , , , ,101.1,15.7,373.65999999999996,1,6,0335,002,2021,2021-05-10,14,6,R32093,새일미,6,76
진주,진주(경상남도 농업기술원),001,00122021002381, , , , ,91.6,16.7,397.46,1,6,0335,002,2021,2021-05-10,15,6,R46055,해품,6,76
진주,진주(경상남도 농업기술원),001,00122021002385, , , , ,81,18.3,435.54,1,6,0335,002,2021,2021-05-10,16,6,R46056,영호진미,6,76
철원,철원(국립식량과학원),001,00122021002315,17.6,489.4,75.4,36900.76, , , ,1,6,0331,002,2021,2021-04-20,17,8,R12004,진부벼,6,76
운봉,운봉(국립식량과학원),001,00122021002324,15.4,428,85,36380, , , ,1,6,0330,002,2021,2021-04-20,18,8,R12004,진부벼,6,76
진부,진부(국립식량과학원),001,00122021002387,19.1,530.6,70.3,37301, , , ,1,6,0336,002,2021,2021-04-20,19,8,R12004,진부벼,6,76
상주,상주(국립식량과학원),001,00122021002328,17,472.6,96.7,45700, , , ,1,6,0329,002,2021,2021-04-25,20,8,R12005,상주벼,6,76
제천,제천(충청북도 농업기술원),001,00122021002353,16.5,458.7,91.1,41788, , , ,1,6,0337,002,2021,2021-04-20,21,8,R12005,상주벼,6,76
제천,제천(충청북도 농업기술원),001,00122021002352,17.2,478.2,88.4,42273, , , ,1,6,0337,002,2021,2021-04-20,22,8,R12016,상미,6,76
운봉,운봉(국립식량과학원),001,00122021002325,16.7,464,92,42688, , , ,1,6,0330,002,2021,2021-04-20,23,8,R12019,삼천벼,6,76
철원,철원(국립식량과학원),001,00122021002316,16.3,452.2,88.5113600995954,40024.83703703703, , , ,1,6,0331,002,2021,2021-04-20,24,8,R12072,태봉,6,76
철원,철원(국립식량과학원),001,00122021002317,16.9,470.5,103.43891875746715,48668.01127538829, , , ,1,6,0331,002,2021,2021-04-20,25,8,R12079,운광,6,76
운봉,운봉(국립식량과학원),001,00122021002326,15.2,422,127,53594, , , ,1,6,0330,002,2021,2021-04-20,26,8,R12079,운광,6,76
상주,상주(국립식량과학원),001,00122021002329,15.8,439.24,121.6,53416, , , ,1,6,0329,002,2021,2021-04-25,27,8,R12079,운광,6,76
춘천,춘천(강원특별자치도 농업기술원),001,00122021002340,10.8,237.2,128.2,30415, , , ,1,6,0333,002,2021,2021-04-25,28,8,R12079,운광,6,76
강릉,강릉(강원특별자치도 농업기술원),001,00122021002345,14.5,307.4,125.2,38492, , , ,1,6,0344,002,2021,2021-04-20,29,8,R12079,운광,6,76
제천,제천(충청북도 농업기술원),001,00122021002354,15,417,106.8,44536, , , ,1,6,0337,002,2021,2021-04-20,30,8,R12079,운광,6,76
안동,안동(경상북도 농업기술원),001,00122021002377,14,332,117.9,39144, , , ,1,6,0351,002,2021,2021-04-20,31,8,R12079,운광,6,76
철원,철원(국립식량과학원),001,00122021002318,18.8,521.5,63.1,32906.65, , , ,1,6,0331,002,2021,2021-04-20,32,8,R12080,조운,6,76
상주,상주(국립식량과학원),001,00122021002330,19.3,536.5400000000001,82.4,44211, , , ,1,6,0329,002,2021,2021-04-25,33,8,R12085,설레미,6,76
강릉,강릉(강원특별자치도 농업기술원),001,00122021002346,13.7,286.2,105.2,30095, , , ,1,6,0344,002,2021,2021-04-20,34,8,R12086,오대1호,6,76
진부,진부(국립식량과학원),001,00122021002389,16.6,461.1,90.8,41868, , , ,1,6,0336,002,2021,2021-04-20,35,8,R12092,한설,6,76
강릉,강릉(강원특별자치도 농업기술원),001,00122021002344,16,337.2,90.3,30459, , , ,1,6,0344,002,2021,2021-04-20,36,8,R12093,오륜,6,76
철원,철원(국립식량과학원),001,00122021002314,16.71666666666667,464.7233333333334,79.9,37131.394333333344, , , ,1,6,0331,002,2021,2021-04-20,37,8,R13002,오대벼,6,76
운봉,운봉(국립식량과학원),001,00122021002323,15.3,425,92,39100, , , ,1,6,0330,002,2021,2021-04-20,38,8,R13002,오대벼,6,76
상주,상주(국립식량과학원),001,00122021002327,15.7,436.5,87.4,38147, , , ,1,6,0329,002,2021,2021-04-25,39,8,R13002,오대벼,6,76
화성,화성(경기도 경기도농업기술원),001,00122021002335,14.4,342.72,93.2,31942, , , ,1,6,0332,002,2021,2021-04-20,40,8,R13002,오대벼,6,76
춘천,춘천(강원특별자치도 농업기술원),001,00122021002339,9.8,223,82.1,18302, , , ,1,6,0333,002,2021,2021-04-25,41,8,R13002,오대벼,6,76
강릉,강릉(강원특별자치도 농업기술원),001,00122021002343,15.7,328.7,78.4,25763, , , ,1,6,0344,002,2021,2021-04-20,42,8,R13002,오대벼,6,76
제천,제천(충청북도 농업기술원),001,00122021002351,15.1,419.8,88.3,37068, , , ,1,6,0337,002,2021,2021-04-20,43,8,R13002,오대벼,6,76
안동,안동(경상북도 농업기술원),001,00122021002376,14.6,347.5,74,25710, , , ,1,6,0351,002,2021,2021-04-20,44,8,R13002,오대벼,6,76
진부,진부(국립식량과학원),001,00122021002386,18,500,70,35000, , , ,1,6,0336,002,2021,2021-04-20,45,8,R13002,오대벼,6,76
진부,진부(국립식량과학원),001,00122021002388,25.2,700,58.4,40880, , , ,1,6,0336,002,2021,2021-04-20,46,8,R13003,진부올벼,6,76
영덕,영덕(국립식량과학원),001,00122021002332, , , , ,88.4,15.6,371.28000000000003,1,6,0338,002,2021,2021-04-20,47,8,R22009,화영벼,6,76
영덕,영덕(국립식량과학원),001,00122021002333, , , , ,90.3,15.7,373.65999999999996,1,6,0338,002,2021,2021-04-20,48,8,R22083,삼덕,6,76
영덕,영덕(국립식량과학원),001,00122021002331, , , , ,93.4,16.4,390.32,1,6,0338,002,2021,2021-04-20,49,8,R23004,화성벼,6,76
청원,청원(충청북도 농업기술원),001,00122021002349, , , , ,68.1,18,428.4,1,6,2325,002,2021,2021-04-25,50,8,R32001,일품벼,6,76
안동,안동(경상북도 농업기술원),001,00122021002379, , , , ,96.4,16,380,1,6,0351,002,2021,2021-04-20,51,8,R32001,일품벼,6,76
화성,화성(경기도 경기도농업기술원),001,00122021002336, , , , ,117.3,19.6,466.5,1,6,0332,002,2021,2021-04-20,52,8,R32003,대안벼,6,76
춘천,춘천(강원특별자치도 농업기술원),001,00122021002341, , , , ,79.8,13.1,294.9,1,6,0333,002,2021,2021-04-25,53,8,R32003,대안벼,6,76
청원,청원(충청북도 농업기술원),001,00122021002348, , , , ,68.7,19.1,454.6,1,6,2325,002,2021,2021-04-25,54,8,R32003,대안벼,6,76
계화,계화(국립식량과학원),001,00122021002321, , , , ,89.9,15.3,364,1,6,0343,002,2021,2021-04-30,55,8,R32011,남평벼,6,76
영덕,영덕(국립식량과학원),001,00122021002334, , , , ,82.8,16.8,399.84000000000003,1,6,0338,002,2021,2021-04-20,56,8,R32011,남평벼,6,76
익산,익산(전북특별자치도 농업기술원),001,00122021002362, , , , ,97.6,15.6,371.3,1,6,0326,002,2021,2021-04-30,57,8,R32011,남평벼,6,76
안동,안동(경상북도 농업기술원),001,00122021002378, , , , ,105.9,20.7,492.7,1,6,0351,002,2021,2021-04-20,58,8,R32015,새추청,6,76
계화,계화(국립식량과학원),001,00122021002319, , , , ,101.3,12.7,302,1,6,0343,002,2021,2021-04-30,59,8,R32016,신동진,6,76
익산,익산(전북특별자치도 농업기술원),001,00122021002361, , , , ,106.7,13.5,321.3,1,6,0326,002,2021,2021-04-30,60,8,R32016,신동진,6,76
계화,계화(국립식량과학원),001,00122021002322, , , , ,100.6,13.5,321,1,6,0343,002,2021,2021-04-30,61,8,R32068,동진1호,6,76
화성,화성(경기도 경기도농업기술원),001,00122021002337, , , , ,111.7,18.1,430.8,1,6,0332,002,2021,2021-04-20,62,8,R32082,삼광,6,76
춘천,춘천(강원특별자치도 농업기술원),001,00122021002342, , , , ,82.3,10,224.8,1,6,0333,002,2021,2021-04-25,63,8,R32082,삼광,6,76
청원,청원(충청북도 농업기술원),001,00122021002350, , , , ,69.5,18,428.4,1,6,2325,002,2021,2021-04-25,64,8,R32082,삼광,6,76
예산,예산(충청남도 농업기술원),001,00122021002355, , , , ,108,17.1,407,1,6,0350,002,2021,2021-04-25,65,8,R32082,삼광,6,76
예산,예산(충청남도 농업기술원),001,00122021002359, , , , ,102.6,15.7,373.7,1,6,0350,002,2021,2021-04-25,66,8,R32084,새누리,6,76
익산,익산(전북특별자치도 농업기술원),001,00122021002364, , , , ,104.4,15.2,361.8,1,6,0326,002,2021,2021-04-30,67,8,R32084,새누리,6,76
계화,계화(국립식량과학원),001,00122021002320, , , , ,94.8,14.5,345,1,6,0343,002,2021,2021-04-30,68,8,R32088,청호,6,76
예산,예산(충청남도 농업기술원),001,00122021002356, , , , ,96.4,16.1,383.2,1,6,0350,002,2021,2021-04-25,69,8,R32091,호품,6,76
익산,익산(전북특별자치도 농업기술원),001,00122021002363, , , , ,91.3,15.3,364.1,1,6,0326,002,2021,2021-04-30,70,8,R32091,호품,6,76
예산,예산(충청남도 농업기술원),001,00122021002358, , , , ,106.3,16.1,383.2,1,6,0350,002,2021,2021-04-25,71,8,R32093,새일미,6,76
안동,안동(경상북도 농업기술원),001,00122021002380, , , , ,98.3,15.6,372.1,1,6,0351,002,2021,2021-04-20,72,8,R32093,새일미,6,76
화성,화성(경기도 경기도농업기술원),001,00122021002338, , , , ,106.8,23.2,552.2,1,6,0332,002,2021,2021-04-20,73,8,R33009,추청,6,76
청원,청원(충청북도 농업기술원),001,00122021002347, , , , ,65.9,19.3,459.3,1,6,2325,002,2021,2021-04-25,74,8,R33009,추청,6,76
예산,예산(충청남도 농업기술원),001,00122021002357, , , , ,102.1,19.7,469.3,1,6,0350,002,2021,2021-04-25,75,8,R33009,추청,6,76
익산,익산(전북특별자치도 농업기술원),001,00122021002360, , , , ,91.6,15.3,364.1,1,6,0326,002,2021,2021-04-30,76,8,R46058,예찬,6,76
나주,나주(전라남도 농업기술원),001,00122022002465,14.6,347,108,37667,108.6,15.3,364,1,6,0352,002,2022,347,1,3,R32006,일미벼,6,76
나주,나주(전라남도 농업기술원),001,00122022002466,13.1,312,133,41529,116.4,13.7,326,1,6,0352,002,2022,312,2,3,R32016,신동진,6,76
나주,나주(전라남도 농업기술원),001,00122022002468,16.8,400,110,43902,97,17.5,417,1,6,0352,002,2022,400,3,3,R32081,미품,6,76
나주,나주(전라남도 농업기술원),001,00122022002469,16.1,383,99,37897,91.5,16.8,400,1,6,0352,002,2022,383,4,3,R32092,현품,6,76
나주,나주(전라남도 농업기술원),001,00122022002470,13.3,317,121,38206,109,14,333,1,6,0352,002,2022,317,5,3,R32093,새일미,6,76
나주,나주(전라남도 농업기술원),001,00122022002467,16,381,109,41317,110.2,17,405,1,6,0352,002,2022,381,6,3,R46054,새청무,6,76
대구,대구(경상북도 농업기술원),001,00122022002471,17,404.6,99.8,40379,112.6,16.9,402.2,1,6,0340,002,2022,404.6,7,4,R22009,화영벼,6,76
대구,대구(경상북도 농업기술원),001,00122022002473,16,380.8,106.2,40441,105.2,16.3,387.9,1,6,0340,002,2022,380.8,8,4,R22083,삼덕,6,76
대구,대구(경상북도 농업기술원),001,00122022002472,17,404.6,107.2,43373,101.2,17,404.6,1,6,0340,002,2022,404.6,9,4,R32001,일품벼,6,76
대구,대구(경상북도 농업기술원),001,00122022002474,17,101.6,120,48552,111.2,17,404.6,1,6,0340,002,2022,101.6,10,4,R32082,삼광,6,76
대구,대구(경상북도 농업기술원),001,00122022002475,16,380.8,115.7,44059,102.5,16.2,385.6,1,6,0340,002,2022,380.8,11,4,R32093,새일미,6,76
진주,진주(경상남도 농업기술원),001,00122022002483,14.8,353,82.8,29240,99,15.5,369.1,1,6,0335,002,2022,353,12,6,R32008,동안벼,6,76
진주,진주(경상남도 농업기술원),001,00122022002484,13.1,311,119.1,36987,107.7,13.9,331.1,1,6,0335,002,2022,311,13,6,R32068,동진1호,6,76
진주,진주(경상남도 농업기술원),001,00122022002482,12.9,306,111.6,34118,95.8,15.7,373.7,1,6,0335,002,2022,306,14,6,R32093,새일미,6,76
진주,진주(경상남도 농업기술원),001,00122022002481,14.8,352,85,29921,88,17.4,412.9,1,6,0335,002,2022,352,15,6,R46055,해품,6,76
진주,진주(경상남도 농업기술원),001,00122022002485,15.7,374,80.2,29997,79.4,17.4,413.9,1,6,0335,002,2022,374,16,6,R46056,영호진미,6,76
철원,철원(국립식량과학원),001,00122022002415,16.072222222222223,446.45061728395075,75.79617208672086,35108.36582072418, , , ,1,6,0331,002,2022,446.45061728395075,17,8,R12004,진부벼,6,76
운봉,운봉(국립식량과학원),001,00122022002424,14.8,411,86,35346, , , ,1,6,0330,002,2022,411,18,8,R12004,진부벼,6,76
진부,진부(국립식량과학원),001,00122022002487,18.7,518.1,79.8,41795, , , ,1,6,0336,002,2022,518.1,19,8,R12004,진부벼,6,76
상주,상주(국립식량과학원),001,00122022002428,15.566666666666664,433,100.86347328786587,43649.00427690158, , , ,1,6,0329,002,2022,433,20,8,R12005,상주벼,6,76
제천,제천(충청북도 농업기술원),001,00122022002453,16.7,464.2,94.9,44053, , , ,1,6,0337,002,2022,464.2,21,8,R12005,상주벼,6,76
제천,제천(충청북도 농업기술원),001,00122022002452,15.9,442,90.3,39914, , , ,1,6,0337,002,2022,442,22,8,R12016,상미,6,76
운봉,운봉(국립식량과학원),001,00122022002425,17.2,478,87,41586, , , ,1,6,0330,002,2022,478,23,8,R12019,삼천벼,6,76
철원,철원(국립식량과학원),001,00122022002416,15.625,434.0277777777778,87.439054001554,37950.97829928559, , , ,1,6,0331,002,2022,434.0277777777778,24,8,R12072,태봉,6,76
철원,철원(국립식량과학원),001,00122022002417,15.112009803921568,419.7780501089325,102.97727272727272,43227.5987509903, , , ,1,6,0331,002,2022,419.7780501089325,25,8,R12079,운광,6,76
운봉,운봉(국립식량과학원),001,00122022002426,14.9,414,108,44712, , , ,1,6,0330,002,2022,414,26,8,R12079,운광,6,76
상주,상주(국립식량과학원),001,00122022002429,14.733333333333334,410,106.77165005537098,43732.24424067922, , , ,1,6,0329,002,2022,410,27,8,R12079,운광,6,76
춘천,춘천(강원특별자치도 농업기술원),001,00122022002440,12.8,309.2,102.1,31569.3, , , ,1,6,0333,002,2022,309.2,28,8,R12079,운광,6,76
강릉,강릉(강원특별자치도 농업기술원),001,00122022002445,13.9,335.7,114.8,38538.36, , , ,1,6,0344,002,2022,335.7,29,8,R12079,운광,6,76
제천,제천(충청북도 농업기술원),001,00122022002454,14.5,403.1,108.7,43817, , , ,1,6,0337,002,2022,403.1,30,8,R12079,운광,6,76
안동,안동(경상북도 농업기술원),001,00122022002477,16.6,395.1,100,39510, , , ,1,6,0351,002,2022,395.1,31,8,R12079,운광,6,76
철원,철원(국립식량과학원),001,00122022002418,17.150000000000002,476.38888888888897,70.24823529411765,33465.47875816994, , , ,1,6,0331,002,2022,476.38888888888897,32,8,R12080,조운,6,76
상주,상주(국립식량과학원),001,00122022002430,18.066666666666666,502,90.82373260910997,45616.522448700845, , , ,1,6,0329,002,2022,502,33,8,R12085,설레미,6,76
강릉,강릉(강원특별자치도 농업기술원),001,00122022002446,13.2,320,119,38080, , , ,1,6,0344,002,2022,320,34,8,R12086,오대1호,6,76
진부,진부(국립식량과학원),001,00122022002489,17.3,481,93.7,45656, , , ,1,6,0336,002,2022,481,35,8,R12092,한설,6,76
강릉,강릉(강원특별자치도 농업기술원),001,00122022002444,15,366.4,96.8,35467.52, , , ,1,6,0344,002,2022,366.4,36,8,R12093,오륜,6,76
철원,철원(국립식량과학원),001,00122022002414,15.981997477353514,443.944374370931,75.78014184397163,33642.167660662395, , , ,1,6,0331,002,2022,443.944374370931,37,8,R13002,오대벼,6,76
운봉,운봉(국립식량과학원),001,00122022002423,15.7,436,91,39676, , , ,1,6,0330,002,2022,436,38,8,R13002,오대벼,6,76
상주,상주(국립식량과학원),001,00122022002427,14.066666666666664,391.0533333333333,86.19780865129702,33707.94039911853, , , ,1,6,0329,002,2022,391.0533333333333,39,8,R13002,오대벼,6,76
화성,화성(경기도 경기도농업기술원),001,00122022002435,16.7,397.5,93.2,37043.3,0,0,0,1,6,0332,002,2022,397.5,40,8,R13002,오대벼,6,76
춘천,춘천(강원특별자치도 농업기술원),001,00122022002439,11.7,287.2,72.8,20908.2, , , ,1,6,0333,002,2022,287.2,41,8,R13002,오대벼,6,76
강릉,강릉(강원특별자치도 농업기술원),001,00122022002443,14.3,334.5,83.2,27830.4, , , ,1,6,0344,002,2022,334.5,42,8,R13002,오대벼,6,76
제천,제천(충청북도 농업기술원),001,00122022002451,15.1,419.8,88.3,37068, , , ,1,6,0337,002,2022,419.8,43,8,R13002,오대벼,6,76
안동,안동(경상북도 농업기술원),001,00122022002476,18,428.4,78,33415.2, , , ,1,6,0351,002,2022,428.4,44,8,R13002,오대벼,6,76
진부,진부(국립식량과학원),001,00122022002486,15.7,435.2,80,35352, , , ,1,6,0336,002,2022,435.2,45,8,R13002,오대벼,6,76
진부,진부(국립식량과학원),001,00122022002488,22.9,636.1,46.5,29441, , , ,1,6,0336,002,2022,636.1,46,8,R13003,진부올벼,6,76
영덕,영덕(국립식량과학원),001,00122022002432,14.6,347.5,97.4,33844.6,103.8,14.7,349.86,1,6,0338,002,2022,347.5,47,8,R22009,화영벼,6,76
영덕,영덕(국립식량과학원),001,00122022002433,13.1,311.8,90.1,28091.4,102.6,14.7,349.86,1,6,0338,002,2022,311.8,48,8,R22083,삼덕,6,76
영덕,영덕(국립식량과학원),001,00122022002431,14.4,342.7,85.8,29405.4,111.3,14.3,340.34000000000003,1,6,0338,002,2022,342.7,49,8,R23004,화성벼,6,76
청원,청원(충청북도 농업기술원),001,00122022002449,16.1,383.2,99,38282,80.2,17,404.6,1,6,2325,002,2022,383.2,50,8,R32001,일품벼,6,76
안동,안동(경상북도 농업기술원),001,00122022002479,16.5,392.7,87.1,34204,93.7,18,428.8,1,6,0351,002,2022,392.7,51,8,R32001,일품벼,6,76
화성,화성(경기도 경기도농업기술원),001,00122022002436,18.3,435.5,81.2,35365.8,107.3,20,476,1,6,0332,002,2022,435.5,52,8,R32003,대안벼,6,76
춘천,춘천(강원특별자치도 농업기술원),001,00122022002441,12.4,295.6,75.2,22229.1,92.1,12.9,306.7,1,6,0333,002,2022,295.6,53,8,R32003,대안벼,6,76
청원,청원(충청북도 농업기술원),001,00122022002448,17.6,418.9,89,37282,90.1,17.9,426,1,6,2325,002,2022,418.9,54,8,R32003,대안벼,6,76
계화,계화(국립식량과학원),001,00122022002421,13.2,314,99,31114,89.8,12.9,307,1,6,0343,002,2022,314,55,8,R32011,남평벼,6,76
영덕,영덕(국립식량과학원),001,00122022002434,13.6,323.7,95.8,31008.5,94.3,13.8,328.44000000000005,1,6,0338,002,2022,323.7,56,8,R32011,남평벼,6,76
익산,익산(전북특별자치도 농업기술원),001,00122022002462,15.8,376,90.5,34032,97.9,15.8,376.04,1,6,0326,002,2022,376,57,8,R32011,남평벼,6,76
안동,안동(경상북도 농업기술원),001,00122022002478,19.6,465.7,75.7,35234,105,20.5,487.9,1,6,0351,002,2022,465.7,58,8,R32015,새추청,6,76
계화,계화(국립식량과학원),001,00122022002419,12.4,295,105,31000,102.3,11,262,1,6,0343,002,2022,295,59,8,R32016,신동진,6,76
익산,익산(전북특별자치도 농업기술원),001,00122022002461,13.7,326.1,99.5,32443,108.1,13.8,328.44000000000005,1,6,0326,002,2022,326.1,60,8,R32016,신동진,6,76
계화,계화(국립식량과학원),001,00122022002422,12.8,305,116,35444,98.6,11.2,284,1,6,0343,002,2022,305,61,8,R32068,동진1호,6,76
화성,화성(경기도 경기도농업기술원),001,00122022002437,17,404.6,116.5,47135.9,119,18.4,437.91999999999996,1,6,0332,002,2022,404.6,62,8,R32082,삼광,6,76
춘천,춘천(강원특별자치도 농업기술원),001,00122022002442,11.5,280.2,105.2,29477,93.2,12.9,313.1,1,6,0333,002,2022,280.2,63,8,R32082,삼광,6,76
청원,청원(충청북도 농업기술원),001,00122022002450,16.5,392.7,108.4,42569,91.4,16.4,390.3,1,6,2325,002,2022,392.7,64,8,R32082,삼광,6,76
예산,예산(충청남도 농업기술원),001,00122022002455,16.1,383.2,87.5,33528,107.9,16.2,385.6,1,6,0350,002,2022,383.2,65,8,R32082,삼광,6,76
예산,예산(충청남도 농업기술원),001,00122022002459,13,309.4,87,26918,105.3,13.4,318.9,1,6,0350,002,2022,309.4,66,8,R32084,새누리,6,76
익산,익산(전북특별자치도 농업기술원),001,00122022002464,15.3,364.1,91.4,33282,105.4,15.3,364.14000000000004,1,6,0326,002,2022,364.1,67,8,R32084,새누리,6,76
계화,계화(국립식량과학원),001,00122022002420,13.1,312,106,33000,91,12.6,300,1,6,0343,002,2022,312,68,8,R32088,청호,6,76
예산,예산(충청남도 농업기술원),001,00122022002456,16.5,392.7,80.5,31612,90.1,16.6,395.1,1,6,0350,002,2022,392.7,69,8,R32091,호품,6,76
익산,익산(전북특별자치도 농업기술원),001,00122022002463,15.6,371.3,91.8,34084,92.1,15.7,373.65999999999996,1,6,0326,002,2022,371.3,70,8,R32091,호품,6,76
예산,예산(충청남도 농업기술원),001,00122022002458,14,333.2,84.9,28289,100.3,14.2,338,1,6,0350,002,2022,333.2,71,8,R32093,새일미,6,76
안동,안동(경상북도 농업기술원),001,00122022002480,14.5,345.1,94.3,32543,102.8,15.8,374.9,1,6,0351,002,2022,345.1,72,8,R32093,새일미,6,76
화성,화성(경기도 경기도농업기술원),001,00122022002438,21.2,504.6,81.3,41020.7,108.7,22.3,530.74,1,6,0332,002,2022,504.6,73,8,R33009,추청,6,76
청원,청원(충청북도 농업기술원),001,00122022002447,18.6,442.7,78.5,34752,90.7,18.9,449.8,1,6,2325,002,2022,442.7,74,8,R33009,추청,6,76
예산,예산(충청남도 농업기술원),001,00122022002457,15.5,368.9,81.3,29992,93.9,15.7,373.7,1,6,0350,002,2022,368.9,75,8,R33009,추청,6,76
익산,익산(전북특별자치도 농업기술원),001,00122022002460,15.5,368.9,93.1,34345,92.2,15.6,371.28000000000003,1,6,0326,002,2022,368.9,76,8,R46058,예찬,6,76
나주,나주(전라남도 농업기술원),001,00122023002559,13.7,326,129,42062,101.2,14,333,1,6,0352,002,2023,326,1,3,R32006,일미벼,6,76
나주,나주(전라남도 농업기술원),001,00122023002560,13.7,326,142,46203,110.1,14,333,1,6,0352,002,2023,326,2,3,R32016,신동진,6,76
나주,나주(전라남도 농업기술원),001,00122023002562,16.1,383,103,39506,93.2,16.5,393,1,6,0352,002,2023,383,3,3,R32081,미품,6,76
나주,나주(전라남도 농업기술원),001,00122023002563,16.1,383,112,42954,85.9,16.7,397,1,6,0352,002,2023,383,4,3,R32092,현품,6,76
나주,나주(전라남도 농업기술원),001,00122023002564,13.4,319,136,43277,101.2,13.6,324,1,6,0352,002,2023,319,5,3,R32093,새일미,6,76
나주,나주(전라남도 농업기술원),001,00122023002561,15.5,369,90,33164,105.2,15.7,374,1,6,0352,002,2023,369,6,3,R46054,새청무,6,76
대구,대구(경상북도 농업기술원),001,00122023002565,13.1,311.78,95.5,29776.9,93.3,13.2,314.2,1,6,0340,002,2023,311.78,7,4,R22009,화영벼,6,76
대구,대구(경상북도 농업기술원),001,00122023002567,13.9,330.8,109.7,36288.76,99.3,14.5,345.1,1,6,0340,002,2023,330.8,8,4,R22083,삼덕,6,76
대구,대구(경상북도 농업기술원),001,00122023002566,13.8,328.4,112,36780.8,97.8,15,357,1,6,0340,002,2023,328.4,9,4,R32001,일품벼,6,76
대구,대구(경상북도 농업기술원),001,00122023002568,13.7,326.06,105.8,34501.38,104,15.2,361.8,1,6,0340,002,2023,326.06,10,4,R32082,삼광,6,76
대구,대구(경상북도 농업기술원),001,00122023002569,14,333.2,111.4,37118.48,101.3,14.3,340.3,1,6,0340,002,2023,333.2,11,4,R32093,새일미,6,76
진주,진주(경상남도 농업기술원),001,00122023002577,13.933333333333331,331.6133333333333,102.74731980867557,34072.38121282093,106.815,14.566666666666664,346.6866666666666,1,6,0335,002,2023,331.6133333333333,12,6,R32008,동안벼,6,76
진주,진주(경상남도 농업기술원),001,00122023002578,12.766666666666665,303.84666666666663,133.47643097643097,40556.36863075196,114.33666666666666,13.166666666666666,313.3666666666667,1,6,0335,002,2023,303.84666666666663,13,6,R32068,동진1호,6,76
진주,진주(경상남도 농업기술원),001,00122023002576,12.633333333333334,300.67333333333334,118.23780487804878,35550.954918699186,98.61500000000001,13.433333333333331,319.7133333333333,1,6,0335,002,2023,300.67333333333334,14,6,R32093,새일미,6,76
진주,진주(경상남도 농업기술원),001,00122023002575,13.816666666666668,328.8366666666667,109.20930232558139,35912.02294573643,91.04,14.833333333333334,353.03333333333336,1,6,0335,002,2023,328.8366666666667,15,6,R46055,해품,6,76
진주,진주(경상남도 농업기술원),001,00122023002579,15.133333333333332,360.17333333333334,81.16496598639456,29233.456349206353,82.51666666666666,16.883333333333333,401.8233333333333,1,6,0335,002,2023,360.17333333333334,16,6,R46056,영호진미,6,76
계화,계화(국립식량과학원),001,00122023002514,12.5,298,122.9,36563,104.9,12.8,305,1,6,0343,002,2023,298,17,8,R10123,참동진,6,76
익산,익산(전북특별자치도 농업기술원),001,00122023002557,15.2,361.8,99.1,35854,110.1,15.4,366.5,1,6,0326,002,2023,361.8,18,8,R10123,참동진,6,76
철원,철원(국립식량과학원),001,00122023002509,20.2,551.7,72.6,40038, , , ,1,6,0331,002,2023,551.7,19,8,R12004,진부벼,6,76
운봉,운봉(국립식량과학원),001,00122023002518,13.9,386,71.6,27638, , , ,1,6,0330,002,2023,386,20,8,R12004,진부벼,6,76
진부,진부(국립식량과학원),001,00122023002581,19.633333333333333,545.3703703703703,61.86619261762161,33739.98838127697, , , ,1,6,0336,002,2023,545.3703703703703,21,8,R12004,진부벼,6,76
상주,상주(국립식량과학원),001,00122023002522,19.2,533.76,93.7,50013.312, , , ,1,6,0329,002,2023,533.76,22,8,R12005,상주벼,6,76
제천,제천(충청북도 농업기술원),001,00122023002547,17.8,494.8,82.3,40722, , , ,1,6,0337,002,2023,494.8,23,8,R12005,상주벼,6,76
제천,제천(충청북도 농업기술원),001,00122023002546,17.1,475.4,82,38983, , , ,1,6,0337,002,2023,475.4,24,8,R12016,상미,6,76
운봉,운봉(국립식량과학원),001,00122023002519,14.5,403,88,35464, , , ,1,6,0330,002,2023,403,25,8,R12019,삼천벼,6,76
철원,철원(국립식량과학원),001,00122023002510,18.2,504.6,96.8,48830, , , ,1,6,0331,002,2023,504.6,26,8,R12072,태봉,6,76
철원,철원(국립식량과학원),001,00122023002511,17.7,491.2,96.6,47429, , , ,1,6,0331,002,2023,491.2,27,8,R12079,운광,6,76
운봉,운봉(국립식량과학원),001,00122023002520,14.8,411,134,55074, , , ,1,6,0330,002,2023,411,28,8,R12079,운광,6,76
상주,상주(국립식량과학원),001,00122023002523,19.9,553.22,115.9,64118.198000000004, , , ,1,6,0329,002,2023,553.22,29,8,R12079,운광,6,76
춘천,춘천(강원특별자치도 농업기술원),001,00122023002534,14.4,321.6,104.3,33549, , , ,1,6,0333,002,2023,321.6,30,8,R12079,운광,6,76
강릉,강릉(강원특별자치도 농업기술원),001,00122023002539,14.8,326.4,116.8,38119, , , ,1,6,0344,002,2023,326.4,31,8,R12079,운광,6,76
제천,제천(충청북도 농업기술원),001,00122023002548,15.6,433.7,98.1,42546, , , ,1,6,0337,002,2023,433.7,32,8,R12079,운광,6,76
안동,안동(경상북도 농업기술원),001,00122023002571,14.4,342.7,116.2,39822, , , ,1,6,0351,002,2023,342.7,33,8,R12079,운광,6,76
철원,철원(국립식량과학원),001,00122023002512,20.5,570.3,67.1,38287, , , ,1,6,0331,002,2023,570.3,34,8,R12080,조운,6,76
상주,상주(국립식량과학원),001,00122023002524,24.4,678.3199999999999,89.1,60438.31199999999, , , ,1,6,0329,002,2023,678.3199999999999,35,8,R12085,설레미,6,76
강릉,강릉(강원특별자치도 농업기술원),001,00122023002540,12.7,284.2,102.2,29046, , , ,1,6,0344,002,2023,284.2,36,8,R12086,오대1호,6,76
강릉,강릉(강원특별자치도 농업기술원),001,00122023002538,15,333,92.7,30866, , , ,1,6,0344,002,2023,333,37,8,R12093,오륜,6,76
예산,예산(충청남도 농업기술원),001,00122023002551,12.7,301.7,113,34088,92.2,13.8,327.3,1,6,0350,002,2023,301.7,38,8,R12122,친들,6,76
안동,안동(경상북도 농업기술원),001,00122023002570,17.4,414.1,80.2,33211, , , ,1,6,0351,002,2023,414.1,39,8,R12123,해담쌀,6,76
철원,철원(국립식량과학원),001,00122023002508,20.2,560.9,69.5,38992, , , ,1,6,0331,002,2023,560.9,40,8,R13002,오대벼,6,76
운봉,운봉(국립식량과학원),001,00122023002517,14.5,403,86.4,34819, , , ,1,6,0330,002,2023,403,41,8,R13002,오대벼,6,76
상주,상주(국립식량과학원),001,00122023002521,20.9,581.02,86.2,50083.924, , , ,1,6,0329,002,2023,581.02,42,8,R13002,오대벼,6,76
화성,화성(경기도 경기도농업기술원),001,00122023002529,15.6,371.28000000000003,82.1,30482.088, , , ,1,6,0332,002,2023,371.28000000000003,43,8,R13002,오대벼,6,76
춘천,춘천(강원특별자치도 농업기술원),001,00122023002533,15.2,337.2,81.9,27627, , , ,1,6,0333,002,2023,337.2,44,8,R13002,오대벼,6,76
강릉,강릉(강원특별자치도 농업기술원),001,00122023002537,16.7,373.7,70.7,26420, , , ,1,6,0344,002,2023,373.7,45,8,R13002,오대벼,6,76
제천,제천(충청북도 농업기술원),001,00122023002545,14.8,411.4,80.5,33121, , , ,1,6,0337,002,2023,411.4,46,8,R13002,오대벼,6,76
진부,진부(국립식량과학원),001,00122023002580,18.099999999999998,502.77777777777777,60.69274733224815,30514.964630935876, , , ,1,6,0336,002,2023,502.77777777777777,47,8,R13002,오대벼,6,76
진부,진부(국립식량과학원),001,00122023002582,23.400000000000002,650.0000000000001,46.804907439229815,30423.189835499386, , , ,1,6,0336,002,2023,650.0000000000001,48,8,R13003,진부올벼,6,76
영덕,영덕(국립식량과학원),001,00122023002526,14.9,354.62,100,35462,98.6,15.7,373.65999999999996,1,6,0338,002,2023,354.62,49,8,R22009,화영벼,6,76
영덕,영덕(국립식량과학원),001,00122023002527,14.9,354.62,100.4,35603.848000000005,99.5,15.8,376.04,1,6,0338,002,2023,354.62,50,8,R22083,삼덕,6,76
영덕,영덕(국립식량과학원),001,00122023002525,14.7,349.86,91,31837.260000000002,97.9,15.3,364.14000000000004,1,6,0338,002,2023,349.86,51,8,R23004,화성벼,6,76
청원,청원(충청북도 농업기술원),001,00122023002543,15.9,378.4,108.7,41132,84.7,16.3,387.9,1,6,2325,002,2023,378.4,52,8,R32001,일품벼,6,76
안동,안동(경상북도 농업기술원),001,00122023002573,13.5,321.3,104.1,33447.3,110.7,17,404.6,1,6,0351,002,2023,321.3,53,8,R32001,일품벼,6,76
화성,화성(경기도 경기도농업기술원),001,00122023002530,16,380.8,77.9,29664.320000000003, , , ,1,6,0332,002,2023,380.8,54,8,R32003,대안벼,6,76
춘천,춘천(강원특별자치도 농업기술원),001,00122023002535,13.8,311.4,74.7,23259,88,14.9,336.3,1,6,0333,002,2023,311.4,55,8,R32003,대안벼,6,76
청원,청원(충청북도 농업기술원),001,00122023002542,17.2,409.4,84.1,34431,86.4,17.2,409.3,1,6,2325,002,2023,409.4,56,8,R32003,대안벼,6,76
계화,계화(국립식량과학원),001,00122023002515,15.2,362,107,38708,92.5,15.7,374,1,6,0343,002,2023,362,57,8,R32011,남평벼,6,76
영덕,영덕(국립식량과학원),001,00122023002528,13.8,328.44000000000005,91.1,29920.884000000002,86.8,14.2,337.96,1,6,0338,002,2023,328.44000000000005,58,8,R32011,남평벼,6,76
익산,익산(전북특별자치도 농업기술원),001,00122023002556,15.7,373.7,91.4,34156,99.8,15.9,378.4,1,6,0326,002,2023,373.7,59,8,R32011,남평벼,6,76
계화,계화(국립식량과학원),001,00122023002513,12.4,295,123.1,36329,100.9,13.3,317,1,6,0343,002,2023,295,60,8,R32016,신동진,6,76
익산,익산(전북특별자치도 농업기술원),001,00122023002555,14,333.2,98.4,32787,108.6,14,333.2,1,6,0326,002,2023,333.2,61,8,R32016,신동진,6,76
계화,계화(국립식량과학원),001,00122023002516,15.3,364,108.6,39546,102.7,16.1,383,1,6,0343,002,2023,364,62,8,R32068,동진1호,6,76
화성,화성(경기도 경기도농업기술원),001,00122023002531,13.5,321.3,126.8,40740.840000000004,114.3,16,381,1,6,0332,002,2023,321.3,63,8,R32082,삼광,6,76
춘천,춘천(강원특별자치도 농업기술원),001,00122023002536,12.4,271.4,99.6,27029,84.1,13.2,289.8,1,6,0333,002,2023,271.4,64,8,R32082,삼광,6,76
청원,청원(충청북도 농업기술원),001,00122023002544,16.8,399.8,103.4,41339,88.5,16.7,397.5,1,6,2325,002,2023,399.8,65,8,R32082,삼광,6,76
예산,예산(충청남도 농업기술원),001,00122023002549,13.8,328.4,107.6,35340,104.3,14.6,346.7,1,6,0350,002,2023,328.4,66,8,R32082,삼광,6,76
안동,안동(경상북도 농업기술원),001,00122023002572,14.6,347.48,109.5,38049.06,115.7,17.5,416.5,1,6,0351,002,2023,347.48,67,8,R32082,삼광,6,76
예산,예산(충청남도 농업기술원),001,00122023002553,12.2,289.2,107,30941,102,13.9,330.8,1,6,0350,002,2023,289.2,68,8,R32084,새누리,6,76
익산,익산(전북특별자치도 농업기술원),001,00122023002558,15.1,359.4,92.6,33280,105.7,15.1,359.4,1,6,0326,002,2023,359.4,69,8,R32084,새누리,6,76
예산,예산(충청남도 농업기술원),001,00122023002552,11.9,282.6,101.4,28658,99.9,13.7,325.5,1,6,0350,002,2023,282.6,70,8,R32093,새일미,6,76
안동,안동(경상북도 농업기술원),001,00122023002574,14.2,336.8,107.3,36139,106.6,15.2,361.8,1,6,0351,002,2023,336.8,71,8,R32093,새일미,6,76
화성,화성(경기도 경기도농업기술원),001,00122023002532,16.7,397.46,73.9,29372.294,109.5,18.3,436,1,6,0332,002,2023,397.46,72,8,R33009,추청,6,76
청원,청원(충청북도 농업기술원),001,00122023002541,16.8,399.8,90.1,36022,85.8,17.5,416.5,1,6,2325,002,2023,399.8,73,8,R33009,추청,6,76
진부,진부(국립식량과학원),001,00122023002583,18.650000000000002,518.0555555555556,74.65735506041459,38676.65755213145, , , ,1,6,0336,002,2023,518.0555555555556,74,8,R46057,한설,6,76
예산,예산(충청남도 농업기술원),001,00122023002550,14.3,340.9,102.5,34946,88.1,15.4,365.9,1,6,0350,002,2023,340.9,75,8,R46058,예찬,6,76
익산,익산(전북특별자치도 농업기술원),001,00122023002554,15.9,378.4,90.2,34132,93.1,16,380.8,1,6,0326,002,2023,378.4,76,8,R46058,예찬,6,76
나주,나주(전라남도 농업기술원),001,00122024002694,11,262,109,28456,98.9,11.9,283,1,6,0352,002,2024,262,1,3,R32006,일미벼,6,76
나주,나주(전라남도 농업기술원),001,00122024002695,9.4,224,119,26624,102.2,10.9,259,1,6,0352,002,2024,224,2,3,R32016,신동진,6,76
나주,나주(전라남도 농업기술원),001,00122024002697,11.9,282,91,25795,87.9,12.7,302,1,6,0352,002,2024,282,3,3,R32081,미품,6,76
나주,나주(전라남도 농업기술원),001,00122024002698,11.4,271,102,27609,86.6,14,333,1,6,0352,002,2024,271,4,3,R32092,현품,6,76
나주,나주(전라남도 농업기술원),001,00122024002699,10,238,120,28415,94.9,11.5,274,1,6,0352,002,2024,238,5,3,R32093,새일미,6,76
나주,나주(전라남도 농업기술원),001,00122024002696,11.9,283,102,28905,98.8,12.6,300,1,6,0352,002,2024,283,6,3,R46054,새청무,6,76
대구,대구(경상북도 농업기술원),001,00122024002700,12.6,299.9,89.5,26841,95.8,13.7,326.1,1,6,0340,002,2024,299.9,7,4,R22009,화영벼,6,76
대구,대구(경상북도 농업기술원),001,00122024002702,13.4,318.9,104,33166,100.3,13.6,323.7,1,6,0340,002,2024,318.9,8,4,R22083,삼덕,6,76
대구,대구(경상북도 농업기술원),001,00122024002701,13.1,311.7,101.5,31638,95.3,14,333.2,1,6,0340,002,2024,311.7,9,4,R32001,일품벼,6,76
대구,대구(경상북도 농업기술원),001,00122024002703,13.1,311.8,100,31180,96.4,14.9,354.6,1,6,0340,002,2024,311.8,10,4,R32082,삼광,6,76
대구,대구(경상북도 농업기술원),001,00122024002704,13.4,318.9,101.8,32464,96.9,13.3,316.5,1,6,0340,002,2024,318.9,11,4,R32093,새일미,6,76
진주,진주(경상남도 농업기술원),001,00122024002712,13.666666666666666,325.26666666666665,90.64472789115645,29483.708492063488,95.81500000000001,13.143790849673202,312.8222222222222,1,6,0335,002,2024,325.26666666666665,12,6,R32008,동안벼,6,76
진주,진주(경상남도 농업기술원),001,00122024002713,12.666666666666666,301.46666666666664,126.67007797270956,38186.806172839504,100.85333333333334,12.269374416433239,292.0111111111111,1,6,0335,002,2024,301.46666666666664,13,6,R32068,동진1호,6,76
진주,진주(경상남도 농업기술원),001,00122024002711,14.333333333333334,341.1333333333334,106.15053200767487,36211.48481888483,92.175,13.296296296296296,316.45185185185187,1,6,0335,002,2024,341.1333333333334,14,6,R32093,새일미,6,76
진주,진주(경상남도 농업기술원),001,00122024002710,15.666666666666666,372.8666666666667,83.58933381433381,31167.676268237934,86.01,13.783625730994151,328.0502923976608,1,6,0335,002,2024,372.8666666666667,15,6,R46055,해품,6,76
진주,진주(경상남도 농업기술원),001,00122024002714,14.216666666666667,338.3566666666667,88.93080104890117,30090.329406902707,79.705,15.890350877192981,378.19035087719294,1,6,0335,002,2024,338.3566666666667,16,6,R46056,영호진미,6,76
계화,계화(국립식량과학원),001,00122024002649,13.7,326.06,106.3,34660.178,109.05833333333334,13.516666666666667,322,1,6,0343,002,2024,326.06,17,8,R10123,참동진,6,76
익산,익산(전북특별자치도 농업기술원),001,00122024002692,13.8,328.4,100.3,32939,109.9,14.1,335.6,1,6,0326,002,2024,328.4,18,8,R10123,참동진,6,76
철원,철원(국립식량과학원),001,00122024002644,17.9,496,76.7,38043.200000000004, , , ,1,6,0331,002,2024,496,19,8,R12004,진부벼,6,76
운봉,운봉(국립식량과학원),001,00122024002653,15.8,439,65.6,28798, , , ,1,6,0330,002,2024,439,20,8,R12004,진부벼,6,76
진부,진부(국립식량과학원),001,00122024002716,18.55,515.2777777777778,64.78906626106176,33384.36608729711, , , ,1,6,0336,002,2024,515.2777777777778,21,8,R12004,진부벼,6,76
상주,상주(국립식량과학원),001,00122024002657,14,389.2,102.4,39854.08, , , ,1,6,0329,002,2024,389.2,22,8,R12005,상주벼,6,76
제천,제천(충청북도 농업기술원),001,00122024002682,15.6,433.68,94.2,40853, , , ,1,6,0337,002,2024,433.68,23,8,R12005,상주벼,6,76
제천,제천(충청북도 농업기술원),001,00122024002681,17,472.6,72.4,34216, , , ,1,6,0337,002,2024,472.6,24,8,R12016,상미,6,76
운봉,운봉(국립식량과학원),001,00122024002654,14.7,408,80.5,32844, , , ,1,6,0330,002,2024,408,25,8,R12019,삼천벼,6,76
철원,철원(국립식량과학원),001,00122024002645,15.9,442.4,98.5,43576.399999999994, , , ,1,6,0331,002,2024,442.4,26,8,R12072,태봉,6,76
철원,철원(국립식량과학원),001,00122024002646,16.4,456.5,101.4,46289.100000000006, , , ,1,6,0331,002,2024,456.5,27,8,R12079,운광,6,76
운봉,운봉(국립식량과학원),001,00122024002655,13.6,378,98.4,37195, , , ,1,6,0330,002,2024,378,28,8,R12079,운광,6,76
상주,상주(국립식량과학원),001,00122024002658,13.8,383.64000000000004,94.4,36215.61600000001, , , ,1,6,0329,002,2024,383.64000000000004,29,8,R12079,운광,6,76
춘천,춘천(강원특별자치도 농업기술원),001,00122024002669,12.6,270.8,97.8,26484, , , ,1,6,0333,002,2024,270.8,30,8,R12079,운광,6,76
강릉,강릉(강원특별자치도 농업기술원),001,00122024002674,11.6,296.1,118.9,35210, , , ,1,6,0344,002,2024,296.1,31,8,R12079,운광,6,76
제천,제천(충청북도 농업기술원),001,00122024002683,14.9,414.22,98.6,40842, , , ,1,6,0337,002,2024,414.22,32,8,R12079,운광,6,76
안동,안동(경상북도 농업기술원),001,00122024002706,13.3,316.5,100.8,31903, , , ,1,6,0351,002,2024,316.5,33,8,R12079,운광,6,76
철원,철원(국립식량과학원),001,00122024002647,17.5,487.2,69.6,33909.119999999995, , , ,1,6,0331,002,2024,487.2,34,8,R12080,조운,6,76
상주,상주(국립식량과학원),001,00122024002659,19.1,530.98,70.9,37646.482, , , ,1,6,0329,002,2024,530.98,35,8,R12085,설레미,6,76
강릉,강릉(강원특별자치도 농업기술원),001,00122024002675,11.5,281.7,98.9,27861, , , ,1,6,0344,002,2024,281.7,36,8,R12086,오대1호,6,76
진부,진부(국립식량과학원),001,00122024002718,14.449999999999998,401.3888888888888,88.73259361089292,35616.27715770562, , , ,1,6,0336,002,2024,401.3888888888888,37,8,R12092,한설,6,76
강릉,강릉(강원특별자치도 농업기술원),001,00122024002673,12.4,312.4,100,31239, , , ,1,6,0344,002,2024,312.4,38,8,R12093,오륜,6,76
예산,예산(충청남도 농업기술원),001,00122024002686,14.1,335.58,75.3,25269,91.7,16.8,399.8,1,6,0350,002,2024,335.58,39,8,R12122,친들,6,76
안동,안동(경상북도 농업기술원),001,00122024002705,16.9,402.2,76.6,30809, , , ,1,6,0351,002,2024,402.2,40,8,R12123,해담쌀,6,76
철원,철원(국립식량과학원),001,00122024002643,17.6,487.5,75.2,36660, , , ,1,6,0331,002,2024,487.5,41,8,R13002,오대벼,6,76
운봉,운봉(국립식량과학원),001,00122024002652,13.3,369,67.9,25055, , , ,1,6,0330,002,2024,369,42,8,R13002,오대벼,6,76
상주,상주(국립식량과학원),001,00122024002656,17.3,480.94000000000005,84,40398.96000000001, , , ,1,6,0329,002,2024,480.94000000000005,43,8,R13002,오대벼,6,76
화성,화성(경기도 경기도농업기술원),001,00122024002664,18.2,433.2,75.4,32663, , , ,1,6,0332,002,2024,433.2,44,8,R13002,오대벼,6,76
춘천,춘천(강원특별자치도 농업기술원),001,00122024002668,14.1,304.2,84.5,25704, , , ,1,6,0333,002,2024,304.2,45,8,R13002,오대벼,6,76
강릉,강릉(강원특별자치도 농업기술원),001,00122024002672,12.4,312.9,77.5,24246, , , ,1,6,0344,002,2024,312.9,46,8,R13002,오대벼,6,76
제천,제천(충청북도 농업기술원),001,00122024002680,14.4,400.3,71.2,28501, , , ,1,6,0337,002,2024,400.3,47,8,R13002,오대벼,6,76
진부,진부(국립식량과학원),001,00122024002715,18.03333333333333,500.9259259259259,78.60264838042616,39374.104420194955, , , ,1,6,0336,002,2024,500.9259259259259,48,8,R13002,오대벼,6,76
진부,진부(국립식량과학원),001,00122024002717,21.78333333333333,605.0925925925926,48.42102237654321,29299.201965806475, , , ,1,6,0336,002,2024,605.0925925925926,49,8,R13003,진부올벼,6,76
영덕,영덕(국립식량과학원),001,00122024002661,13,309.40000000000003,81.5,25216.100000000002,86.31666666666666,13.1,311.78,1,6,0338,002,2024,309.40000000000003,50,8,R22009,화영벼,6,76
영덕,영덕(국립식량과학원),001,00122024002662,14,333.2,83.4,27788.88,90.43333333333334,14.683333333333335,349.46333333333337,1,6,0338,002,2024,333.2,51,8,R22083,삼덕,6,76
영덕,영덕(국립식량과학원),001,00122024002660,14.9,354.62,76.8,27234.816,93.66666666666667,14.933333333333335,355.4133333333334,1,6,0338,002,2024,354.62,52,8,R23004,화성벼,6,76
청원,청원(충청북도 농업기술원),001,00122024002678,14.8,352.2,107.3,37791,96,16.8,399.8,1,6,2325,002,2024,352.2,53,8,R32001,일품벼,6,76
안동,안동(경상북도 농업기술원),001,00122024002708,15.3,364.1,95.3,34699,94.5,16.9,402.2,1,6,0351,002,2024,364.1,54,8,R32001,일품벼,6,76
화성,화성(경기도 경기도농업기술원),001,00122024002665,19.7,468.9,80.9,37934, , , ,1,6,0332,002,2024,468.9,55,8,R32003,대안벼,6,76
춘천,춘천(강원특별자치도 농업기술원),001,00122024002670,13.5,292,79.8,23300,93.7,13.2,286.5,1,6,0333,002,2024,292,56,8,R32003,대안벼,6,76
청원,청원(충청북도 농업기술원),001,00122024002677,18.5,440.3,81.2,35752,88,18,428.40000000000003,1,6,2325,002,2024,440.3,57,8,R32003,대안벼,6,76
계화,계화(국립식량과학원),001,00122024002650,16.1,383.18000000000006,120.3,46096.554000000004,98.14166666666667,16.6,395,1,6,0343,002,2024,383.18000000000006,58,8,R32011,남평벼,6,76
영덕,영덕(국립식량과학원),001,00122024002663,15.4,366.52000000000004,106.6,39071.032,91.63333333333333,15.566666666666668,370.48666666666674,1,6,0338,002,2024,366.52000000000004,59,8,R32011,남평벼,6,76
익산,익산(전북특별자치도 농업기술원),001,00122024002691,15,357,104.9,37449,99.7,15.1,359.4,1,6,0326,002,2024,357,60,8,R32011,남평벼,6,76
계화,계화(국립식량과학원),001,00122024002648,14,333.2,87.5,29155,107.90833333333333,14.5,345,1,6,0343,002,2024,333.2,61,8,R32016,신동진,6,76
익산,익산(전북특별자치도 농업기술원),001,00122024002690,12.9,307,101.3,31099,106.9,13.1,311.8,1,6,0326,002,2024,307,62,8,R32016,신동진,6,76
계화,계화(국립식량과학원),001,00122024002651,17.3,411.74,93.5,38497.69,103.64166666666667,17.966666666666665,428,1,6,0343,002,2024,411.74,63,8,R32068,동진1호,6,76
화성,화성(경기도 경기도농업기술원),001,00122024002666,16.4,390.3,94,36688,117.3,18.1,431,1,6,0332,002,2024,390.3,64,8,R32082,삼광,6,76
춘천,춘천(강원특별자치도 농업기술원),001,00122024002671,12.9,278.8,109,30392,100.2,12.8,276.2,1,6,0333,002,2024,278.8,65,8,R32082,삼광,6,76
청원,청원(충청북도 농업기술원),001,00122024002679,14.1,335.6,104.5,35070,95,14.5,345.1,1,6,2325,002,2024,335.6,66,8,R32082,삼광,6,76
예산,예산(충청남도 농업기술원),001,00122024002684,13.7,326.06,82.3,26835,98.6,16.7,397.5,1,6,0350,002,2024,326.06,67,8,R32082,삼광,6,76
안동,안동(경상북도 농업기술원),001,00122024002707,15.5,368.9,97.1,35820,99.4,15.9,378.4,1,6,0351,002,2024,368.9,68,8,R32082,삼광,6,76
예산,예산(충청남도 농업기술원),001,00122024002688,13.1,311.78,82.5,25722,106.3,16.6,395.1,1,6,0350,002,2024,311.78,69,8,R32084,새누리,6,76
익산,익산(전북특별자치도 농업기술원),001,00122024002693,14.7,349.9,110.3,38594,116.5,15.4,366.5,1,6,0326,002,2024,349.9,70,8,R32084,새누리,6,76
예산,예산(충청남도 농업기술원),001,00122024002687,12.1,287.98,83.3,23989,94.8,14.6,347.5,1,6,0350,002,2024,287.98,71,8,R32093,새일미,6,76
안동,안동(경상북도 농업기술원),001,00122024002709,12.6,299.9,101.3,30380,97.4,13.3,316.5,1,6,0351,002,2024,299.9,72,8,R32093,새일미,6,76
화성,화성(경기도 경기도농업기술원),001,00122024002667,17.3,411.7,75.2,30960,121.1,19.9,474,1,6,0332,002,2024,411.7,73,8,R33009,추청,6,76
청원,청원(충청북도 농업기술원),001,00122024002676,19.4,461.7,97.5,45016,95,18,428.40000000000003,1,6,2325,002,2024,461.7,74,8,R33009,추청,6,76
예산,예산(충청남도 농업기술원),001,00122024002685,14.7,349.86,72.1,25225,85.2,17.2,409.4,1,6,0350,002,2024,349.86,75,8,R46058,예찬,6,76
익산,익산(전북특별자치도 농업기술원),001,00122024002689,16.4,390.3,91.2,35595,92.5,16.8,399.8,1,6,0326,002,2024,390.3,76,8,R46058,예찬,6,76
