rnum,crpstDsgnRegistId,cropsSpchcknCode,exprYear,exprAreaCode,spciesCode,examForm,pajong,exam1,exam2,exam3,exam4,exam5,exam6,exam7,exam8,exam9,examinTmrd,srchExaminTmrd,exprSpchcknCode,areaNm,sortSn,totCnt,areaNm_full,spciesNm
1,00122017001870,001,2017,0352,R32006,1,2017-05-10,23.8,92.7,35942, , ,41.9,73.5,19,2,8,8,002,나주,3,76,나주(전라남도 농업기술원),일미벼
2,00122017001869,001,2017,0352,R32011,1,2017-05-10,23.8,91.4,34425, , ,47.7,81.2,19.8,3.3,8,8,002,나주,3,76,나주(전라남도 농업기술원),남평벼
3,00122017001866,001,2017,0352,R32081,1,2017-05-10,23.8,91.8,36438, , ,49.3,80.9,22.6,2.7,8,8,002,나주,3,76,나주(전라남도 농업기술원),미품
4,00122017001867,001,2017,0352,R32084,1,2017-05-10,23.8,88.3,34728, , ,54.9,81.8,24.8,3.7,8,8,002,나주,3,76,나주(전라남도 농업기술원),새누리
5,00122017001868,001,2017,0352,R32090,1,2017-05-10,23.8,92.9,37127, , ,50.9,78.4,20.2,4.3,8,8,002,나주,3,76,나주(전라남도 농업기술원),호평
6,00122017001865,001,2017,0352,R32092,1,2017-05-10,23.8,92.2,37441, , ,48.4,78.1,25.3,3.7,8,8,002,나주,3,76,나주(전라남도 농업기술원),현품
7,00122017001875,001,2017,0340,R22009,1,2017-04-30,23.8,94.8,37255, , ,46.3,100.7,23.8,6.9,8,8,002,대구,4,76,대구(경상북도 농업기술원),화영벼
8,00122017001873,001,2017,0340,R22083,1,2017-04-30,23.8,95.6,34253, , ,45.5,95.5,20.7,8.7,8,8,002,대구,4,76,대구(경상북도 농업기술원),삼덕
9,00122017001874,001,2017,0340,R32001,1,2017-04-30,23.8,92.5,33279, , ,52.3,105.4,22.8,4.9,8,8,002,대구,4,76,대구(경상북도 농업기술원),일품벼
10,00122017001872,001,2017,0340,R32015,1,2017-04-30,23.8,96.5,31253, , ,45.2,98,17.8,12.2,8,8,002,대구,4,76,대구(경상북도 농업기술원),새추청
11,00122017001871,001,2017,0340,R32093,1,2017-04-30,23.8,96,35202, , ,42,91.8,18.9,8.9,8,8,002,대구,4,76,대구(경상북도 농업기술원),새일미
12,00122017001885,001,2017,0335,R22009,1,2017-05-10,23.8,96.9,30284, , ,29.4,69,19,3.3,8,8,002,진주,6,76,진주(경상남도 농업기술원),화영벼
13,00122017001883,001,2017,0335,R32008,1,2017-05-10,23.8,97.7,26740, , ,28.3,72.2,20.9,3.4,8,8,002,진주,6,76,진주(경상남도 농업기술원),동안벼
14,00122017001881,001,2017,0335,R32068,1,2017-05-10,23.8,95.7,29733, , ,27.2,73,18.3,3.6,8,8,002,진주,6,76,진주(경상남도 농업기술원),동진1호
15,00122017001882,001,2017,0335,R32069,1,2017-05-10,23.8,97,27991, , ,31.2,77.1,19.6,2.6,8,8,002,진주,6,76,진주(경상남도 농업기술원),주남
16,00122017001884,001,2017,0335,R32093,1,2017-05-10,23.8,97.3,27209, , ,35.1,90.7,15.4,3.9,8,8,002,진주,6,76,진주(경상남도 농업기술원),새일미
17,00122017001822,001,2017,0343,R11073,1,2017-04-30,23.8,97.4,38519, , ,32.2,69.4,20.1,1.4,8,8,002,계화,8,76,계화(국립식량과학원),새계화
18,00122017001818,001,2017,0331,R12004,1,2017-04-20,27.8,96.3,34704, , ,20.5,60.5,24.8,6.2,8,8,002,철원,8,76,철원(국립식량과학원),진부벼
19,00122017001825,001,2017,0330,R12004,1,2017-04-20,27.8,98.9,37462, , ,22.6,71.3,17.3,1.1,8,8,002,운봉,8,76,운봉(국립식량과학원),진부벼
20,00122017001888,001,2017,0336,R12004,1,2017-04-20,27.8,97.7,34519, , ,20.8,48.7,12.7,4.5,8,8,002,진부,8,76,진부(국립식량과학원),진부벼
21,00122017001837,001,2017,0329,R12005,1,2017-04-25,27.8,93.3,40850, , ,23.7,52.8,18.6,3.7,8,8,002,상주,8,76,상주(국립식량과학원),상주벼
22,00122017001848,001,2017,0337,R12005,1,2017-04-20,27.8,95.6,39194, , ,21.2,54.7,19.7,1.5,8,8,002,제천,8,76,제천(충청북도 농업기술원),상주벼
23,00122017001849,001,2017,0337,R12016,1,2017-04-20,27.8,97.7,34896, , ,25.5,56.6,19.2,2,8,8,002,제천,8,76,제천(충청북도 농업기술원),상미
24,00122017001824,001,2017,0330,R12019,1,2017-04-20,27.8,94.6,37338, , ,20.1,62.2,12.2,1.4,8,8,002,운봉,8,76,운봉(국립식량과학원),삼천벼
25,00122017001817,001,2017,0331,R12072,1,2017-04-20,27.8,95.4,34176, , ,20.7,53.8,32.7,4.5,8,8,002,철원,8,76,철원(국립식량과학원),태봉
26,00122017001816,001,2017,0331,R12079,1,2017-04-20,27.8,92.4,43831, , ,22.3,55.7,21.8,4.3,8,8,002,철원,8,76,철원(국립식량과학원),운광
27,00122017001823,001,2017,0330,R12079,1,2017-04-20,27.8,94.9,57888, , ,23.3,65,21.4,1.3,8,8,002,운봉,8,76,운봉(국립식량과학원),운광
28,00122017001836,001,2017,0329,R12079,1,2017-04-25,27.8,95.3,46270, , ,31.4,63.8,22.6,2.8,8,8,002,상주,8,76,상주(국립식량과학원),운광
29,00122017001841,001,2017,0333,R12079,1,2017-04-25,25.4,93.1,31261, , ,21.1,49.1,19.2,2,8,8,002,춘천,8,76,춘천(강원특별자치도 농업기술원),운광
30,00122017001844,001,2017,0344,R12079,1,2017-04-20,25.3,88.7,42843, , ,21.5,55,18.3,0.9,8,8,002,강릉,8,76,강릉(강원특별자치도 농업기술원),운광
31,00122017001847,001,2017,0337,R12079,1,2017-04-20,27.8,94.5,35642, , ,21.6,50.8,20.7,1.7,8,8,002,제천,8,76,제천(충청북도 농업기술원),운광
32,00122017001879,001,2017,0351,R12079,1,2017-04-20,23.8,96.9,35513, , ,20.3,46.3,16.3,1,8,8,002,안동,8,76,안동(경상북도 농업기술원),운광
33,00122017001815,001,2017,0331,R12080,1,2017-04-20,27.8,94.7,36353, , ,19.3,49.3,32.7,5.2,8,8,002,철원,8,76,철원(국립식량과학원),조운
34,00122017001835,001,2017,0329,R12085,1,2017-04-25,27.8,96,39833, , ,27.5,57.9,20.2,5.3,8,8,002,상주,8,76,상주(국립식량과학원),설레미
35,00122017001843,001,2017,0344,R12086,1,2017-04-20,26,90.3,36079, , ,21.2,53.4,18.4,1.8,8,8,002,강릉,8,76,강릉(강원특별자치도 농업기술원),오대1호
36,00122017001886,001,2017,0336,R12092,1,2017-04-20,27.8,96.7,34909, , ,17.9,40.4,13.3,4.4,8,8,002,진부,8,76,진부(국립식량과학원),한설
37,00122017001845,001,2017,0344,R12093,1,2017-04-20,25.6,89.9,34338, , ,26.4,69.6,16.2,1.5,8,8,002,강릉,8,76,강릉(강원특별자치도 농업기술원),오륜
38,00122017001814,001,2017,0331,R13002,1,2017-04-20,27.8,94.3,35047, , ,24.5,59.5,22.8,7.5,8,8,002,철원,8,76,철원(국립식량과학원),오대벼
39,00122017001826,001,2017,0330,R13002,1,2017-04-20,27.8,96.1,35670, , ,23.1,61.3,17.2,1.6,8,8,002,운봉,8,76,운봉(국립식량과학원),오대벼
40,00122017001830,001,2017,0332,R13002,1,2017-04-20,23.8,86.4,23713, , ,30.3,49,14.7,2.2,8,8,002,화성,8,76,화성(경기도 경기도농업기술원),오대벼
41,00122017001838,001,2017,0329,R13002,1,2017-04-25,27.8,96.2,37641, , ,31.3,64.7,19.8,3.2,8,8,002,상주,8,76,상주(국립식량과학원),오대벼
42,00122017001842,001,2017,0333,R13002,1,2017-04-25,26.5,91.9,25182, , ,24,52.6,16.8,3.2,8,8,002,춘천,8,76,춘천(강원특별자치도 농업기술원),오대벼
43,00122017001846,001,2017,0344,R13002,1,2017-04-20,25.6,89,30989, , ,22.1,65.3,18.5,2.8,8,8,002,강릉,8,76,강릉(강원특별자치도 농업기술원),오대벼
44,00122017001850,001,2017,0337,R13002,1,2017-04-20,27.8,96.6,31719, , ,20.7,53.5,18.9,1.4,8,8,002,제천,8,76,제천(충청북도 농업기술원),오대벼
45,00122017001880,001,2017,0351,R13002,1,2017-04-20,23.8,96.1,27154, , ,26.2,56.9,17.6,2.4,8,8,002,안동,8,76,안동(경상북도 농업기술원),오대벼
46,00122017001889,001,2017,0336,R13002,1,2017-04-20,27.8,97.7,33734, , ,24.7,59.7,16.4,4.5,8,8,002,진부,8,76,진부(국립식량과학원),오대벼
47,00122017001887,001,2017,0336,R13003,1,2017-04-20,27.8,97.7,33442, , ,18.4,37.8,13.3,3.1,8,8,002,진부,8,76,진부(국립식량과학원),진부올벼
48,00122017001833,001,2017,0338,R22009,1,2017-04-20,27.8,93.8,31558, , ,24.8,51.6,14.4, ,8,8,002,영덕,8,76,영덕(국립식량과학원),화영벼
49,00122017001832,001,2017,0338,R22083,1,2017-04-20,27.8,89.8,36125, , ,28.6,56.6,15.8, ,8,8,002,영덕,8,76,영덕(국립식량과학원),삼덕
50,00122017001834,001,2017,0338,R23004,1,2017-04-20,27.8,85.6,29196, , ,27.2,50.6,13.6, ,8,8,002,영덕,8,76,영덕(국립식량과학원),화성벼
51,00122017001839,001,2017,0333,R32001,1,2017-04-25,25.6,90.7,29156, , ,44.2,97.7,16.2,3.3,8,8,002,춘천,8,76,춘천(강원특별자치도 농업기술원),일품벼
52,00122017001852,001,2017,2325,R32001,1,2017-04-25,23.8,98.4,39852, , ,32,80.3,17.6,1.9,8,8,002,청원,8,76,청원(충청북도 농업기술원),일품벼
53,00122017001877,001,2017,0351,R32001,1,2017-04-20,23.8,94.7,28006, , ,27.9,56.2,13.8,5.1,8,8,002,안동,8,76,안동(경상북도 농업기술원),일품벼
54,00122017001829,001,2017,0332,R32003,1,2017-04-20,23.8,86.4,29468, , ,42.3,70.6,16.8,9.1,8,8,002,화성,8,76,화성(경기도 경기도농업기술원),대안벼
55,00122017001840,001,2017,0333,R32003,1,2017-04-25,27.3,91.9,25545, , ,33.3,68.6,20.6,1.2,8,8,002,춘천,8,76,춘천(강원특별자치도 농업기술원),대안벼
56,00122017001853,001,2017,2325,R32003,1,2017-04-25,23.8,98.5,38275, , ,31.7,79.2,19.5,2,8,8,002,청원,8,76,청원(충청북도 농업기술원),대안벼
57,00122017001864,001,2017,0326,R32006,1,2017-04-30,23.8,90.8,29630, , ,28.6,64.6,13.2,1.5,8,8,002,익산,8,76,익산(전북특별자치도 농업기술원),일미벼
58,00122017001820,001,2017,0343,R32011,1,2017-04-30,23.8,93.7,33429, , ,32,68.1,16.8,2,8,8,002,계화,8,76,계화(국립식량과학원),남평벼
59,00122017001831,001,2017,0338,R32011,1,2017-04-20,27.8,94.3,38481, , ,37.2,73.4,16.8, ,8,8,002,영덕,8,76,영덕(국립식량과학원),남평벼
60,00122017001856,001,2017,0350,R32011,1,2017-04-25,23.8,92.3,33958, , ,45.4,76.4,17.7,7.7,8,8,002,예산,8,76,예산(충청남도 농업기술원),남평벼
61,00122017001862,001,2017,0326,R32011,1,2017-04-30,23.8,89.4,29579, , ,32.1,68.1,13.2,2.5,8,8,002,익산,8,76,익산(전북특별자치도 농업기술원),남평벼
62,00122017001878,001,2017,0351,R32015,1,2017-04-20,23.8,97.2,29364, , ,27.9,68.9,12.2,5.7,8,8,002,안동,8,76,안동(경상북도 농업기술원),새추청
63,00122017001863,001,2017,0326,R32016,1,2017-04-30,23.8,89.8,27617, , ,33.3,69.3,15.3,2.4,8,8,002,익산,8,76,익산(전북특별자치도 농업기술원),신동진
64,00122017001819,001,2017,0343,R32068,1,2017-04-30,23.8,95.4,39331, , ,34.1,71.5,19.9,1.5,8,8,002,계화,8,76,계화(국립식량과학원),동진1호
65,00122017001828,001,2017,0332,R32082,1,2017-04-20,23.8,86.1,36217, , ,42.2,72,18.3,5.5,8,8,002,화성,8,76,화성(경기도 경기도농업기술원),삼광
66,00122017001851,001,2017,2325,R32082,1,2017-04-25,23.8,98.8,39448, , ,31.5,87.3,18.5,2.1,8,8,002,청원,8,76,청원(충청북도 농업기술원),삼광
67,00122017001859,001,2017,0350,R32082,1,2017-04-25,23.8,95.4,32518, , ,45.3,75.5,17.7,5.6,8,8,002,예산,8,76,예산(충청남도 농업기술원),삼광
68,00122017001855,001,2017,0350,R32084,1,2017-04-25,23.8,91.5,32133, , ,46.4,69.1,19.3,5.6,8,8,002,예산,8,76,예산(충청남도 농업기술원),새누리
69,00122017001860,001,2017,0326,R32084,1,2017-04-30,23.8,91,28326, , ,32.1,65.1,14.9,2.4,8,8,002,익산,8,76,익산(전북특별자치도 농업기술원),새누리
70,00122017001821,001,2017,0343,R32088,1,2017-04-30,23.8,95.7,37406, , ,32.3,67.6,17.6,2.4,8,8,002,계화,8,76,계화(국립식량과학원),청호
71,00122017001858,001,2017,0350,R32091,1,2017-04-25,23.8,92.4,34427, , ,41.7,66.5,20.2,5,8,8,002,예산,8,76,예산(충청남도 농업기술원),호품
72,00122017001861,001,2017,0326,R32091,1,2017-04-30,23.8,92.5,29620, , ,31.8,65.9,13.3,2.1,8,8,002,익산,8,76,익산(전북특별자치도 농업기술원),호품
73,00122017001876,001,2017,0351,R32093,1,2017-04-20,23.8,96.1,30656, , ,31.7,74.2,17.9,4.5,8,8,002,안동,8,76,안동(경상북도 농업기술원),새일미
74,00122017001827,001,2017,0332,R33009,1,2017-04-20,23.8,91.7,31067, , ,36.6,66.3,13.2,4.7,8,8,002,화성,8,76,화성(경기도 경기도농업기술원),추청
75,00122017001854,001,2017,2325,R33009,1,2017-04-25,23.8,98.9,36942, , ,29.3,82.3,17.3,1.7,8,8,002,청원,8,76,청원(충청북도 농업기술원),추청
76,00122017001857,001,2017,0350,R33009,1,2017-04-25,23.8,93.5,32071, , ,45.8,80.9,14.8,10.2,8,8,002,예산,8,76,예산(충청남도 농업기술원),추청
1,00122018001941,001,2018,0352,R32006,1,2018-05-10,23.8,93.8,35084, , ,35.5,84.9,21.5,3.3,8,8,002,나주,3,75,나주(전라남도 농업기술원),일미벼
2,00122018001944,001,2018,0352,R32081,1,2018-05-10,23.8,91.6,40492, , ,43.6,89.5,20.7,3.5,8,8,002,나주,3,75,나주(전라남도 농업기술원),미품
3,00122018001943,001,2018,0352,R32084,1,2018-05-10,23.8,86.6,28516, , ,38.2,76.9,21.4,3.8,8,8,002,나주,3,75,나주(전라남도 농업기술원),새누리
4,00122018001942,001,2018,0352,R32090,1,2018-05-10,23.8,91.9,33828, , ,34.4,71.1,18.4,4.5,8,8,002,나주,3,75,나주(전라남도 농업기술원),호평
5,00122018001945,001,2018,0352,R32092,1,2018-05-10,23.8,91.9,35841, , ,34.1,71,19.6,2.4,8,8,002,나주,3,75,나주(전라남도 농업기술원),현품
6,00122018001946,001,2018,0340,R22009,1,2018-04-30,23.8,93.7,29830, , ,37.3,99.1,19.6,5.6,8,8,002,대구,4,75,대구(경상북도 농업기술원),화영벼
7,00122018001948,001,2018,0340,R22083,1,2018-04-30,23.8,91.8,34660, , ,29.1,93.2,16.7,8,8,8,002,대구,4,75,대구(경상북도 농업기술원),삼덕
8,00122018001947,001,2018,0340,R32001,1,2018-04-30,23.8,92.7,41954, , ,37.9,92.2,19.1,5.5,8,8,002,대구,4,75,대구(경상북도 농업기술원),일품벼
9,00122018001949,001,2018,0340,R32082,1,2018-04-30,23.8,94.5,42216, , ,30.1,84.8,17,3.6,8,8,002,대구,4,75,대구(경상북도 농업기술원),삼광
10,00122018001950,001,2018,0340,R32093,1,2018-04-30,23.8,92.5,32334, , ,37.7,105,19.2,4.7,8,8,002,대구,4,75,대구(경상북도 농업기술원),새일미
11,00122018001956,001,2018,0335,R22009,1,2018-05-10,23.8,95.1,25710, , ,25.6,63.5,13.8,1.8,8,8,002,진주,6,75,진주(경상남도 농업기술원),화영벼
12,00122018001958,001,2018,0335,R32008,1,2018-05-10,23.8,95.1,29608, , ,32.5,77.7,19.1,3,8,8,002,진주,6,75,진주(경상남도 농업기술원),동안벼
13,00122018001960,001,2018,0335,R32068,1,2018-05-10,23.8,97,29918, , ,25.7,67.2,17.2,2,8,8,002,진주,6,75,진주(경상남도 농업기술원),동진1호
14,00122018001959,001,2018,0335,R32069,1,2018-05-10,23.8,93.7,25382, , ,30.4,79.1,18.2,2.5,8,8,002,진주,6,75,진주(경상남도 농업기술원),주남
15,00122018001957,001,2018,0335,R32093,1,2018-05-10,23.8,97.5,28897, , ,30.1,82.1,15.3,2.3,8,8,002,진주,6,75,진주(경상남도 농업기술원),새일미
16,00122018001893,001,2018,0331,R12004,1,2018-04-20,27.8,97.6,29678, , ,24.4,70.6,17.8,3.8,8,8,002,철원,8,75,철원(국립식량과학원),진부벼
17,00122018001901,001,2018,0330,R12004,1,2018-04-20,27.8,97.7,47108, , ,27.8,74.9,20.4,1,8,8,002,운봉,8,75,운봉(국립식량과학원),진부벼
18,00122018001962,001,2018,0336,R12004,1,2018-04-20,27.8,96.3,32357, , ,19,53.6,13.5,5.2,8,8,002,진부,8,75,진부(국립식량과학원),진부벼
19,00122018001905,001,2018,0329,R12005,1,2018-04-25,27.8,92.4,39894,0,0,21.7,57.1,19.2,5.5,8,8,002,상주,8,75,상주(국립식량과학원),상주벼
20,00122018001929,001,2018,0337,R12005,1,2018-04-20,27.8,93.3,36672, , ,22.8,54.7,18.2,2.3,8,8,002,제천,8,75,제천(충청북도 농업기술원),상주벼
21,00122018001928,001,2018,0337,R12016,1,2018-04-20,27.8,93.5,31387, , ,26.3,62.1,18.5,3.1,8,8,002,제천,8,75,제천(충청북도 농업기술원),상미
22,00122018001900,001,2018,0330,R12019,1,2018-04-20,27.8,96.1,44109, , ,24,62.3,21.9,1.1,8,8,002,운봉,8,75,운봉(국립식량과학원),삼천벼
23,00122018001892,001,2018,0331,R12072,1,2018-04-20,27.8,96.8,42170, , ,20,61.7,28.1,4.2,8,8,002,철원,8,75,철원(국립식량과학원),태봉
24,00122018001891,001,2018,0331,R12079,1,2018-04-20,27.8,95.2,41641, , ,25.8,70.5,26.8,7.1,8,8,002,철원,8,75,철원(국립식량과학원),운광
25,00122018001899,001,2018,0330,R12079,1,2018-04-20,27.8,98.7,58167, , ,23.1,71.3,30.6,1.7,8,8,002,운봉,8,75,운봉(국립식량과학원),운광
26,00122018001904,001,2018,0329,R12079,1,2018-04-25,27.8,90.1,41905,0,0,20.2,51.2,18.2,7.9,8,8,002,상주,8,75,상주(국립식량과학원),운광
27,00122018001917,001,2018,0333,R12079,1,2018-04-25,25.4,89.1,34967,0,0,21.8,58.5,16.8,1.2,8,8,002,춘천,8,75,춘천(강원특별자치도 농업기술원),운광
28,00122018001921,001,2018,0344,R12079,1,2018-04-20,25.3,89.7,40800,0,0,20.4,51.6,19.1,2.4,8,8,002,강릉,8,75,강릉(강원특별자치도 농업기술원),운광
29,00122018001930,001,2018,0337,R12079,1,2018-04-20,27.8,95.8,39786, , ,21.7,57.7,19.8,2.4,8,8,002,제천,8,75,제천(충청북도 농업기술원),운광
30,00122018001952,001,2018,0351,R12079,1,2018-04-20,23.8,92.5,26211, , ,20.2,54.5,16.2,1.3,8,8,002,안동,8,75,안동(경상북도 농업기술원),운광
31,00122018001890,001,2018,0331,R12080,1,2018-04-20,27.8,96.2,25094, , ,17.6,50.7,14.7,3.5,8,8,002,철원,8,75,철원(국립식량과학원),조운
32,00122018001903,001,2018,0329,R12085,1,2018-04-25,27.8,92.1,33945,0,0,21.5,57.6,20.2,4.9,8,8,002,상주,8,75,상주(국립식량과학원),설레미
33,00122018001922,001,2018,0344,R12086,1,2018-04-20,26,91.5,34309,0,0,12.8,32.3,19.9,3.7,8,8,002,강릉,8,75,강릉(강원특별자치도 농업기술원),오대1호
34,00122018001964,001,2018,0336,R12092,1,2018-04-20,27.8,95.2,35582, , ,16.6,44.2,13.5,4,8,8,002,진부,8,75,진부(국립식량과학원),한설
35,00122018001920,001,2018,0344,R12093,1,2018-04-20,25.6,89.5,38628,0,0,19.7,57.5,16.8,4.3,8,8,002,강릉,8,75,강릉(강원특별자치도 농업기술원),오륜
36,00122018001894,001,2018,0331,R13002,1,2018-04-20,27.8,95.4,30509, , ,22.4,59.3,21.8,7.9,8,8,002,철원,8,75,철원(국립식량과학원),오대벼
37,00122018001902,001,2018,0330,R13002,1,2018-04-20,27.8,97.9,39825, , ,21.8,67.3,20.5,1.8,8,8,002,운봉,8,75,운봉(국립식량과학원),오대벼
38,00122018001906,001,2018,0329,R13002,1,2018-04-25,27.8,93.8,30555,0,0,20.6,54.1,18.4,4.8,8,8,002,상주,8,75,상주(국립식량과학원),오대벼
39,00122018001914,001,2018,0332,R13002,1,2018-04-20,23.8,93.1,26285,0,0,24.3,59.9,17.4,0.8,8,8,002,화성,8,75,화성(경기도 경기도농업기술원),오대벼
40,00122018001918,001,2018,0333,R13002,1,2018-04-25,26.5,91.7,23171,0,0,25.8,66.4,18.3,1.5,8,8,002,춘천,8,75,춘천(강원특별자치도 농업기술원),오대벼
41,00122018001919,001,2018,0344,R13002,1,2018-04-20,25.6,90.1,28891,0,0,20.7,41.8,18.1,0.7,8,8,002,강릉,8,75,강릉(강원특별자치도 농업기술원),오대벼
42,00122018001927,001,2018,0337,R13002,1,2018-04-20,27.8,94.1,29616, , ,23,59.9,17.9,2.2,8,8,002,제천,8,75,제천(충청북도 농업기술원),오대벼
43,00122018001951,001,2018,0351,R13002,1,2018-04-20,23.8,92.3,20383, , ,24,54.8,13.3,1.5,8,8,002,안동,8,75,안동(경상북도 농업기술원),오대벼
44,00122018001961,001,2018,0336,R13002,1,2018-04-20,27.8,97,31054, , ,21.3,58,15.8,5.3,8,8,002,진부,8,75,진부(국립식량과학원),오대벼
45,00122018001963,001,2018,0336,R13003,1,2018-04-20,27.8,94.7,33805, , ,15.7,45.5,13.7,4,8,8,002,진부,8,75,진부(국립식량과학원),진부올벼
46,00122018001909,001,2018,0338,R22009,1,2018-04-20,23.8,92.6,36910,0,0,20.16,48.5,11.76,0,8,8,002,영덕,8,75,영덕(국립식량과학원),화영벼
47,00122018001908,001,2018,0338,R22083,1,2018-04-20,23.8,90.6,34397,0,0,23.5,54.96,12.48,0,8,8,002,영덕,8,75,영덕(국립식량과학원),삼덕
48,00122018001910,001,2018,0338,R23004,1,2018-04-20,23.8,89.7,25891,0,0,19.6,53.6,11,0,8,8,002,영덕,8,75,영덕(국립식량과학원),화성벼
49,00122018001915,001,2018,0333,R32001,1,2018-04-25,25.6,87.4,33200,0,0,36.7,121,18.4,6.1,8,8,002,춘천,8,75,춘천(강원특별자치도 농업기술원),일품벼
50,00122018001925,001,2018,2325,R32001,1,2018-04-25,23.8,95.4,35274,0,0,29,74.3,16.5,3,8,8,002,청원,8,75,청원(충청북도 농업기술원),일품벼
51,00122018001954,001,2018,0351,R32001,1,2018-04-20,23.8,86.1,28429, , ,26.7,65.6,14.8,3.6,8,8,002,안동,8,75,안동(경상북도 농업기술원),일품벼
52,00122018001913,001,2018,0332,R32003,1,2018-04-20,23.8,93.2,29159,0,0,37,80.7,17.7,2.9,8,8,002,화성,8,75,화성(경기도 경기도농업기술원),대안벼
53,00122018001916,001,2018,0333,R32003,1,2018-04-25,27.3,92.7,27387,0,0,36.4,106.9,17.5,3.9,8,8,002,춘천,8,75,춘천(강원특별자치도 농업기술원),대안벼
54,00122018001924,001,2018,2325,R32003,1,2018-04-25,23.8,93.2,32316,0,0,28.5,73.9,19.5,4.6,8,8,002,청원,8,75,청원(충청북도 농업기술원),대안벼
55,00122018001936,001,2018,0326,R32006,1,2018-04-30,23.8,89.1,28639, , ,28.5,67.1,13.5,1.21,8,8,002,익산,8,75,익산(전북특별자치도 농업기술원),일미벼
56,00122018001896,001,2018,0343,R32011,1,2018-04-30,23.8,81.8,30154, , ,33.8,74.1,16.2,1.6,8,8,002,계화,8,75,계화(국립식량과학원),남평벼
57,00122018001907,001,2018,0338,R32011,1,2018-04-20,23.8,87.9,29190,0,0,24.6,62.68,12.04,0,8,8,002,영덕,8,75,영덕(국립식량과학원),남평벼
58,00122018001934,001,2018,0350,R32011,1,2018-04-25,23.8,87.6,32792, , ,44.4,82.1,23,6.2,8,8,002,예산,8,75,예산(충청남도 농업기술원),남평벼
59,00122018001938,001,2018,0326,R32011,1,2018-04-30,23.8,79.9,26403, , ,31.9,68.7,13.4,2.11,8,8,002,익산,8,75,익산(전북특별자치도 농업기술원),남평벼
60,00122018001953,001,2018,0351,R32015,1,2018-04-20,23.8,90,23484, , ,23.9,68.3,13.8,4.7,8,8,002,안동,8,75,안동(경상북도 농업기술원),새추청
61,00122018001898,001,2018,0343,R32016,1,2018-04-30,23.8,88.2,22914, , ,35.5,85,15.3,3,8,8,002,계화,8,75,계화(국립식량과학원),신동진
62,00122018001937,001,2018,0326,R32016,1,2018-04-30,23.8,84.1,26567, , ,32.8,69.5,15.5,2.1,8,8,002,익산,8,75,익산(전북특별자치도 농업기술원),신동진
63,00122018001895,001,2018,0343,R32068,1,2018-04-30,23.8,89.8,27589, , ,27.3,80.3,15.9,2,8,8,002,계화,8,75,계화(국립식량과학원),동진1호
64,00122018001912,001,2018,0332,R32082,1,2018-04-20,23.8,93.8,38838,0,0,35.8,88.8,17.1,2.8,8,8,002,화성,8,75,화성(경기도 경기도농업기술원),삼광
65,00122018001926,001,2018,2325,R32082,1,2018-04-25,23.8,95,35236,0,0,30.3,84.8,21,5.2,8,8,002,청원,8,75,청원(충청북도 농업기술원),삼광
66,00122018001931,001,2018,0350,R32082,1,2018-04-25,23.8,93.4,30179, , ,32,73.5,21.8,4.5,8,8,002,예산,8,75,예산(충청남도 농업기술원),삼광
67,00122018001935,001,2018,0350,R32084,1,2018-04-25,23.8,96.9,33291, , ,35.6,73.7,16,3.6,8,8,002,예산,8,75,예산(충청남도 농업기술원),새누리
68,00122018001940,001,2018,0326,R32084,1,2018-04-30,23.8,81.5,26033, , ,32.3,67.8,15.2,2.01,8,8,002,익산,8,75,익산(전북특별자치도 농업기술원),새누리
69,00122018001897,001,2018,0343,R32088,1,2018-04-30,23.8,86.4,29102, , ,29.2,73.8,16.1,2.4,8,8,002,계화,8,75,계화(국립식량과학원),청호
70,00122018001932,001,2018,0350,R32091,1,2018-04-25,23.8,90.7,31130, , ,34.1,57.8,18.8,3.5,8,8,002,예산,8,75,예산(충청남도 농업기술원),호품
71,00122018001939,001,2018,0326,R32091,1,2018-04-30,23.8,89.6,28965, , ,31.6,66.4,13.5,1.87,8,8,002,익산,8,75,익산(전북특별자치도 농업기술원),호품
72,00122018001955,001,2018,0351,R32093,1,2018-04-20,23.8,91,25220, , ,28.7,74,14.3,2.6,8,8,002,안동,8,75,안동(경상북도 농업기술원),새일미
73,00122018001911,001,2018,0332,R33009,1,2018-04-20,23.8,95.3,34823,0,0,31.6,80.9,14.3,1.6,8,8,002,화성,8,75,화성(경기도 경기도농업기술원),추청
74,00122018001923,001,2018,2325,R33009,1,2018-04-25,23.8,95.2,30982,0,0,26,78.7,15.3,3.8,8,8,002,청원,8,75,청원(충청북도 농업기술원),추청
75,00122018001933,001,2018,0350,R33009,1,2018-04-25,23.8,90.8,29213, , ,39.2,65.4,18.8,3.9,8,8,002,예산,8,75,예산(충청남도 농업기술원),추청
1,00122019002250,001,2019,0352,R32006,1,2019-05-10,,,,,,,,,,,8,002,나주,3,75,나주(전라남도 농업기술원),일미벼
2,00122019002251,001,2019,0352,R32016,1,2019-05-10,,,,,,,,,,,8,002,나주,3,75,나주(전라남도 농업기술원),신동진
3,00122019002253,001,2019,0352,R32081,1,2019-05-10,,,,,,,,,,,8,002,나주,3,75,나주(전라남도 농업기술원),미품
4,00122019002254,001,2019,0352,R32092,1,2019-05-10,,,,,,,,,,,8,002,나주,3,75,나주(전라남도 농업기술원),현품
5,00122019002252,001,2019,0352,R46054,1,2019-05-10,,,,,,,,,,,8,002,나주,3,75,나주(전라남도 농업기술원),새청무
6,00122019002255,001,2019,0340,R22009,1,2019-04-30,,,,,,,,,,,8,002,대구,4,75,대구(경상북도 농업기술원),화영벼
7,00122019002257,001,2019,0340,R22083,1,2019-04-30,,,,,,,,,,,8,002,대구,4,75,대구(경상북도 농업기술원),삼덕
8,00122019002256,001,2019,0340,R32001,1,2019-04-30,,,,,,,,,,,8,002,대구,4,75,대구(경상북도 농업기술원),일품벼
9,00122019002258,001,2019,0340,R32082,1,2019-04-30,,,,,,,,,,,8,002,대구,4,75,대구(경상북도 농업기술원),삼광
10,00122019002259,001,2019,0340,R32093,1,2019-04-30,,,,,,,,,,,8,002,대구,4,75,대구(경상북도 농업기술원),새일미
11,00122019002267,001,2019,0335,R32008,1,2019-05-10,,,,,,,,,,,8,002,진주,6,75,진주(경상남도 농업기술원),동안벼
12,00122019002268,001,2019,0335,R32068,1,2019-05-10,,,,,,,,,,,8,002,진주,6,75,진주(경상남도 농업기술원),동진1호
13,00122019002266,001,2019,0335,R32093,1,2019-05-10,,,,,,,,,,,8,002,진주,6,75,진주(경상남도 농업기술원),새일미
14,00122019002265,001,2019,0335,R46055,1,2019-05-10,,,,,,,,,,,8,002,진주,6,75,진주(경상남도 농업기술원),해품
15,00122019002269,001,2019,0335,R46056,1,2019-05-10,,,,,,,,,,,8,002,진주,6,75,진주(경상남도 농업기술원),영호진미
16,00122019002200,001,2019,0331,R12004,1,2019-04-20,,,,,,,,,,,8,002,철원,8,75,철원(국립식량과학원),진부벼
17,00122019002209,001,2019,0330,R12004,1,2019-04-20,,,,,,,,,,,8,002,운봉,8,75,운봉(국립식량과학원),진부벼
18,00122019002271,001,2019,0336,R12004,1,2019-04-20,,,,,,,,,,,8,002,진부,8,75,진부(국립식량과학원),진부벼
19,00122019002213,001,2019,0329,R12005,1,2019-04-25,,,,,,,,,,,8,002,상주,8,75,상주(국립식량과학원),상주벼
20,00122019002238,001,2019,0337,R12005,1,2019-04-20,,,,,,,,,,,8,002,제천,8,75,제천(충청북도 농업기술원),상주벼
21,00122019002237,001,2019,0337,R12016,1,2019-04-20,,,,,,,,,,,8,002,제천,8,75,제천(충청북도 농업기술원),상미
22,00122019002210,001,2019,0330,R12019,1,2019-04-20,,,,,,,,,,,8,002,운봉,8,75,운봉(국립식량과학원),삼천벼
23,00122019002201,001,2019,0331,R12072,1,2019-04-20,,,,,,,,,,,8,002,철원,8,75,철원(국립식량과학원),태봉
24,00122019002202,001,2019,0331,R12079,1,2019-04-20,,,,,,,,,,,8,002,철원,8,75,철원(국립식량과학원),운광
25,00122019002211,001,2019,0330,R12079,1,2019-04-20,,,,,,,,,,,8,002,운봉,8,75,운봉(국립식량과학원),운광
26,00122019002214,001,2019,0329,R12079,1,2019-04-25,,,,,,,,,,,8,002,상주,8,75,상주(국립식량과학원),운광
27,00122019002225,001,2019,0333,R12079,1,2019-04-25,,,,,,,,,,,8,002,춘천,8,75,춘천(강원특별자치도 농업기술원),운광
28,00122019002230,001,2019,0344,R12079,1,2019-04-20,,,,,,,,,,,8,002,강릉,8,75,강릉(강원특별자치도 농업기술원),운광
29,00122019002239,001,2019,0337,R12079,1,2019-04-20,,,,,,,,,,,8,002,제천,8,75,제천(충청북도 농업기술원),운광
30,00122019002261,001,2019,0351,R12079,1,2019-04-20,,,,,,,,,,,8,002,안동,8,75,안동(경상북도 농업기술원),운광
31,00122019002203,001,2019,0331,R12080,1,2019-04-20,,,,,,,,,,,8,002,철원,8,75,철원(국립식량과학원),조운
32,00122019002215,001,2019,0329,R12085,1,2019-04-25,,,,,,,,,,,8,002,상주,8,75,상주(국립식량과학원),설레미
33,00122019002231,001,2019,0344,R12086,1,2019-04-20,,,,,,,,,,,8,002,강릉,8,75,강릉(강원특별자치도 농업기술원),오대1호
34,00122019002273,001,2019,0336,R12092,1,2019-04-20,,,,,,,,,,,8,002,진부,8,75,진부(국립식량과학원),한설
35,00122019002229,001,2019,0344,R12093,1,2019-04-20,,,,,,,,,,,8,002,강릉,8,75,강릉(강원특별자치도 농업기술원),오륜
36,00122019002199,001,2019,0331,R13002,1,2019-04-20,,,,,,,,,,,8,002,철원,8,75,철원(국립식량과학원),오대벼
37,00122019002208,001,2019,0330,R13002,1,2019-04-20,,,,,,,,,,,8,002,운봉,8,75,운봉(국립식량과학원),오대벼
38,00122019002212,001,2019,0329,R13002,1,2019-04-25,,,,,,,,,,,8,002,상주,8,75,상주(국립식량과학원),오대벼
39,00122019002220,001,2019,0332,R13002,1,2019-04-20,,,,,,,,,,,8,002,화성,8,75,화성(경기도 경기도농업기술원),오대벼
40,00122019002224,001,2019,0333,R13002,1,2019-04-25,,,,,,,,,,,8,002,춘천,8,75,춘천(강원특별자치도 농업기술원),오대벼
41,00122019002228,001,2019,0344,R13002,1,2019-04-20,,,,,,,,,,,8,002,강릉,8,75,강릉(강원특별자치도 농업기술원),오대벼
42,00122019002236,001,2019,0337,R13002,1,2019-04-20,,,,,,,,,,,8,002,제천,8,75,제천(충청북도 농업기술원),오대벼
43,00122019002260,001,2019,0351,R13002,1,2019-04-20,,,,,,,,,,,8,002,안동,8,75,안동(경상북도 농업기술원),오대벼
44,00122019002270,001,2019,0336,R13002,1,2019-04-20,,,,,,,,,,,8,002,진부,8,75,진부(국립식량과학원),오대벼
45,00122019002272,001,2019,0336,R13003,1,2019-04-20,,,,,,,,,,,8,002,진부,8,75,진부(국립식량과학원),진부올벼
46,00122019002217,001,2019,0338,R22009,1,2019-04-20,,,,,,,,,,,8,002,영덕,8,75,영덕(국립식량과학원),화영벼
47,00122019002218,001,2019,0338,R22083,1,2019-04-20,,,,,,,,,,,8,002,영덕,8,75,영덕(국립식량과학원),삼덕
48,00122019002216,001,2019,0338,R23004,1,2019-04-20,,,,,,,,,,,8,002,영덕,8,75,영덕(국립식량과학원),화성벼
49,00122019002234,001,2019,2325,R32001,1,2019-04-25,,,,,,,,,,,8,002,청원,8,75,청원(충청북도 농업기술원),일품벼
50,00122019002263,001,2019,0351,R32001,1,2019-04-20,,,,,,,,,,,8,002,안동,8,75,안동(경상북도 농업기술원),일품벼
51,00122019002221,001,2019,0332,R32003,1,2019-04-20,,,,,,,,,,,8,002,화성,8,75,화성(경기도 경기도농업기술원),대안벼
52,00122019002226,001,2019,0333,R32003,1,2019-04-25,,,,,,,,,,,8,002,춘천,8,75,춘천(강원특별자치도 농업기술원),대안벼
53,00122019002233,001,2019,2325,R32003,1,2019-04-25,,,,,,,,,,,8,002,청원,8,75,청원(충청북도 농업기술원),대안벼
54,00122019002245,001,2019,0326,R32006,1,2019-04-30,,,,,,,,,,,8,002,익산,8,75,익산(전북특별자치도 농업기술원),일미벼
55,00122019002206,001,2019,0343,R32011,1,2019-04-30,,,,,,,,,,,8,002,계화,8,75,계화(국립식량과학원),남평벼
56,00122019002219,001,2019,0338,R32011,1,2019-04-20,,,,,,,,,,,8,002,영덕,8,75,영덕(국립식량과학원),남평벼
57,00122019002247,001,2019,0326,R32011,1,2019-04-30,,,,,,,,,,,8,002,익산,8,75,익산(전북특별자치도 농업기술원),남평벼
58,00122019002262,001,2019,0351,R32015,1,2019-04-20,,,,,,,,,,,8,002,안동,8,75,안동(경상북도 농업기술원),새추청
59,00122019002204,001,2019,0343,R32016,1,2019-04-30,,,,,,,,,,,8,002,계화,8,75,계화(국립식량과학원),신동진
60,00122019002246,001,2019,0326,R32016,1,2019-04-30,,,,,,,,,,,8,002,익산,8,75,익산(전북특별자치도 농업기술원),신동진
61,00122019002207,001,2019,0343,R32068,1,2019-04-30,,,,,,,,,,,8,002,계화,8,75,계화(국립식량과학원),동진1호
62,00122019002222,001,2019,0332,R32082,1,2019-04-20,,,,,,,,,,,8,002,화성,8,75,화성(경기도 경기도농업기술원),삼광
63,00122019002227,001,2019,0333,R32082,1,2019-04-25,,,,,,,,,,,8,002,춘천,8,75,춘천(강원특별자치도 농업기술원),삼광
64,00122019002235,001,2019,2325,R32082,1,2019-04-25,,,,,,,,,,,8,002,청원,8,75,청원(충청북도 농업기술원),삼광
65,00122019002240,001,2019,0350,R32082,1,2019-04-25,,,,,,,,,,,8,002,예산,8,75,예산(충청남도 농업기술원),삼광
66,00122019002244,001,2019,0350,R32084,1,2019-04-25,,,,,,,,,,,8,002,예산,8,75,예산(충청남도 농업기술원),새누리
67,00122019002249,001,2019,0326,R32084,1,2019-04-30,,,,,,,,,,,8,002,익산,8,75,익산(전북특별자치도 농업기술원),새누리
68,00122019002205,001,2019,0343,R32088,1,2019-04-30,,,,,,,,,,,8,002,계화,8,75,계화(국립식량과학원),청호
69,00122019002241,001,2019,0350,R32091,1,2019-04-25,,,,,,,,,,,8,002,예산,8,75,예산(충청남도 농업기술원),호품
70,00122019002248,001,2019,0326,R32091,1,2019-04-30,,,,,,,,,,,8,002,익산,8,75,익산(전북특별자치도 농업기술원),호품
71,00122019002243,001,2019,0350,R32093,1,2019-04-25,,,,,,,,,,,8,002,예산,8,75,예산(충청남도 농업기술원),새일미
72,00122019002264,001,2019,0351,R32093,1,2019-04-20,,,,,,,,,,,8,002,안동,8,75,안동(경상북도 농업기술원),새일미
73,00122019002223,001,2019,0332,R33009,1,2019-04-20,,,,,,,,,,,8,002,화성,8,75,화성(경기도 경기도농업기술원),추청
74,00122019002232,001,2019,2325,R33009,1,2019-04-25,,,,,,,,,,,8,002,청원,8,75,청원(충청북도 농업기술원),추청
75,00122019002242,001,2019,0350,R33009,1,2019-04-25,,,,,,,,,,,8,002,예산,8,75,예산(충청남도 농업기술원),추청
1,00122020002174,001,2020,0352,R32006,1,2020-05-10,,,,,,,,,,,8,002,나주,3,76,나주(전라남도 농업기술원),일미벼
2,00122020002175,001,2020,0352,R32016,1,2020-05-10,,,,,,,,,,,8,002,나주,3,76,나주(전라남도 농업기술원),신동진
3,00122020002177,001,2020,0352,R32081,1,2020-05-10,,,,,,,,,,,8,002,나주,3,76,나주(전라남도 농업기술원),미품
4,00122020002178,001,2020,0352,R32092,1,2020-05-10,,,,,,,,,,,8,002,나주,3,76,나주(전라남도 농업기술원),현품
5,00122020002179,001,2020,0352,R32093,1,2020-05-10,,,,,,,,,,,8,002,나주,3,76,나주(전라남도 농업기술원),새일미
6,00122020002176,001,2020,0352,R46054,1,2020-05-10,,,,,,,,,,,8,002,나주,3,76,나주(전라남도 농업기술원),새청무
7,00122020002180,001,2020,0340,R22009,1,2020-04-30,,,,,,,,,,,8,002,대구,4,76,대구(경상북도 농업기술원),화영벼
8,00122020002182,001,2020,0340,R22083,1,2020-04-30,,,,,,,,,,,8,002,대구,4,76,대구(경상북도 농업기술원),삼덕
9,00122020002181,001,2020,0340,R32001,1,2020-04-30,,,,,,,,,,,8,002,대구,4,76,대구(경상북도 농업기술원),일품벼
10,00122020002183,001,2020,0340,R32082,1,2020-04-30,,,,,,,,,,,8,002,대구,4,76,대구(경상북도 농업기술원),삼광
11,00122020002184,001,2020,0340,R32093,1,2020-04-30,,,,,,,,,,,8,002,대구,4,76,대구(경상북도 농업기술원),새일미
12,00122020002192,001,2020,0335,R32008,1,2020-05-10,,,,,,,,,,,8,002,진주,6,76,진주(경상남도 농업기술원),동안벼
13,00122020002193,001,2020,0335,R32068,1,2020-05-10,,,,,,,,,,,8,002,진주,6,76,진주(경상남도 농업기술원),동진1호
14,00122020002191,001,2020,0335,R32093,1,2020-05-10,,,,,,,,,,,8,002,진주,6,76,진주(경상남도 농업기술원),새일미
15,00122020002190,001,2020,0335,R46055,1,2020-05-10,,,,,,,,,,,8,002,진주,6,76,진주(경상남도 농업기술원),해품
16,00122020002194,001,2020,0335,R46056,1,2020-05-10,,,,,,,,,,,8,002,진주,6,76,진주(경상남도 농업기술원),영호진미
17,00122020002124,001,2020,0331,R12004,1,2020-04-20,,,,,,,,,,,8,002,철원,8,76,철원(국립식량과학원),진부벼
18,00122020002133,001,2020,0330,R12004,1,2020-04-20,,,,,,,,,,,8,002,운봉,8,76,운봉(국립식량과학원),진부벼
19,00122020002196,001,2020,0336,R12004,1,2020-04-20,,,,,,,,,,,8,002,진부,8,76,진부(국립식량과학원),진부벼
20,00122020002137,001,2020,0329,R12005,1,2020-04-25,,,,,,,,,,,8,002,상주,8,76,상주(국립식량과학원),상주벼
21,00122020002162,001,2020,0337,R12005,1,2020-04-20,,,,,,,,,,,8,002,제천,8,76,제천(충청북도 농업기술원),상주벼
22,00122020002161,001,2020,0337,R12016,1,2020-04-20,,,,,,,,,,,8,002,제천,8,76,제천(충청북도 농업기술원),상미
23,00122020002134,001,2020,0330,R12019,1,2020-04-20,,,,,,,,,,,8,002,운봉,8,76,운봉(국립식량과학원),삼천벼
24,00122020002125,001,2020,0331,R12072,1,2020-04-20,,,,,,,,,,,8,002,철원,8,76,철원(국립식량과학원),태봉
25,00122020002126,001,2020,0331,R12079,1,2020-04-20,,,,,,,,,,,8,002,철원,8,76,철원(국립식량과학원),운광
26,00122020002135,001,2020,0330,R12079,1,2020-04-20,,,,,,,,,,,8,002,운봉,8,76,운봉(국립식량과학원),운광
27,00122020002138,001,2020,0329,R12079,1,2020-04-25,,,,,,,,,,,8,002,상주,8,76,상주(국립식량과학원),운광
28,00122020002149,001,2020,0333,R12079,1,2020-04-25,,,,,,,,,,,8,002,춘천,8,76,춘천(강원특별자치도 농업기술원),운광
29,00122020002154,001,2020,0344,R12079,1,2020-04-20,,,,,,,,,,,8,002,강릉,8,76,강릉(강원특별자치도 농업기술원),운광
30,00122020002163,001,2020,0337,R12079,1,2020-04-20,,,,,,,,,,,8,002,제천,8,76,제천(충청북도 농업기술원),운광
31,00122020002186,001,2020,0351,R12079,1,2020-04-20,,,,,,,,,,,8,002,안동,8,76,안동(경상북도 농업기술원),운광
32,00122020002127,001,2020,0331,R12080,1,2020-04-20,,,,,,,,,,,8,002,철원,8,76,철원(국립식량과학원),조운
33,00122020002139,001,2020,0329,R12085,1,2020-04-25,,,,,,,,,,,8,002,상주,8,76,상주(국립식량과학원),설레미
34,00122020002155,001,2020,0344,R12086,1,2020-04-20,,,,,,,,,,,8,002,강릉,8,76,강릉(강원특별자치도 농업기술원),오대1호
35,00122020002198,001,2020,0336,R12092,1,2020-04-20,,,,,,,,,,,8,002,진부,8,76,진부(국립식량과학원),한설
36,00122020002153,001,2020,0344,R12093,1,2020-04-20,,,,,,,,,,,8,002,강릉,8,76,강릉(강원특별자치도 농업기술원),오륜
37,00122020002123,001,2020,0331,R13002,1,2020-04-20,,,,,,,,,,,8,002,철원,8,76,철원(국립식량과학원),오대벼
38,00122020002132,001,2020,0330,R13002,1,2020-04-20,,,,,,,,,,,8,002,운봉,8,76,운봉(국립식량과학원),오대벼
39,00122020002136,001,2020,0329,R13002,1,2020-04-25,,,,,,,,,,,8,002,상주,8,76,상주(국립식량과학원),오대벼
40,00122020002144,001,2020,0332,R13002,1,2020-04-20,,,,,,,,,,,8,002,화성,8,76,화성(경기도 경기도농업기술원),오대벼
41,00122020002148,001,2020,0333,R13002,1,2020-04-25,,,,,,,,,,,8,002,춘천,8,76,춘천(강원특별자치도 농업기술원),오대벼
42,00122020002152,001,2020,0344,R13002,1,2020-04-20,,,,,,,,,,,8,002,강릉,8,76,강릉(강원특별자치도 농업기술원),오대벼
43,00122020002160,001,2020,0337,R13002,1,2020-04-20,,,,,,,,,,,8,002,제천,8,76,제천(충청북도 농업기술원),오대벼
44,00122020002185,001,2020,0351,R13002,1,2020-04-20,,,,,,,,,,,8,002,안동,8,76,안동(경상북도 농업기술원),오대벼
45,00122020002195,001,2020,0336,R13002,1,2020-04-20,,,,,,,,,,,8,002,진부,8,76,진부(국립식량과학원),오대벼
46,00122020002197,001,2020,0336,R13003,1,2020-04-20,,,,,,,,,,,8,002,진부,8,76,진부(국립식량과학원),진부올벼
47,00122020002141,001,2020,0338,R22009,1,2020-04-20,,,,,,,,,,,8,002,영덕,8,76,영덕(국립식량과학원),화영벼
48,00122020002142,001,2020,0338,R22083,1,2020-04-20,,,,,,,,,,,8,002,영덕,8,76,영덕(국립식량과학원),삼덕
49,00122020002140,001,2020,0338,R23004,1,2020-04-20,,,,,,,,,,,8,002,영덕,8,76,영덕(국립식량과학원),화성벼
50,00122020002158,001,2020,2325,R32001,1,2020-04-25,,,,,,,,,,,8,002,청원,8,76,청원(충청북도 농업기술원),일품벼
51,00122020002188,001,2020,0351,R32001,1,2020-04-20,,,,,,,,,,,8,002,안동,8,76,안동(경상북도 농업기술원),일품벼
52,00122020002145,001,2020,0332,R32003,1,2020-04-20,,,,,,,,,,,8,002,화성,8,76,화성(경기도 경기도농업기술원),대안벼
53,00122020002150,001,2020,0333,R32003,1,2020-04-25,,,,,,,,,,,8,002,춘천,8,76,춘천(강원특별자치도 농업기술원),대안벼
54,00122020002157,001,2020,2325,R32003,1,2020-04-25,,,,,,,,,,,8,002,청원,8,76,청원(충청북도 농업기술원),대안벼
55,00122020002169,001,2020,0326,R32006,1,2020-04-30,,,,,,,,,,,8,002,익산,8,76,익산(전북특별자치도 농업기술원),일미벼
56,00122020002130,001,2020,0343,R32011,1,2020-04-30,,,,,,,,,,,8,002,계화,8,76,계화(국립식량과학원),남평벼
57,00122020002143,001,2020,0338,R32011,1,2020-04-20,,,,,,,,,,,8,002,영덕,8,76,영덕(국립식량과학원),남평벼
58,00122020002171,001,2020,0326,R32011,1,2020-04-30,,,,,,,,,,,8,002,익산,8,76,익산(전북특별자치도 농업기술원),남평벼
59,00122020002187,001,2020,0351,R32015,1,2020-04-20,,,,,,,,,,,8,002,안동,8,76,안동(경상북도 농업기술원),새추청
60,00122020002128,001,2020,0343,R32016,1,2020-04-30,,,,,,,,,,,8,002,계화,8,76,계화(국립식량과학원),신동진
61,00122020002170,001,2020,0326,R32016,1,2020-04-30,,,,,,,,,,,8,002,익산,8,76,익산(전북특별자치도 농업기술원),신동진
62,00122020002131,001,2020,0343,R32068,1,2020-04-30,,,,,,,,,,,8,002,계화,8,76,계화(국립식량과학원),동진1호
63,00122020002146,001,2020,0332,R32082,1,2020-04-20,,,,,,,,,,,8,002,화성,8,76,화성(경기도 경기도농업기술원),삼광
64,00122020002151,001,2020,0333,R32082,1,2020-04-25,,,,,,,,,,,8,002,춘천,8,76,춘천(강원특별자치도 농업기술원),삼광
65,00122020002159,001,2020,2325,R32082,1,2020-04-25,,,,,,,,,,,8,002,청원,8,76,청원(충청북도 농업기술원),삼광
66,00122020002164,001,2020,0350,R32082,1,2020-04-25,,,,,,,,,,,8,002,예산,8,76,예산(충청남도 농업기술원),삼광
67,00122020002168,001,2020,0350,R32084,1,2020-04-25,,,,,,,,,,,8,002,예산,8,76,예산(충청남도 농업기술원),새누리
68,00122020002173,001,2020,0326,R32084,1,2020-04-30,,,,,,,,,,,8,002,익산,8,76,익산(전북특별자치도 농업기술원),새누리
69,00122020002129,001,2020,0343,R32088,1,2020-04-30,,,,,,,,,,,8,002,계화,8,76,계화(국립식량과학원),청호
70,00122020002165,001,2020,0350,R32091,1,2020-04-25,,,,,,,,,,,8,002,예산,8,76,예산(충청남도 농업기술원),호품
71,00122020002172,001,2020,0326,R32091,1,2020-04-30,,,,,,,,,,,8,002,익산,8,76,익산(전북특별자치도 농업기술원),호품
72,00122020002167,001,2020,0350,R32093,1,2020-04-25,,,,,,,,,,,8,002,예산,8,76,예산(충청남도 농업기술원),새일미
73,00122020002189,001,2020,0351,R32093,1,2020-04-20,,,,,,,,,,,8,002,안동,8,76,안동(경상북도 농업기술원),새일미
74,00122020002147,001,2020,0332,R33009,1,2020-04-20,,,,,,,,,,,8,002,화성,8,76,화성(경기도 경기도농업기술원),추청
75,00122020002156,001,2020,2325,R33009,1,2020-04-25,,,,,,,,,,,8,002,청원,8,76,청원(충청북도 농업기술원),추청
76,00122020002166,001,2020,0350,R33009,1,2020-04-25,,,,,,,,,,,8,002,예산,8,76,예산(충청남도 농업기술원),추청
1,00122021002365,001,2021,0352,R32006,1,2021-05-10,23.8,94.8,28246,0,0,32.1,74.2,17.5,4.7,8,8,002,나주,3,76,나주(전라남도 농업기술원),일미벼
2,00122021002366,001,2021,0352,R32016,1,2021-05-10,23.8,85.8,22944,0,0,28.8,65.8,16.6,6.8,8,8,002,나주,3,76,나주(전라남도 농업기술원),신동진
3,00122021002368,001,2021,0352,R32081,1,2021-05-10,23.8,91.2,28250,0,0,39.7,80.6,20.6,5.7,8,8,002,나주,3,76,나주(전라남도 농업기술원),미품
4,00122021002369,001,2021,0352,R32092,1,2021-05-10,23.8,89.6,24489,0,0,31.7,64.8,17.1,4.9,8,8,002,나주,3,76,나주(전라남도 농업기술원),현품
5,00122021002370,001,2021,0352,R32093,1,2021-05-10,23.8,92.6,27046,0,0,35,77.8,18,7,8,8,002,나주,3,76,나주(전라남도 농업기술원),새일미
6,00122021002367,001,2021,0352,R46054,1,2021-05-10,23.8,93.3,26380,0,0,38.2,73.3,18.2,4.8,8,8,002,나주,3,76,나주(전라남도 농업기술원),새청무
7,00122021002371,001,2021,0340,R22009,1,2021-04-30,23.8,92.2,33434,0,0,35.1,88.7,21.1,11.2,8,8,002,대구,4,76,대구(경상북도 농업기술원),화영벼
8,00122021002373,001,2021,0340,R22083,1,2021-04-30,23.8,83.5,36817,0,0,35.7,83.4,20.1,9.2,8,8,002,대구,4,76,대구(경상북도 농업기술원),삼덕
9,00122021002372,001,2021,0340,R32001,1,2021-04-30,23.8,89.2,32407,0,0,37.7,86,20.7,12.7,8,8,002,대구,4,76,대구(경상북도 농업기술원),일품벼
10,00122021002374,001,2021,0340,R32082,1,2021-04-30,23.8,89.5,31802,0,0,38,87.7,22.7,7,8,8,002,대구,4,76,대구(경상북도 농업기술원),삼광
11,00122021002375,001,2021,0340,R32093,1,2021-04-30,23.8,86.5,34325,0,0,36,80.3,20.7,7.7,8,8,002,대구,4,76,대구(경상북도 농업기술원),새일미
12,00122021002383,001,2021,0335,R32008,1,2021-05-10,23.8,89,32128,0,0,36,70.7,21.2,4.1,8,8,002,진주,6,76,진주(경상남도 농업기술원),동안벼
13,00122021002384,001,2021,0335,R32068,1,2021-05-10,23.8,84.4,32985,0,0,33,69.4,18.4,3,8,8,002,진주,6,76,진주(경상남도 농업기술원),동진1호
14,00122021002382,001,2021,0335,R32093,1,2021-05-10,23.8,96.1,36620,0,0,36.6,77.7,18.2,4.5,8,8,002,진주,6,76,진주(경상남도 농업기술원),새일미
15,00122021002381,001,2021,0335,R46055,1,2021-05-10,23.8,95.9,34703,0,0,30.7,66.2,18.5,2.6,8,8,002,진주,6,76,진주(경상남도 농업기술원),해품
16,00122021002385,001,2021,0335,R46056,1,2021-05-10,23.8,94.6,30355,0,0,38.8,77.3,18.6,3.9,8,8,002,진주,6,76,진주(경상남도 농업기술원),영호진미
17,00122021002315,001,2021,0331,R12004,1,2021-04-20,27.8,96.3,35535,0,0,21.4,65.8,13.7,2.8,8,8,002,철원,8,76,철원(국립식량과학원),진부벼
18,00122021002324,001,2021,0330,R12004,1,2021-04-20,27.8,97,35289,0,0,17.8,54.6,12.5,0.2,8,8,002,운봉,8,76,운봉(국립식량과학원),진부벼
19,00122021002387,001,2021,0336,R12004,1,2021-04-20,27.8,95.8,35734,0,0,26.3,69.5,17.2,4.7,8,8,002,진부,8,76,진부(국립식량과학원),진부벼
20,00122021002328,001,2021,0329,R12005,1,2021-04-25,27.8,94.7,43282.867036481686,0,0,20.9,53.1,15.9,3.3,8,8,002,상주,8,76,상주(국립식량과학원),상주벼
21,00122021002353,001,2021,0337,R12005,1,2021-04-20,27.8,91.9,38403,0,0,20.2,58.4,19.6,2.2,8,8,002,제천,8,76,제천(충청북도 농업기술원),상주벼
22,00122021002352,001,2021,0337,R12016,1,2021-04-20,27.8,93.1,39356,0,0,27.1,58.6,18.3,2.7,8,8,002,제천,8,76,제천(충청북도 농업기술원),상미
23,00122021002325,001,2021,0330,R12019,1,2021-04-20,27.8,94.3,40255,0,0,17.2,43.6,13,0.4,8,8,002,운봉,8,76,운봉(국립식량과학원),삼천벼
24,00122021002316,001,2021,0331,R12072,1,2021-04-20,27.8,96.1,38464,0,0,20.8,71.2,17.6,3.9,8,8,002,철원,8,76,철원(국립식량과학원),태봉
25,00122021002317,001,2021,0331,R12079,1,2021-04-20,27.8,91.5,44531,0,0,20.4,62.4,21.5,5.1,8,8,002,철원,8,76,철원(국립식량과학원),운광
26,00122021002326,001,2021,0330,R12079,1,2021-04-20,27.8,94.1,50432,0,0,23.3,56.1,17.3,0.5,8,8,002,운봉,8,76,운봉(국립식량과학원),운광
27,00122021002329,001,2021,0329,R12079,1,2021-04-25,27.8,94.6,50545.3099372565,0,0,25.2,67.9,22.7,3.7,8,8,002,상주,8,76,상주(국립식량과학원),운광
28,00122021002340,001,2021,0333,R12079,1,2021-04-25,22,87.9,26708,0,0,28.3,115.7,23.4,3,8,8,002,춘천,8,76,춘천(강원특별자치도 농업기술원),운광
29,00122021002345,001,2021,0344,R12079,1,2021-04-20,21.2,85.2,33000,0,0,31.1,120.6,27.6,4.9,8,8,002,강릉,8,76,강릉(강원특별자치도 농업기술원),운광
30,00122021002354,001,2021,0337,R12079,1,2021-04-20,27.8,89.9,40037,0,0,24.1,54.4,19.2,2.1,8,8,002,제천,8,76,제천(충청북도 농업기술원),운광
31,00122021002377,001,2021,0351,R12079,1,2021-04-20,23.8,86.4,33820,0,0,19.7,60.2,17.7,1,8,8,002,안동,8,76,안동(경상북도 농업기술원),운광
32,00122021002318,001,2021,0331,R12080,1,2021-04-20,27.8,95.3,31360,0,0,19.5,62.2,12.6,3.2,8,8,002,철원,8,76,철원(국립식량과학원),조운
33,00122021002330,001,2021,0329,R12085,1,2021-04-25,27.8,95.1,42054.39971862707,0,0,25.3,62.5,18.4,5.1,8,8,002,상주,8,76,상주(국립식량과학원),설레미
34,00122021002346,001,2021,0344,R12086,1,2021-04-20,21,91.4,27964,0,0,29.5,108.8,25.2,2.8,8,8,002,강릉,8,76,강릉(강원특별자치도 농업기술원),오대1호
35,00122021002389,001,2021,0336,R12092,1,2021-04-20,27.8,93,38937,0,0,21,57.4,17.2,4.3,8,8,002,진부,8,76,진부(국립식량과학원),한설
36,00122021002344,001,2021,0344,R12093,1,2021-04-20,21.1,91.4,28416,0,0,24.5,71.9,18.8,1.2,8,8,002,강릉,8,76,강릉(강원특별자치도 농업기술원),오륜
37,00122021002314,001,2021,0331,R13002,1,2021-04-20,27.8,92.1,34198,0,0,21.8,56.8,15.5,5.1,8,8,002,철원,8,76,철원(국립식량과학원),오대벼
38,00122021002323,001,2021,0330,R13002,1,2021-04-20,27.8,97.1,37966,0,0,20.9,52.4,15,0.2,8,8,002,운봉,8,76,운봉(국립식량과학원),오대벼
39,00122021002327,001,2021,0329,R13002,1,2021-04-25,27.8,96.3,36749.55377017216,0,0,24.9,64.3,15.9,3.1,8,8,002,상주,8,76,상주(국립식량과학원),오대벼
40,00122021002335,001,2021,0332,R13002,1,2021-04-20,23.8,96,30690,0,0,24.5,66.6,27.4,1.2,8,8,002,화성,8,76,화성(경기도 경기도농업기술원),오대벼
41,00122021002339,001,2021,0333,R13002,1,2021-04-25,22.8,95.6,18142,0,0,27.3,94.2,18.1,2.4,8,8,002,춘천,8,76,춘천(강원특별자치도 농업기술원),오대벼
42,00122021002343,001,2021,0344,R13002,1,2021-04-20,21,90.3,23893,0,0,27.2,93.9,21.4,1.9,8,8,002,강릉,8,76,강릉(강원특별자치도 농업기술원),오대벼
43,00122021002351,001,2021,0337,R13002,1,2021-04-20,27.8,93.3,34584,0,0,21.9,54,20,1.5,8,8,002,제천,8,76,제천(충청북도 농업기술원),오대벼
44,00122021002376,001,2021,0351,R13002,1,2021-04-20,23.8,91.6,23550,0,0,20.7,57.2,14.4,1.4,8,8,002,안동,8,76,안동(경상북도 농업기술원),오대벼
45,00122021002386,001,2021,0336,R13002,1,2021-04-20,27.8,91.6,32060,0,0,21.7,60.7,16.8,5.1,8,8,002,진부,8,76,진부(국립식량과학원),오대벼
46,00122021002388,001,2021,0336,R13003,1,2021-04-20,27.8,91.2,37283,0,0,23.1,52.5,19.7,3.5,8,8,002,진부,8,76,진부(국립식량과학원),진부올벼
47,00122021002332,001,2021,0338,R22009,1,2021-04-20,23.8,91.4,29948.935632,0,0,10.08,28.61,6.03,0,8,8,002,영덕,8,76,영덕(국립식량과학원),화영벼
48,00122021002333,001,2021,0338,R22083,1,2021-04-20,23.8,89.1,31729.814424,0,0,10.36,30.61,6.54,0,8,8,002,영덕,8,76,영덕(국립식량과학원),삼덕
49,00122021002331,001,2021,0338,R23004,1,2021-04-20,23.8,88.8,28176.382079999995,0,0,10.94,33.75,6.48,0,8,8,002,영덕,8,76,영덕(국립식량과학원),화성벼
50,00122021002349,001,2021,2325,R32001,1,2021-04-25,23.8,94.8,34542,0,0,29.3,79.6,17.4,5.4,8,8,002,청원,8,76,청원(충청북도 농업기술원),일품벼
51,00122021002379,001,2021,0351,R32001,1,2021-04-20,23.8,90.4,36579,0,0,34.4,76.7,19.1,8.4,8,8,002,안동,8,76,안동(경상북도 농업기술원),일품벼
52,00122021002336,001,2021,0332,R32003,1,2021-04-20,23.8,93.1,31509,0,0,37.5,107,20.5,3.7,8,8,002,화성,8,76,화성(경기도 경기도농업기술원),대안벼
53,00122021002341,001,2021,0333,R32003,1,2021-04-25,22.6,92,20645,0,0,36.7,115.2,18,8,8,8,002,춘천,8,76,춘천(강원특별자치도 농업기술원),대안벼
54,00122021002348,001,2021,2325,R32003,1,2021-04-25,23.8,95.2,31647,0,0,31.7,74.5,18.2,2.1,8,8,002,청원,8,76,청원(충청북도 농업기술원),대안벼
55,00122021002321,001,2021,0343,R32011,1,2021-04-30,23.8,91.3,36096,0,0,33.2,79.1,16.4,1.5,8,8,002,계화,8,76,계화(국립식량과학원),남평벼
56,00122021002334,001,2021,0338,R32011,1,2021-04-20,23.8,86.2,33393.447276000006,0,0,12.34,33.42,7.08,0,8,8,002,영덕,8,76,영덕(국립식량과학원),남평벼
57,00122021002362,001,2021,0326,R32011,1,2021-04-30,23.8,91.1,30617,0,0,32.2,66.9,13.1,2.59,8,8,002,익산,8,76,익산(전북특별자치도 농업기술원),남평벼
58,00122021002378,001,2021,0351,R32015,1,2021-04-20,23.8,89.6,36685,0,0,29.9,90.3,20.6,7.2,8,8,002,안동,8,76,안동(경상북도 농업기술원),새추청
59,00122021002319,001,2021,0343,R32016,1,2021-04-30,23.8,92.1,29963,0,0,37.2,85.9,18,1.6,8,8,002,계화,8,76,계화(국립식량과학원),신동진
60,00122021002361,001,2021,0326,R32016,1,2021-04-30,23.8,91.3,28948,0,0,33.5,69.4,16,2.77,8,8,002,익산,8,76,익산(전북특별자치도 농업기술원),신동진
61,00122021002322,001,2021,0343,R32068,1,2021-04-30,23.8,90.3,32727,0,0,31.2,74.5,18.6,0.9,8,8,002,계화,8,76,계화(국립식량과학원),동진1호
62,00122021002337,001,2021,0332,R32082,1,2021-04-20,23.8,94.7,38898,0,0,35.7,107.7,24.2,2.8,8,8,002,화성,8,76,화성(경기도 경기도농업기술원),삼광
63,00122021002342,001,2021,0333,R32082,1,2021-04-25,22.5,95.7,19808,0,0,32.9,108.1,20.5,4.1,8,8,002,춘천,8,76,춘천(강원특별자치도 농업기술원),삼광
64,00122021002350,001,2021,2325,R32082,1,2021-04-25,23.8,97.1,41997,0,0,30.1,82.6,19.2,1.4,8,8,002,청원,8,76,청원(충청북도 농업기술원),삼광
65,00122021002355,001,2021,0350,R32082,1,2021-04-25,23.8,95.9,30927.167857348024,0,0,42.8475,83.6,20.1,2.18925,8,8,002,예산,8,76,예산(충청남도 농업기술원),삼광
66,00122021002359,001,2021,0350,R32084,1,2021-04-25,23.8,86.4,31584.68167512649,0,0,41.28625,75.114,24.7,2.961,8,8,002,예산,8,76,예산(충청남도 농업기술원),새누리
67,00122021002364,001,2021,0326,R32084,1,2021-04-30,23.8,90.7,29733,0,0,32.3,64.3,14.5,2.41,8,8,002,익산,8,76,익산(전북특별자치도 농업기술원),새누리
68,00122021002320,001,2021,0343,R32088,1,2021-04-30,23.8,89.1,35799,0,0,33.1,69.2,17,1.8,8,8,002,계화,8,76,계화(국립식량과학원),청호
69,00122021002356,001,2021,0350,R32091,1,2021-04-25,23.8,94.24033099900484,35570.6532516444,0,0,38.3875,83.43,22.9,2.89125,8,8,002,예산,8,76,예산(충청남도 농업기술원),호품
70,00122021002363,001,2021,0326,R32091,1,2021-04-30,23.8,92.5,30825,0,0,31.5,64.4,13.1,2.26,8,8,002,익산,8,76,익산(전북특별자치도 농업기술원),호품
71,00122021002358,001,2021,0350,R32093,1,2021-04-25,23.8,95.42425678751552,33691.72861673847,0,0,40.35,82.8,22.4,2.74725,8,8,002,예산,8,76,예산(충청남도 농업기술원),새일미
72,00122021002380,001,2021,0351,R32093,1,2021-04-20,23.8,88.3,34533,0,0,31.3,82.7,17.5,5.9,8,8,002,안동,8,76,안동(경상북도 농업기술원),새일미
73,00122021002338,001,2021,0332,R33009,1,2021-04-20,23.8,93.7,37100,0,0,38.4,122.7,26.6,3.3,8,8,002,화성,8,76,화성(경기도 경기도농업기술원),추청
74,00122021002347,001,2021,2325,R33009,1,2021-04-25,23.8,96,32927,0,0,29,78.9,19.5,2.3,8,8,002,청원,8,76,청원(충청북도 농업기술원),추청
75,00122021002357,001,2021,0350,R33009,1,2021-04-25,23.8,94.70669025881673,31006.213368592463,0,0,38.405,83.9,26.9,4.014,8,8,002,예산,8,76,예산(충청남도 농업기술원),추청
76,00122021002360,001,2021,0326,R46058,1,2021-04-30,23.8,92.6,30959,0,0,30.5,66.7,13.9,2.47,8,8,002,익산,8,76,익산(전북특별자치도 농업기술원),예찬
1,00122022002465,001,2022,0352,R32006,1,92.1,23.8,92.1,34691,0,0,,,17.5,4.1,8,8,002,나주,3,76,나주(전라남도 농업기술원),일미벼
2,00122022002466,001,2022,0352,R32016,1,84.3,23.8,84.3,35009,0,0,,,21,7,8,8,002,나주,3,76,나주(전라남도 농업기술원),신동진
3,00122022002468,001,2022,0352,R32081,1,87.8,23.8,87.8,38546,0,0,,,21,5.1,8,8,002,나주,3,76,나주(전라남도 농업기술원),미품
4,00122022002469,001,2022,0352,R32092,1,85.3,23.8,85.3,32326,0,0,,,19.5,6.7,8,8,002,나주,3,76,나주(전라남도 농업기술원),현품
5,00122022002470,001,2022,0352,R32093,1,93.6,23.8,93.6,35761,0,0,,,19.1,5,8,8,002,나주,3,76,나주(전라남도 농업기술원),새일미
6,00122022002467,001,2022,0352,R46054,1,89.3,23.8,89.3,36896,0,0,,,19.4,4.2,8,8,002,나주,3,76,나주(전라남도 농업기술원),새청무
7,00122022002471,001,2022,0340,R22009,1,94.3,23.8,94.3,38077.39,0,0,,,20.55,2.77,8,8,002,대구,4,76,대구(경상북도 농업기술원),화영벼
8,00122022002473,001,2022,0340,R22083,1,92.9,23.8,92.9,37569.69,0,0,,,17.37,2.57,8,8,002,대구,4,76,대구(경상북도 농업기술원),삼덕
9,00122022002472,001,2022,0340,R32001,1,94,23.8,94,40770.62,0,0,,,22.2,4.26,8,8,002,대구,4,76,대구(경상북도 농업기술원),일품벼
10,00122022002474,001,2022,0340,R32082,1,94.7,23.8,94.7,45979.7,0,0,,,22.65,4.14,8,8,002,대구,4,76,대구(경상북도 농업기술원),삼광
11,00122022002475,001,2022,0340,R32093,1,95.7,23.8,95.7,42164.46,0,0,,,17.79,4.35,8,8,002,대구,4,76,대구(경상북도 농업기술원),새일미
12,00122022002483,001,2022,0335,R32008,1,94.31873203980193,23.8,94.31873203980193,27866.210004646374,0,0,,,16.97319275684365,3.1896742470805166,8,8,002,진주,6,76,진주(경상남도 농업기술원),동안벼
13,00122022002484,001,2022,0335,R32068,1,88.67798982266305,23.8,88.67798982266305,34692.993361577464,0,0,,,23.658455864970925,2.205285802089736,8,8,002,진주,6,76,진주(경상남도 농업기술원),동진1호
14,00122022002482,001,2022,0335,R32093,1,95.25814402653185,23.8,95.25814402653185,30869.430359753132,0,0,,,16.984539738073852,3.8992009834050405,8,8,002,진주,6,76,진주(경상남도 농업기술원),새일미
15,00122022002481,001,2022,0335,R46055,1,95.1427868684164,23.8,95.1427868684164,30101.401766478735,0,0,,,18.19299323909035,3.0426551936078674,8,8,002,진주,6,76,진주(경상남도 농업기술원),해품
16,00122022002485,001,2022,0335,R46056,1,94.2727237674377,23.8,94.2727237674377,28890.323993969177,0,0,,,15.961155500921943,2.5632452366318374,8,8,002,진주,6,76,진주(경상남도 농업기술원),영호진미
17,00122022002415,001,2022,0331,R12004,1,96.56,27.8,96.56,33901.4,0,0,,,15.3,4.46,8,8,002,철원,8,76,철원(국립식량과학원),진부벼
18,00122022002424,001,2022,0330,R12004,1,96.4,27.8,96.4,34074,0,0,,,11.6,0.3,8,8,002,운봉,8,76,운봉(국립식량과학원),진부벼
19,00122022002487,001,2022,0336,R12004,1,87.51398178541329,27.8,87.51398178541329,35157.94483267797,0,0,,,16.48333333333333,6.033333333333334,8,8,002,진부,8,76,진부(국립식량과학원),진부벼
20,00122022002428,001,2022,0329,R12005,1,90.69756506500046,27.8,90.69756506500046,39588.584054267645,0,0,,,17.753179594689026,1.3706498951781966,8,8,002,상주,8,76,상주(국립식량과학원),상주벼
21,00122022002453,001,2022,0337,R12005,1,91.2,27.8,91.2,41718,0,0,,,18.5,2.4,8,8,002,제천,8,76,제천(충청북도 농업기술원),상주벼
22,00122022002452,001,2022,0337,R12016,1,81.9,27.8,81.9,37799,0,0,,,17.1,2.8,8,8,002,제천,8,76,제천(충청북도 농업기술원),상미
23,00122022002425,001,2022,0330,R12019,1,91.7,27.8,91.7,38134,0,0,,,15.5,0.8,8,8,002,운봉,8,76,운봉(국립식량과학원),삼천벼
24,00122022002416,001,2022,0331,R12072,1,96.26,27.8,96.26,36531.1,0,0,,,19.49,4.56,8,8,002,철원,8,76,철원(국립식량과학원),태봉
25,00122022002417,001,2022,0331,R12079,1,90.04,27.8,90.04,38923.7,0,0,,,24.75,4.84,8,8,002,철원,8,76,철원(국립식량과학원),운광
26,00122022002426,001,2022,0330,R12079,1,91.2,27.8,91.2,40777,0,0,,,15.9,0.8,8,8,002,운봉,8,76,운봉(국립식량과학원),운광
27,00122022002429,001,2022,0329,R12079,1,94.74596612881717,27.8,94.74596612881717,41434.53731564553,0,0,,,18.98962962962963,1.3423703703703702,8,8,002,상주,8,76,상주(국립식량과학원),운광
28,00122022002440,001,2022,0333,R12079,1,93.3,22,93.3,29454,0,0,,,18.5,2.9,8,8,002,춘천,8,76,춘천(강원특별자치도 농업기술원),운광
29,00122022002445,001,2022,0344,R12079,1,88,21.2,88,33913,0,0,,,25.4,4.7,8,8,002,강릉,8,76,강릉(강원특별자치도 농업기술원),운광
30,00122022002454,001,2022,0337,R12079,1,92.8,27.8,92.8,40662,0,0,,,19.8,2.6,8,8,002,제천,8,76,제천(충청북도 농업기술원),운광
31,00122022002477,001,2022,0351,R12079,1,92,23.8,92,36361,0,0,,,14.7,1.3,8,8,002,안동,8,76,안동(경상북도 농업기술원),운광
32,00122022002418,001,2022,0331,R12080,1,90.1,27.8,90.1,30153,0,0,,,18.04,4.97,8,8,002,철원,8,76,철원(국립식량과학원),조운
33,00122022002430,001,2022,0329,R12085,1,95.26295585412667,27.8,95.26295585412667,43455.64764249367,0,0,,,18.27512820512821,2.293076923076923,8,8,002,상주,8,76,상주(국립식량과학원),설레미
34,00122022002446,001,2022,0344,R12086,1,90.7,21,90.7,34539,0,0,,,18,2.3,8,8,002,강릉,8,76,강릉(강원특별자치도 농업기술원),오대1호
35,00122022002489,001,2022,0336,R12092,1,79.90377920425982,27.8,79.90377920425982,37372.560096625646,0,0,,,17.696666666666665,4.993333333333333,8,8,002,진부,8,76,진부(국립식량과학원),한설
36,00122022002444,001,2022,0344,R12093,1,90.3,21.1,90.3,32028,0,0,,,13.5,6.2,8,8,002,강릉,8,76,강릉(강원특별자치도 농업기술원),오륜
37,00122022002414,001,2022,0331,R13002,1,90.07,27.8,90.07,30303.1,0,0,,,17.55,6.48,8,8,002,철원,8,76,철원(국립식량과학원),오대벼
38,00122022002423,001,2022,0330,R13002,1,93.2,27.8,93.2,36978,0,0,,,14,0.9,8,8,002,운봉,8,76,운봉(국립식량과학원),오대벼
39,00122022002427,001,2022,0329,R13002,1,92.67595240291486,27.8,92.67595240291486,31239.15480029,0,0,,,16.293888888888887,1.3773611111111112,8,8,002,상주,8,76,상주(국립식량과학원),오대벼
40,00122022002435,001,2022,0332,R13002,1,92.2,23.8,92.2,34154,0,0,,,31.4,6.2,8,8,002,화성,8,76,화성(경기도 경기도농업기술원),오대벼
41,00122022002439,001,2022,0333,R13002,1,93.6,22.8,93.6,19570,0,0,,,12.2,2.2,8,8,002,춘천,8,76,춘천(강원특별자치도 농업기술원),오대벼
42,00122022002443,001,2022,0344,R13002,1,90,21,90,25047,0,0,,,17.6,2.7,8,8,002,강릉,8,76,강릉(강원특별자치도 농업기술원),오대벼
43,00122022002451,001,2022,0337,R13002,1,93.7,27.8,93.7,31034,0,0,,,18,2.9,8,8,002,제천,8,76,제천(충청북도 농업기술원),오대벼
44,00122022002476,001,2022,0351,R13002,1,91.5,23.8,91.5,30573,0,0,,,12.3,1.3,8,8,002,안동,8,76,안동(경상북도 농업기술원),오대벼
45,00122022002486,001,2022,0336,R13002,1,88.34261403075273,27.8,88.34261403075273,36972.581505082424,0,0,,,15.410000000000002,4.75,8,8,002,진부,8,76,진부(국립식량과학원),오대벼
46,00122022002488,001,2022,0336,R13003,1,91.09858639817196,27.8,91.09858639817196,27435.85760358279,0,0,,,15.963333333333333,2.3833333333333333,8,8,002,진부,8,76,진부(국립식량과학원),진부올벼
47,00122022002432,001,2022,0338,R22009,1,90.9,23.8,90.9,30764.697768000005,0,0,,,5.4,0,8,8,002,영덕,8,76,영덕(국립식량과학원),화영벼
48,00122022002433,001,2022,0338,R22083,1,95.2,23.8,95.2,26742.991855999997,0,0,,,4.6,0,8,8,002,영덕,8,76,영덕(국립식량과학원),삼덕
49,00122022002431,001,2022,0338,R23004,1,91.4,23.8,91.4,26876.513664000002,0,0,,,4.5,0,8,8,002,영덕,8,76,영덕(국립식량과학원),화성벼
50,00122022002449,001,2022,2325,R32001,1,97,23.8,97,37134,0,0,,,20.9,0.7,8,8,002,청원,8,76,청원(충청북도 농업기술원),일품벼
51,00122022002479,001,2022,0351,R32001,1,91.4,23.8,91.4,31271,0,0,,,16.3,7,8,8,002,안동,8,76,안동(경상북도 농업기술원),일품벼
52,00122022002436,001,2022,0332,R32003,1,91.7,23.8,91.7,32430,0,0,,,13.7,9.9,8,8,002,화성,8,76,화성(경기도 경기도농업기술원),대안벼
53,00122022002441,001,2022,0333,R32003,1,94.6,22.6,94.6,21029,0,0,,,19.6,4.3,8,8,002,춘천,8,76,춘천(강원특별자치도 농업기술원),대안벼
54,00122022002448,001,2022,2325,R32003,1,97.9,23.8,97.9,36500,0,0,,,17,4,8,8,002,청원,8,76,청원(충청북도 농업기술원),대안벼
55,00122022002421,001,2022,0343,R32011,1,87.6,23.8,87.6,27256,0,0,,,15.3,1.6,8,8,002,계화,8,76,계화(국립식량과학원),남평벼
56,00122022002434,001,2022,0338,R32011,1,89,23.8,89,27597.60416,0,0,,,4.7,0,8,8,002,영덕,8,76,영덕(국립식량과학원),남평벼
57,00122022002462,001,2022,0326,R32011,1,89.1,23.8,89.1,30323,0,0,,,13.3,2.74,8,8,002,익산,8,76,익산(전북특별자치도 농업기술원),남평벼
58,00122022002478,001,2022,0351,R32015,1,93.1,23.8,93.1,32803,0,0,,,13,5.3,8,8,002,안동,8,76,안동(경상북도 농업기술원),새추청
59,00122022002419,001,2022,0343,R32016,1,88.4,23.8,88.4,27404,0,0,,,13.8,1.1,8,8,002,계화,8,76,계화(국립식량과학원),신동진
60,00122022002461,001,2022,0326,R32016,1,90.1,23.8,90.1,29231,0,0,,,16.2,2.56,8,8,002,익산,8,76,익산(전북특별자치도 농업기술원),신동진
61,00122022002422,001,2022,0343,R32068,1,89.7,23.8,89.7,31793,0,0,,,12,0.9,8,8,002,계화,8,76,계화(국립식량과학원),동진1호
62,00122022002437,001,2022,0332,R32082,1,94.4,23.8,94.4,44496,0,0,,,26.3,9.9,8,8,002,화성,8,76,화성(경기도 경기도농업기술원),삼광
63,00122022002442,001,2022,0333,R32082,1,93.4,22.5,93.4,27532,0,0,,,20.8,6,8,8,002,춘천,8,76,춘천(강원특별자치도 농업기술원),삼광
64,00122022002450,001,2022,2325,R32082,1,98.2,23.8,98.2,41803,0,0,,,19.8,6.8,8,8,002,청원,8,76,청원(충청북도 농업기술원),삼광
65,00122022002455,001,2022,0350,R32082,1,97.1,23.8,97.1,32556,0,0,,,18.3,4.5,8,8,002,예산,8,76,예산(충청남도 농업기술원),삼광
66,00122022002459,001,2022,0350,R32084,1,96.1,23.8,96.1,25868,0,0,,,15.9,4.8,8,8,002,예산,8,76,예산(충청남도 농업기술원),새누리
67,00122022002464,001,2022,0326,R32084,1,89.9,23.8,89.9,29921,0,0,,,14.6,2.31,8,8,002,익산,8,76,익산(전북특별자치도 농업기술원),새누리
68,00122022002420,001,2022,0343,R32088,1,88.3,23.8,88.3,28138,0,0,,,16.2,1.6,8,8,002,계화,8,76,계화(국립식량과학원),청호
69,00122022002456,001,2022,0350,R32091,1,96,23.8,96,30348,0,0,,,15.9,4.2,8,8,002,예산,8,76,예산(충청남도 농업기술원),호품
70,00122022002463,001,2022,0326,R32091,1,90.1,23.8,90.1,30709,0,0,,,13.2,1.99,8,8,002,익산,8,76,익산(전북특별자치도 농업기술원),호품
71,00122022002458,001,2022,0350,R32093,1,97,23.8,97,27440,0,0,,,16.2,3.6,8,8,002,예산,8,76,예산(충청남도 농업기술원),새일미
72,00122022002480,001,2022,0351,R32093,1,95.6,23.8,95.6,31102,0,0,,,12.3,4,8,8,002,안동,8,76,안동(경상북도 농업기술원),새일미
73,00122022002438,001,2022,0332,R33009,1,96.1,23.8,96.1,39421,0,0,,,24.5,9.8,8,8,002,화성,8,76,화성(경기도 경기도농업기술원),추청
74,00122022002447,001,2022,2325,R33009,1,98.5,23.8,98.5,34231,0,0,,,17.3,2.5,8,8,002,청원,8,76,청원(충청북도 농업기술원),추청
75,00122022002457,001,2022,0350,R33009,1,95.8,23.8,95.8,28732,0,0,,,17.1,4.8,8,8,002,예산,8,76,예산(충청남도 농업기술원),추청
76,00122022002460,001,2022,0326,R46058,1,90.8,23.8,90.8,31185,0,0,,,14,2.31,8,8,002,익산,8,76,익산(전북특별자치도 농업기술원),예찬
1,00122023002559,001,2023,0352,R32006,1,91.8,23.8,91.8,38613,0,0,,,21.3,3.5,8,8,002,나주,3,76,나주(전라남도 농업기술원),일미벼
2,00122023002560,001,2023,0352,R32016,1,79.3,23.8,79.3,36639,0,0,,,20.7,5.3,8,8,002,나주,3,76,나주(전라남도 농업기술원),신동진
3,00122023002562,001,2023,0352,R32081,1,87.5,23.8,87.5,34568,0,0,,,24.8,3.4,8,8,002,나주,3,76,나주(전라남도 농업기술원),미품
4,00122023002563,001,2023,0352,R32092,1,87.6,23.8,87.6,37628,0,0,,,22.8,4,8,8,002,나주,3,76,나주(전라남도 농업기술원),현품
5,00122023002564,001,2023,0352,R32093,1,92.7,23.8,92.7,40118,0,0,,,21.7,4.1,8,8,002,나주,3,76,나주(전라남도 농업기술원),새일미
6,00122023002561,001,2023,0352,R46054,1,95.5,23.8,95.5,31672,0,0,,,22.4,4,8,8,002,나주,3,76,나주(전라남도 농업기술원),새청무
7,00122023002565,001,2023,0340,R22009,1,96.9,23.8,96.9,28853.9,0,0,,,15.54,1.3,8,8,002,대구,4,76,대구(경상북도 농업기술원),화영벼
8,00122023002567,001,2023,0340,R22083,1,96.1,23.8,96.1,34873.7,0,0,,,17.83,1.6,8,8,002,대구,4,76,대구(경상북도 농업기술원),삼덕
9,00122023002566,001,2023,0340,R32001,1,97.6,23.8,97.6,35898.25,0,0,,,20.46,1.38,8,8,002,대구,4,76,대구(경상북도 농업기술원),일품벼
10,00122023002568,001,2023,0340,R32082,1,97,23.8,97,33465.97,0,0,,,18.05,2.83,8,8,002,대구,4,76,대구(경상북도 농업기술원),삼광
11,00122023002569,001,2023,0340,R32093,1,97.1,23.8,97.1,36041.57,0,0,,,17.14,2.18,8,8,002,대구,4,76,대구(경상북도 농업기술원),새일미
12,00122023002577,001,2023,0335,R32008,1,95.27506974456776,23.8,95.27506974456776,37524.11797725459,0,0,,,22.433333333333333,0.7000000000000001,8,8,002,진주,6,76,진주(경상남도 농업기술원),동안벼
13,00122023002578,001,2023,0335,R32068,1,82.1216651960826,23.8,82.1216651960826,37350.4115211519,0,0,,,22,0.9666666666666667,8,8,002,진주,6,76,진주(경상남도 농업기술원),동진1호
14,00122023002576,001,2023,0335,R32093,1,97.49855282912865,23.8,97.49855282912865,37069.437278398865,0,0,,,20.333333333333332,0.3333333333333333,8,8,002,진주,6,76,진주(경상남도 농업기술원),새일미
15,00122023002575,001,2023,0335,R46055,1,96.4442696780418,23.8,96.4442696780418,37628.82484994436,0,0,,,19,0.8666666666666666,8,8,002,진주,6,76,진주(경상남도 농업기술원),해품
16,00122023002579,001,2023,0335,R46056,1,94.32701103665754,23.8,94.32701103665754,28616.048222864825,0,0,,,18.433333333333333,0.7000000000000001,8,8,002,진주,6,76,진주(경상남도 농업기술원),영호진미
17,00122023002514,001,2023,0343,R10123,1,89.9,23.8,89.9,32870,0,0,,,18.3,3,8,8,002,계화,8,76,계화(국립식량과학원),참동진
18,00122023002557,001,2023,0326,R10123,1,88,23.8,88,31133,0,0,,,16.2,2.9,8,8,002,익산,8,76,익산(전북특별자치도 농업기술원),참동진
19,00122023002509,001,2023,0331,R12004,1,95.1,27.8,95.1,38076.138,0,0,,,18.2,1.1,8,8,002,철원,8,76,철원(국립식량과학원),진부벼
20,00122023002518,001,2023,0330,R12004,1,97.8,27.8,97.8,27030,0,0,,,11.3,0.3,8,8,002,운봉,8,76,운봉(국립식량과학원),진부벼
21,00122023002581,001,2023,0336,R12004,1,96.64803184081334,27.8,96.64803184081334,31913.394887240654,0,0,,,13.586666666666666,4.453333333333333,8,8,002,진부,8,76,진부(국립식량과학원),진부벼
22,00122023002522,001,2023,0329,R12005,1,94.6305250873706,27.8,94.6305250873706,47327.859759184925,0,0,,,20.867368989735276,1.8687196110210697,8,8,002,상주,8,76,상주(국립식량과학원),상주벼
23,00122023002547,001,2023,0337,R12005,1,95.4,27.8,95.4,38849,0,0,,,17.6,2,8,8,002,제천,8,76,제천(충청북도 농업기술원),상주벼
24,00122023002546,001,2023,0337,R12016,1,95.6,27.8,95.6,37268,0,0,,,16.5,3.5,8,8,002,제천,8,76,제천(충청북도 농업기술원),상미
25,00122023002519,001,2023,0330,R12019,1,95.3,27.8,95.3,33797,0,0,,,15.2,0.5,8,8,002,운봉,8,76,운봉(국립식량과학원),삼천벼
26,00122023002510,001,2023,0331,R12072,1,93.6,27.8,93.6,45704.88,0,0,,,18.4,6,8,8,002,철원,8,76,철원(국립식량과학원),태봉
27,00122023002511,001,2023,0331,R12079,1,91.9,27.8,91.9,43587.251000000004,0,0,,,19.8,5.1,8,8,002,철원,8,76,철원(국립식량과학원),운광
28,00122023002520,001,2023,0330,R12079,1,89.6,27.8,89.6,49346,0,0,,,20.1,1,8,8,002,운봉,8,76,운봉(국립식량과학원),운광
29,00122023002523,001,2023,0329,R12079,1,95.07903370116314,27.8,95.07903370116314,60962.96308499851,0,0,,,23.14289617486339,2.281693989071038,8,8,002,상주,8,76,상주(국립식량과학원),운광
30,00122023002534,001,2023,0333,R12079,1,93.4,22.4,93.4,31335,0,0,,,18.2,2.4,8,8,002,춘천,8,76,춘천(강원특별자치도 농업기술원),운광
31,00122023002539,001,2023,0344,R12079,1,94.4,22.1,94.4,35984,0,0,,,21,2.5,8,8,002,강릉,8,76,강릉(강원특별자치도 농업기술원),운광
32,00122023002548,001,2023,0337,R12079,1,96.7,27.8,96.7,41142,0,0,,,17.4,2.4,8,8,002,제천,8,76,제천(충청북도 농업기술원),운광
33,00122023002571,001,2023,0351,R12079,1,91.1,23.8,91.1,36277.84,0,0,,,18.7,3.3,8,8,002,안동,8,76,안동(경상북도 농업기술원),운광
34,00122023002512,001,2023,0331,R12080,1,91.3,27.8,91.3,34956.031,0,0,,,13.2,4.4,8,8,002,철원,8,76,철원(국립식량과학원),조운
35,00122023002524,001,2023,0329,R12085,1,94.6758788864052,27.8,94.6758788864052,57220.50307010769,0,0,,,23.96998799519808,6.430972388955582,8,8,002,상주,8,76,상주(국립식량과학원),설레미
36,00122023002540,001,2023,0344,R12086,1,97,22.4,97,28175,0,0,,,16.4,2.4,8,8,002,강릉,8,76,강릉(강원특별자치도 농업기술원),오대1호
37,00122023002538,001,2023,0344,R12093,1,90.6,22.2,90.6,27965,0,0,,,15.7,3.3,8,8,002,강릉,8,76,강릉(강원특별자치도 농업기술원),오륜
38,00122023002551,001,2023,0350,R12122,1,97.9,23.8,97.9,33372,0,0,,,18.3,4.8,8,8,002,예산,8,76,예산(충청남도 농업기술원),친들
39,00122023002570,001,2023,0351,R12123,1,91,23.8,91,30222,0,0,,,11.7,3.3,8,8,002,안동,8,76,안동(경상북도 농업기술원),해담쌀
40,00122023002508,001,2023,0331,R13002,1,91.8,27.8,91.8,35794.656,0,0,,,14.4,6.2,8,8,002,철원,8,76,철원(국립식량과학원),오대벼
41,00122023002517,001,2023,0330,R13002,1,95,27.8,95,33078,0,0,,,21.7,1,8,8,002,운봉,8,76,운봉(국립식량과학원),오대벼
42,00122023002521,001,2023,0329,R13002,1,94.1835917594817,27.8,94.1835917594817,47170.83851728908,0,0,,,20.169638434868748,3.4133234274393262,8,8,002,상주,8,76,상주(국립식량과학원),오대벼
43,00122023002529,001,2023,0332,R13002,1,94.5,23.8,94.5,28806,0,0,,,30.1,1.1,8,8,002,화성,8,76,화성(경기도 경기도농업기술원),오대벼
44,00122023002533,001,2023,0333,R13002,1,96.9,22.2,96.9,26771,0,0,,,17.6,3.2,8,8,002,춘천,8,76,춘천(강원특별자치도 농업기술원),오대벼
45,00122023002537,001,2023,0344,R13002,1,96.3,22.4,96.3,25442,0,0,,,18.6,3.4,8,8,002,강릉,8,76,강릉(강원특별자치도 농업기술원),오대벼
46,00122023002545,001,2023,0337,R13002,1,95.7,27.8,95.7,29569,0,0,,,16.9,2,8,8,002,제천,8,76,제천(충청북도 농업기술원),오대벼
47,00122023002580,001,2023,0336,R13002,1,97.25102462076023,27.8,97.25102462076023,29679.283807151656,0,0,,,12.03,3.3266666666666666,8,8,002,진부,8,76,진부(국립식량과학원),오대벼
48,00122023002582,001,2023,0336,R13003,1,95.38772932018553,27.8,95.38772932018553,31526.70440398043,0,0,,,13.790000000000001,4.640000000000001,8,8,002,진부,8,76,진부(국립식량과학원),진부올벼
49,00122023002526,001,2023,0338,R22009,1,93.5,23.8,93.5,33156.97,0,0,,,8.950000000000001, ,8,8,002,영덕,8,76,영덕(국립식량과학원),화영벼
50,00122023002527,001,2023,0338,R22083,1,95.7,23.8,95.7,34072.882536000004,0,0,,,9.027777777777776, ,8,8,002,영덕,8,76,영덕(국립식량과학원),삼덕
51,00122023002525,001,2023,0338,R23004,1,91.9,23.8,91.9,29258.441940000004,0,0,,,8.454444444444446, ,8,8,002,영덕,8,76,영덕(국립식량과학원),화성벼
52,00122023002543,001,2023,2325,R32001,1,97,23.8,97,39898,0,0,,,23.7,2.7,8,8,002,청원,8,76,청원(충청북도 농업기술원),일품벼
53,00122023002573,001,2023,0351,R32001,1,85,23.8,85,28429.95,0,0,,,16.47,3.26,8,8,002,안동,8,76,안동(경상북도 농업기술원),일품벼
54,00122023002530,001,2023,0332,R32003,1,92.9,23.8,92.9,27558,0,0,,,30.1,4.7,8,8,002,화성,8,76,화성(경기도 경기도농업기술원),대안벼
55,00122023002535,001,2023,0333,R32003,1,96.4,22.5,96.4,22422,0,0,,,18.9,8,8,8,002,춘천,8,76,춘천(강원특별자치도 농업기술원),대안벼
56,00122023002542,001,2023,2325,R32003,1,94.6,23.8,94.6,32572,0,0,,,18.3,3.5,8,8,002,청원,8,76,청원(충청북도 농업기술원),대안벼
57,00122023002515,001,2023,0343,R32011,1,93.1,23.8,93.1,36037,0,0,,,19.4,3.2,8,8,002,계화,8,76,계화(국립식량과학원),남평벼
58,00122023002528,001,2023,0338,R32011,1,95.3,23.8,95.3,28514.602452,0,0,,,7.63, ,8,8,002,영덕,8,76,영덕(국립식량과학원),남평벼
59,00122023002556,001,2023,0326,R32011,1,87.2,23.8,87.2,29971,0,0,,,13.5,2.7,8,8,002,익산,8,76,익산(전북특별자치도 농업기술원),남평벼
60,00122023002513,001,2023,0343,R32016,1,89.5,23.8,89.5,32515,0,0,,,19.7,3.4,8,8,002,계화,8,76,계화(국립식량과학원),신동진
61,00122023002555,001,2023,0326,R32016,1,90.4,23.8,90.4,29700,0,0,,,15.8,2.4,8,8,002,익산,8,76,익산(전북특별자치도 농업기술원),신동진
62,00122023002516,001,2023,0343,R32068,1,93.1,23.8,93.1,36817,0,0,,,18.6,2.7,8,8,002,계화,8,76,계화(국립식량과학원),동진1호
63,00122023002531,001,2023,0332,R32082,1,94.4,23.8,94.4,38459,0,0,,,25.8,3.9,8,8,002,화성,8,76,화성(경기도 경기도농업기술원),삼광
64,00122023002536,001,2023,0333,R32082,1,95,21.9,95,25678,0,0,,,17,6.8,8,8,002,춘천,8,76,춘천(강원특별자치도 농업기술원),삼광
65,00122023002544,001,2023,2325,R32082,1,97.4,23.8,97.4,40264,0,0,,,18.6,4.9,8,8,002,청원,8,76,청원(충청북도 농업기술원),삼광
66,00122023002549,001,2023,0350,R32082,1,96.4,23.8,96.4,34068,0,0,,,18.3,5.4,8,8,002,예산,8,76,예산(충청남도 농업기술원),삼광
67,00122023002572,001,2023,0351,R32082,1,87.45,23.8,87.45,33273.85,0,0,,,17.4,9.7,8,8,002,안동,8,76,안동(경상북도 농업기술원),삼광
68,00122023002553,001,2023,0350,R32084,1,97,23.8,97,30013,0,0,,,20.4,6,8,8,002,예산,8,76,예산(충청남도 농업기술원),새누리
69,00122023002558,001,2023,0326,R32084,1,88.6,23.8,88.6,29549,0,0,,,14.9,2.2,8,8,002,익산,8,76,익산(전북특별자치도 농업기술원),새누리
70,00122023002552,001,2023,0350,R32093,1,97.5,23.8,97.5,27942,0,0,,,18.3,3.9,8,8,002,예산,8,76,예산(충청남도 농업기술원),새일미
71,00122023002574,001,2023,0351,R32093,1,85.95,23.8,85.95,31079.5,0,0,,,15.3,7.4,8,8,002,안동,8,76,안동(경상북도 농업기술원),새일미
72,00122023002532,001,2023,0332,R33009,1,96.3,23.8,96.3,28286,0,0,,,26.5,3.7,8,8,002,화성,8,76,화성(경기도 경기도농업기술원),추청
73,00122023002541,001,2023,2325,R33009,1,96.9,23.8,96.9,34905,0,0,,,16.9,3.1,8,8,002,청원,8,76,청원(충청북도 농업기술원),추청
74,00122023002583,001,2023,0336,R46057,1,94.30259506073302,27.8,94.30259506073302,33909.09661448379,0,0,,,15.883333333333332,5.346666666666667,8,8,002,진부,8,76,진부(국립식량과학원),한설
75,00122023002550,001,2023,0350,R46058,1,96.7,23.8,96.7,33793,0,0,,,19.8,5.1,8,8,002,예산,8,76,예산(충청남도 농업기술원),예찬
76,00122023002554,001,2023,0326,R46058,1,87.6,23.8,87.6,30232,0,0,,,14.3,2.4,8,8,002,익산,8,76,익산(전북특별자치도 농업기술원),예찬
1,00122024002694,001,2024,0352,R32006,1,95.7,23.8,95.7,27232, , ,,,16.5,1.4,8,8,002,나주,3,76,나주(전라남도 농업기술원),일미벼
2,00122024002695,001,2024,0352,R32016,1,92.2,23.8,92.2,24548, , ,,,15.6,1.2,8,8,002,나주,3,76,나주(전라남도 농업기술원),신동진
3,00122024002697,001,2024,0352,R32081,1,93.1,23.8,93.1,24015, , ,,,15.2,1.8,8,8,002,나주,3,76,나주(전라남도 농업기술원),미품
4,00122024002698,001,2024,0352,R32092,1,92,23.8,92,25400, , ,,,15.5,1.4,8,8,002,나주,3,76,나주(전라남도 농업기술원),현품
5,00122024002699,001,2024,0352,R32093,1,94.8,23.8,94.8,26937, , ,,,13.8,1.4,8,8,002,나주,3,76,나주(전라남도 농업기술원),새일미
6,00122024002696,001,2024,0352,R46054,1,93.4,23.8,93.4,26998, , ,,,16.7,1.7,8,8,002,나주,3,76,나주(전라남도 농업기술원),새청무
7,00122024002700,001,2024,0340,R22009,1,95.7,23.8,95.7,25685, , ,,,16.4,0.9,8,8,002,대구,4,76,대구(경상북도 농업기술원),화영벼
8,00122024002702,001,2024,0340,R22083,1,96.5,23.8,96.5,32007, , ,,,15.7,1.4,8,8,002,대구,4,76,대구(경상북도 농업기술원),삼덕
9,00122024002701,001,2024,0340,R32001,1,96,23.8,96,30380, , ,,,14.9,0.9,8,8,002,대구,4,76,대구(경상북도 농업기술원),일품벼
10,00122024002703,001,2024,0340,R32082,1,96.7,23.8,96.7,30149, , ,,,20,1.2,8,8,002,대구,4,76,대구(경상북도 농업기술원),삼광
11,00122024002704,001,2024,0340,R32093,1,97.2,23.8,97.2,31557, , ,,,16.4,0.9,8,8,002,대구,4,76,대구(경상북도 농업기술원),새일미
12,00122024002712,001,2024,0335,R32008,1,94.77619636517045,23.8,94.77619636517045,28883.89882805298, , ,,,20.7,1.1566666666666665,8,8,002,진주,6,76,진주(경상남도 농업기술원),동안벼
13,00122024002713,001,2024,0335,R32068,1,96.1466352130031,23.8,96.1466352130031,31654.677199961054, , ,,,17.266666666666666,1.71,8,8,002,진주,6,76,진주(경상남도 농업기술원),동진1호
14,00122024002711,001,2024,0335,R32093,1,96.89716453936273,23.8,96.89716453936273,32393.755675264056, , ,,,19.5,0.9633333333333334,8,8,002,진주,6,76,진주(경상남도 농업기술원),새일미
15,00122024002710,001,2024,0335,R46055,1,95.92232152572836,23.8,95.92232152572836,35197.77603871772, , ,,,19.2,0.8266666666666667,8,8,002,진주,6,76,진주(경상남도 농업기술원),해품
16,00122024002714,001,2024,0335,R46056,1,95.78355912482505,23.8,95.78355912482505,24866.41236268647, , ,,,20.400000000000002,1.8266666666666669,8,8,002,진주,6,76,진주(경상남도 농업기술원),영호진미
17,00122024002649,001,2024,0343,R10123,1,86,23.8,86,29807.753080000002, , ,,,19.796666666666667,3.5966666666666667,8,8,002,계화,8,76,계화(국립식량과학원),참동진
18,00122024002692,001,2024,0326,R10123,1,90,23.8,90,29645, , ,,,16.8,2.9,8,8,002,익산,8,76,익산(전북특별자치도 농업기술원),참동진
19,00122024002644,001,2024,0331,R12004,1,97.1,27.8,97.1,36939.9472, , ,,,17.5,4.5,8,8,002,철원,8,76,철원(국립식량과학원),진부벼
20,00122024002653,001,2024,0330,R12004,1,96.3,27.8,96.3,27732, , ,,,14.8,0.9,8,8,002,운봉,8,76,운봉(국립식량과학원),진부벼
21,00122024002716,001,2024,0336,R12004,1,94.85756386937175,27.8,94.85756386937175,33094.855458385115, , ,,,14.36,3.6199999999999997,8,8,002,진부,8,76,진부(국립식량과학원),진부벼
22,00122024002657,001,2024,0329,R12005,1,98.1612208458851,27.8,98.1612208458851,39121.25148489573, , ,,,13.336520076481838,2.5606118546845122,8,8,002,상주,8,76,상주(국립식량과학원),상주벼
23,00122024002682,001,2024,0337,R12005,1,89.5,27.8,89.5,36563, , ,,,17.5,1.8,8,8,002,제천,8,76,제천(충청북도 농업기술원),상주벼
24,00122024002681,001,2024,0337,R12016,1,92.4,27.8,92.4,31616, , ,,,16.8,2.6,8,8,002,제천,8,76,제천(충청북도 농업기술원),상미
25,00122024002654,001,2024,0330,R12019,1,94.1,27.8,94.1,30906, , ,,,16.6,0.7,8,8,002,운봉,8,76,운봉(국립식량과학원),삼천벼
26,00122024002645,001,2024,0331,R12072,1,92.6,27.8,92.6,40351.74639999999, , ,,,22.9,4.2,8,8,002,철원,8,76,철원(국립식량과학원),태봉
27,00122024002646,001,2024,0331,R12079,1,93.3,27.8,93.3,43187.7303, , ,,,16,4,8,8,002,철원,8,76,철원(국립식량과학원),운광
28,00122024002655,001,2024,0330,R12079,1,95,27.8,95,35335, , ,,,16.7,0.6,8,8,002,운봉,8,76,운봉(국립식량과학원),운광
29,00122024002658,001,2024,0329,R12079,1,98.7832305826231,27.8,98.7832305826231,35774.95546019736, , ,,,15.401241534988714,1.680135440180587,8,8,002,상주,8,76,상주(국립식량과학원),운광
30,00122024002669,001,2024,0333,R12079,1,96.3,21.5,96.3,25493, , ,,,15.2,2.4,8,8,002,춘천,8,76,춘천(강원특별자치도 농업기술원),운광
31,00122024002674,001,2024,0344,R12079,1,94.9,25.4,94.9,33421, , ,,,16.2,0.6,8,8,002,강릉,8,76,강릉(강원특별자치도 농업기술원),운광
32,00122024002683,001,2024,0337,R12079,1,91.4,27.8,91.4,37330, , ,,,18.4,1.7,8,8,002,제천,8,76,제천(충청북도 농업기술원),운광
33,00122024002706,001,2024,0351,R12079,1,95.2,23.8,95.2,30376, , ,,,15,3,8,8,002,안동,8,76,안동(경상북도 농업기술원),운광
34,00122024002647,001,2024,0331,R12080,1,92.3,27.8,92.3,31298.117759999997, , ,,,17.1,3.7,8,8,002,철원,8,76,철원(국립식량과학원),조운
35,00122024002659,001,2024,0329,R12085,1,98.52792857032978,27.8,98.52792857032978,37092.29889420206, , ,,,14.541244909831299,3.726817917393834,8,8,002,상주,8,76,상주(국립식량과학원),설레미
36,00122024002675,001,2024,0344,R12086,1,96.9,24.5,96.9,26998, , ,,,17.3,1.7,8,8,002,강릉,8,76,강릉(강원특별자치도 농업기술원),오대1호
37,00122024002718,001,2024,0336,R12092,1,91.8934690213468,27.8,91.8934690213468,35307.94171127957, , ,,,15.433333333333335,3.3000000000000003,8,8,002,진부,8,76,진부(국립식량과학원),한설
38,00122024002673,001,2024,0344,R12093,1,95.5,25.3,95.5,29849, , ,,,16.2,1,8,8,002,강릉,8,76,강릉(강원특별자치도 농업기술원),오륜
39,00122024002686,001,2024,0350,R12122,1,95.57499999999999,23.8,95.57499999999999,24150.846749999997, , ,,,22.3,4.5,8,8,002,예산,8,76,예산(충청남도 농업기술원),친들
40,00122024002705,001,2024,0351,R12123,1,94.7,23.8,94.7,29177, , ,,,14,2.6,8,8,002,안동,8,76,안동(경상북도 농업기술원),해담쌀
41,00122024002643,001,2024,0331,R13002,1,93.3,27.8,93.3,34203.78, , ,,,15.6,4.6,8,8,002,철원,8,76,철원(국립식량과학원),오대벼
42,00122024002652,001,2024,0330,R13002,1,97.2,27.8,97.2,24353, , ,,,14.1,0.5,8,8,002,운봉,8,76,운봉(국립식량과학원),오대벼
43,00122024002656,001,2024,0329,R13002,1,97.47670957676029,27.8,97.47670957676029,39379.57691123157, , ,,,14.51047120418848,2.4986910994764404,8,8,002,상주,8,76,상주(국립식량과학원),오대벼
44,00122024002664,001,2024,0332,R13002,1,87.2,23.8,87.2,28482, , ,,,22.4,3.8,8,8,002,화성,8,76,화성(경기도 경기도농업기술원),오대벼
45,00122024002668,001,2024,0333,R13002,1,94,21.6,94,24151, , ,,,17.7,2.3,8,8,002,춘천,8,76,춘천(강원특별자치도 농업기술원),오대벼
46,00122024002672,001,2024,0344,R13002,1,96.8,25.3,96.8,23459, , ,,,13.4,1,8,8,002,강릉,8,76,강릉(강원특별자치도 농업기술원),오대벼
47,00122024002680,001,2024,0337,R13002,1,91.9,27.8,91.9,26192, , ,,,17.9,1.4,8,8,002,제천,8,76,제천(충청북도 농업기술원),오대벼
48,00122024002715,001,2024,0336,R13002,1,95.73091411385379,27.8,95.73091411385379,34126.98593122891, , ,,,14.086666666666668,2.5966666666666662,8,8,002,진부,8,76,진부(국립식량과학원),오대벼
49,00122024002717,001,2024,0336,R13003,1,88.0277913835959,27.8,88.0277913835959,28479.6509080662, , ,,,12.796666666666667,1.4166666666666667,8,8,002,진부,8,76,진부(국립식량과학원),진부올벼
50,00122024002661,001,2024,0338,R22009,1,96,23.8,96,24207.456000000002, , ,,,7.923333333333333, ,8,8,002,영덕,8,76,영덕(국립식량과학원),화영벼
51,00122024002662,001,2024,0338,R22083,1,95.4,23.8,95.4,26510.59152, , ,,,7.348888888888889, ,8,8,002,영덕,8,76,영덕(국립식량과학원),삼덕
52,00122024002660,001,2024,0338,R23004,1,96.2,23.8,96.2,26199.892992, , ,,,7.81, ,8,8,002,영덕,8,76,영덕(국립식량과학원),화성벼
53,00122024002678,001,2024,2325,R32001,1,93.1,23.8,93.1,35183, , ,,,17.7,2.7,8,8,002,청원,8,76,청원(충청북도 농업기술원),일품벼
54,00122024002708,001,2024,0351,R32001,1,90,23.8,90,31232, , ,,,16.7,7.9,8,8,002,안동,8,76,안동(경상북도 농업기술원),일품벼
55,00122024002665,001,2024,0332,R32003,1,80.7,23.8,80.7,30613, , ,,,37.6,12.2,8,8,002,화성,8,76,화성(경기도 경기도농업기술원),대안벼
56,00122024002670,001,2024,0333,R32003,1,95.2,21.6,95.2,22181, , ,,,17.7,3,8,8,002,춘천,8,76,춘천(강원특별자치도 농업기술원),대안벼
57,00122024002677,001,2024,2325,R32003,1,93.3,23.8,93.3,33357, , ,,,21.9,2.9,8,8,002,청원,8,76,청원(충청북도 농업기술원),대안벼
58,00122024002650,001,2024,0343,R32011,1,86,23.8,86,39643.03644, , ,,,16.763333333333335,2,8,8,002,계화,8,76,계화(국립식량과학원),남평벼
59,00122024002663,001,2024,0338,R32011,1,92,23.8,92,35945.34944, , ,,,9.783333333333333, ,8,8,002,영덕,8,76,영덕(국립식량과학원),남평벼
60,00122024002691,001,2024,0326,R32011,1,93.1,23.8,93.1,34865, , ,,,14.3,2,8,8,002,익산,8,76,익산(전북특별자치도 농업기술원),남평벼
61,00122024002648,001,2024,0343,R32016,1,82.1,23.8,82.1,23936.255, , ,,,20.53,2.5,8,8,002,계화,8,76,계화(국립식량과학원),신동진
62,00122024002690,001,2024,0326,R32016,1,91.8,23.8,91.8,28549, , ,,,16.1,2.2,8,8,002,익산,8,76,익산(전북특별자치도 농업기술원),신동진
63,00122024002651,001,2024,0343,R32068,1,86.6,23.8,86.6,33338.99954, , ,,,21.18,2.7266666666666666,8,8,002,계화,8,76,계화(국립식량과학원),동진1호
64,00122024002666,001,2024,0332,R32082,1,91,23.8,91,35519, , ,,,42.1,10.4,8,8,002,화성,8,76,화성(경기도 경기도농업기술원),삼광
65,00122024002671,001,2024,0333,R32082,1,94.2,21.6,94.2,28621, , ,,,22.7,5,8,8,002,춘천,8,76,춘천(강원특별자치도 농업기술원),삼광
66,00122024002679,001,2024,2325,R32082,1,96.3,23.8,96.3,33772, , ,,,18.6,2.6,8,8,002,청원,8,76,청원(충청북도 농업기술원),삼광
67,00122024002684,001,2024,0350,R32082,1,96.27499999999999,23.8,96.27499999999999,25835.396249999998, , ,,,19.2,5.5,8,8,002,예산,8,76,예산(충청남도 농업기술원),삼광
68,00122024002707,001,2024,0351,R32082,1,90.9,23.8,90.9,32561, , ,,,16,6.9,8,8,002,안동,8,76,안동(경상북도 농업기술원),삼광
69,00122024002688,001,2024,0350,R32084,1,96.05000000000001,23.8,96.05000000000001,24705.981000000003, , ,,,25.8,6.3999999999999995,8,8,002,예산,8,76,예산(충청남도 농업기술원),새누리
70,00122024002693,001,2024,0326,R32084,1,93,23.8,93,35892, , ,,,15.9,2.2,8,8,002,익산,8,76,익산(전북특별자치도 농업기술원),새누리
71,00122024002687,001,2024,0350,R32093,1,97.4,23.8,97.4,23365.286000000004, , ,,,16.5,3.1,8,8,002,예산,8,76,예산(충청남도 농업기술원),새일미
72,00122024002709,001,2024,0351,R32093,1,93.1,23.8,93.1,28282, , ,,,16.5,6.2,8,8,002,안동,8,76,안동(경상북도 농업기술원),새일미
73,00122024002667,001,2024,0332,R33009,1,92.9,23.8,92.9,38251, , ,,,31.7,10.3,8,8,002,화성,8,76,화성(경기도 경기도농업기술원),추청
74,00122024002676,001,2024,2325,R33009,1,93.5,23.8,93.5,42090, , ,,,17.7,2.7,8,8,002,청원,8,76,청원(충청북도 농업기술원),추청
75,00122024002685,001,2024,0350,R46058,1,94.2,23.8,94.2,23761.95, , ,,,19.1,4.8,8,8,002,예산,8,76,예산(충청남도 농업기술원),예찬
76,00122024002689,001,2024,0326,R46058,1,90.9,23.8,90.9,32356, , ,,,14.3,2.2,8,8,002,익산,8,76,익산(전북특별자치도 농업기술원),예찬
